"FilingID","Fund Name","Fund ID","Adviser Name","Adviser SEC Number","Clients Solicited?"
1999550,"SAMARA CAPITAL PARTNERS FUND I LIMITED",805-4328728024,"SAMARA CAPITAL MANAGEMENT LIMITED","802-74960","N"
1999550,"SAMARA CAPITAL PARTNERS FUND II LIMITED",805-7561444888,"SAMARA CAPITAL MANAGEMENT LIMITED","802-74960","N"
1995030,"CIBUS CLARA FUND L.P.",805-8739207663,"CIBUS INVESTMENTS LIMITED","802-111706","N"
1995030,"CIBUS FUND L.P.",805-7184048634,"CIBUS INVESTMENTS LIMITED","802-111706","N"
1995030,"CIBUS ELEANOR FUND L.P.",805-4185247619,"CIBUS INVESTMENTS LIMITED","802-111706","N"
1995030,"CIBUS CO-INVEST I L.P.",805-6205319764,"CIBUS INVESTMENTS LIMITED","802-111706","N"
1995030,"CIBUS CO-INVEST II L.P.",805-8152604171,"CIBUS INVESTMENTS LIMITED","802-111706","N"
1995030,"CIBUS CO-INVEST III L.P.",805-9977563539,"CIBUS INVESTMENTS LIMITED","802-111706","N"
1995030,"CIBUS ENTERPRISE FUND L.P.",805-5533278285,"CIBUS INVESTMENTS LIMITED","802-111706","N"
1995030,"CIBUS CO-INVEST IV L.P.",805-1287819373,"CIBUS INVESTMENTS LIMITED","802-111706","N"
1995030,"CIBUS ENTERPRISE FUND II L.P",805-3823959412,"CIBUS INVESTMENTS II LIMITED","802-122876","N"
1995030,"CIBUS FUND II L.P.",805-4035268661,"CIBUS INVESTMENTS II LIMITED","802-122876","N"
1995030,"CIBUS ANNA FUND II L.P",805-3211921170,"CIBUS INVESTMENTS II LIMITED","802-122876","N"
1995030,"CIBUS CO-INVEST V L.P.",805-3722010408,"CIBUS INVESTMENTS II LIMITED","802-122876","N"
1995030,"CIBUS S EURO FUND II L.P.",805-4844555900,"CIBUS INVESTMENTS II LIMITED","802-122876","N"
1995030,"CIBUS CO-INVEST PRUNUS L.P.",805-8178257177,"CIBUS INVESTMENTS II LIMITED","802-122876","N"
1996833,"K INDIA OPPORTUNITIES FUND LIMITED CLASS P (RANGOLI INDIA FUND)",805-3481268159,"KOTAK MAHINDRA (INTERNATIONAL) LIMITED","802-76440","N"
1997493,"PRELUDE OPPORTUNITY FUND, LP",805-1637413029,"PRELUDE CAPITAL MANAGEMENT, LLC","801-73598","N"
1996848,"BEMAP MASTER FUND LTD. PFID",805-1733608039,"BLACKSTONE ALTERNATIVE ASSET MANAGEMENT L.P.","801-52559","N"
1996848,"BLACKSTONE CSP-MST FMAP FUND PFID",805-2229939392,"BLACKSTONE ALTERNATIVE ASSET MANAGEMENT L.P.","801-52559","N"
1987940,"GAJA CAPITAL FUND 2021 LIMITED",805-8889544391,"GAJA CAPITAL","802-122413","N"
1998086,"SCHONFELD EXT MASTER FUND LP",805-9523817841,"SCHONFELD STRATEGIC ADVISORS LLC","801-106963","N"
1998086,"MAP 850 SP, A SEGREGATED PORTFOLIO OF MAP INSTITUTIONAL SPC",805-7290085650,"LIGHTHOUSE INVESTMENT PARTNERS, LLC","801-64978","N"
1998086,"PRELUDE STRUCTURED ALTERNATIVES MASTER FUND, LP",805-2495224621,"PRELUDE CAPITAL MANAGEMENT, LLC","801-73598","N"
1998086,"1798 CENTER MASTER FUND LTD",805-9046527215,"LOMBARD ODIER ASSET MANAGEMENT (USA) CORP","801-72554","N"
1963424,"A3 VENTURES FUND 1 L.P.",805-3596745114,"LUMENS CAPITAL PARTNERS","802-131389","N"
1995009,"FORTRESS MULTI-MANAGER MASTER FUND, L.P.",805-6845222316,"FORTRESS INVESTMENT GROUP","801-62982","N"
1995009,"MOLECULE MASTER FUND, LP",805-9090725513,"PAAMCO PRISMA, LLC","801-57416","N"
1999541,"A_AVAN01",805-2676656220,"AVANATH CAPITAL MANAGEMENT, LLC","801-80398","N"
1999541,"A_AVAN02",805-5811120773,"AVANATH CAPITAL MANAGEMENT, LLC","801-80398","N"
1999541,"A_CLIP01",805-2451132492,"CLIPWAY LIMITED","802-128806","N"
1999541,"A_CLIP02",805-2218841591,"CLIPWAY LIMITED","802-128806","N"
1999541,"A_CLOUD01",805-2997733973,"CLOUD CAPITAL ADVISORS LLC","801-123380","N"
1999541,"A_DNCAP01",805-7414689691,"DN CAPITAL (US), INC","802-75563","N"
1999541,"A_LAZ01",805-9783008622,"LAZARD ASSET MANAGEMENT LLC","801-61701","N"
1999541,"A_NEWM01",805-9619128908,"NEW MOUNTAIN CAPITAL, LLC","801-74051","N"
1999541,"A_NEWM02",805-4454636636,"NEW MOUNTAIN CAPITAL, LLC","801-74051","N"
1999541,"A_ONEP01",805-4812307140,"ONE PEAK","802-124817","N"
1999541,"A_ONEP02",805-9141584383,"ONE PEAK","802-124817","N"
1999541,"A_ROCKW01",805-2313408823,"ROCKWOOD CAPITAL, LLC","801-73731","N"
1999541,"A_TEMP01",805-3887902144,"TEMPO CAPITAL PARTNERS LLP","802-76305","N"
1999541,"A_TTCP01",805-5258664270,"TOP TIER CAPITAL PARTNERS, LLC","801-68178","N"
2000161,"VALUEQUEST INDIA MOAT FUND LIMITED",805-2707675212,"VALUEQUEST CAPITAL MANAGEMENT LIMITED","802-108185","N"
1985053,"ALIGN PARTNERS KOREA (NON-US) FEEDER FUND LP",805-4132791868,"GORDIAN CAPITAL SINGAPORE PRIVATE LIMITED","801-114176","N"
1985053,"ALIGN PARTNERS KOREA (US) FEEDER FUND LP",805-6169786705,"GORDIAN CAPITAL SINGAPORE PRIVATE LIMITED","801-114176","N"
1995319,"CHARLES-LIM ASIAGLOBAL LIMITED",805-7350605969,"CHARLES-LIM CAPITAL LIMITED","802-80246","N"
1999274,"DOCKSIDE FUND I LP",805-2853280229,"WALLEYE CAPITAL LLC","801-113731","N"
1995015,"TMA / PATHWAY INVESTMENT COMPANY ONE",805-4205486355,"PATHWAY CAPITAL MANAGEMENT, LP","801-54251","N"
1995015,"TMA/PATHWAY PRIVATE EQUITY FUND II, L.P.",805-9929601941,"PATHWAY CAPITAL MANAGEMENT, LP","801-54251","N"
1995015,"TMA / PATHWAY PRIVATE EQUITY FUND III, LP",805-4649111226,"PATHWAY CAPITAL MANAGEMENT, LP","801-54251","N"
1995015,"TMA/PATHWAY PRIVATE EQUITY FUND IV, LP",805-5750077620,"PATHWAY CAPITAL MANAGEMENT, LP","801-54251","N"
1995015,"TMAM/PATHWAY MARKET OPPORTUNITIES FUND, LP",805-4322596602,"PATHWAY CAPITAL MANAGEMENT, LP","801-54251","Y"
1995015,"TMAM/PATHWAY PRIVATE EQUITY FUND V, LP",805-3581839773,"PATHWAY CAPITAL MANAGEMENT, LP","801-54251","N"
1995015,"TMAM/PATHWAY PRIVATE EQUITY FUND VI, LP",805-2334160875,"PATHWAY CAPITAL MANAGEMENT, LP","801-54251","N"
1995015,"TMAM/PATHWAY PRIVATE EQUITY FUND VII, LP",805-9526457896,"PATHWAY CAPITAL MANAGEMENT, LP","801-54251","N"
1997449,"PRELUDE STRUCTURED ALTERNATIVES MASTER FUND, LP",805-2495224621,"PRELUDE CAPITAL MANAGEMENT, LLC","801-73598","N"
1983591,"BREGAL UNTERNEHMERKAPITAL IV (LP) FEEDER LP",805-1317202026,"BU BREGAL UNTERNEHMERKAPITAL AG","802-133819","N"
1987161,"ABS DIRECT EQUITY FUND LLC - INDIA SERIES 2",805-2263706986,"ABS GLOBAL INVESTMENTS","801-62188","N"
1996514,"DOCKSIDE FUND I LP",805-2853280229,"WALLEYE CAPITAL LLC","801-113731","N"
2000435,"BWE II EAST TOWN CO-INVEST, L.P.",805-2517213230,"BLUE WATER ENERGY LLP","802-112468","N"
1999557,"CX PARTNERS FUND 2 LIMITED",805-8783039197,"CX INVESTMENT MANAGEMENT LIMITED","802-113751","Y"
2000435,"BLUE WATER ENERGY FUND II, L.P.",805-7757030725,"BLUE WATER ENERGY LLP","802-112468","N"
2000443,"BLUE WATER ENERGY FUND I, L.P.",805-3992278662,"BLUE WATER ENERGY LLP","802-112468","N"
2000443,"BLUE WATER ENERGY FUND I-A, L.P.",805-2343681095,"BLUE WATER ENERGY LLP","802-112468","N"
2000443,"BWE I EAST TOWN CO-INVEST FUND, L.P.",805-9640417341,"BLUE WATER ENERGY LLP","802-112468","N"
1995859,"CBRE GLOBAL INVESTMENT PARTNERS ASIA FUND III",805-9231078973,"CBRE INVESTMENT MANAGEMENT INDIRECT LIMITED","801-80391","N"
1991744,"MCP OPPORTUNITY SECONDARY PROGRAM VI (USD) SCSP",805-1636792550,"PGIM LUXEMBOURG S.A.","801-107043","N"
1991744,"MCP OPPORTUNITY SECONDARY PROGRAM VI SCSP",805-7963780838,"PGIM LUXEMBOURG S.A.","801-107043","N"
1999547,"EAGLE HARBOR MULTI-STRATEGY MASTER FUND LIMITED",805-5201965961,"LIGHTHOUSE INVESTMENT PARTNERS, LLC","801-64978","N"
1999547,"RIVERVIEW STRATEGIC ALPHA LP",805-1651278449,"MORGAN STANLEY AIP GP LP","801-60699","N"
1999547,"RIVERVIEW STRATEGIC OPPORTUNITIES FUND IV LP",805-7062795912,"MORGAN STANLEY AIP GP LP","801-60699","N"
1998320,"3 J MOORE LLC",805-6265248990,"JJJ CAPITAL MANAGEMENT LLP","802-129273","N"
1998320,"JJJ MASTER FUND LTD",805-9499903100,"JJJ CAPITAL MANAGEMENT LLP","802-129273","N"
1999925,"PALOMA INTERNATIONAL L.P.",805-5315493818,"PALOMA PARTNERS MANAGEMENT COMPANY","801-72796","N"
1999925,"SONA CREDIT MASTER FUND LIMITED",805-6673954331,"SONA ASSET MANAGEMENT (US) LLC","801-112410","N"
1999925,"SONA CREDIT OPPORTUNITIES MASTER FUND LIMITED",805-8404534509,"SONA ASSET MANAGEMENT (US) LLC","801-112410","N"
2000602,"BLUE LOTUS INVESTMENT FUND",805-7359127099,"AM ADVISORS","802-107933","N"
2000619,"RADAR PRIVATE FUND I LP",805-9562939578,"RADAR PRIVATE LLC","802-127633","N"
2000216,"MAP 287, A SEGREGATED PORTFOLIO OF LMA SPC",805-6814105614,"LIGHTHOUSE INVESTMENT PARTNERS, LLC","801-64978","N"
1998306,"CROWN ASIA-PACIFIC PRIVATE EQUITY II PLC",805-4058050815,"LGT CAPITAL PARTNERS (IRELAND) LIMITED","802-75610","N"
1998306,"CROWN EUROPE MIDDLE MARKET II PLC",805-6129566996,"LGT CAPITAL PARTNERS (IRELAND) LIMITED","802-75610","N"
1998306,"CROWN EUROPE SMALL BUYOUTS III PLC",805-3425095457,"LGT CAPITAL PARTNERS (IRELAND) LIMITED","802-75610","N"
1998306,"CROWN EUROPEAN BUYOUT OPPORTUNITIES II PLC",805-9191919392,"LGT CAPITAL PARTNERS (IRELAND) LIMITED","802-75610","N"
1998306,"CROWN GLOBAL SECONDARIES II PLC",805-6667894991,"LGT CAPITAL PARTNERS (IRELAND) LIMITED","802-75610","N"
1998306,"CROWN PRIVATE EQUITY PLC",805-6223765525,"LGT CAPITAL PARTNERS (IRELAND) LIMITED","802-75610","N"
1998306,"CROWN CO-INVESTMENT OPPORTUNITIES PLC",805-4428019798,"LGT CAPITAL PARTNERS (IRELAND) LIMITED","802-75610","N"
1998306,"CROWN GLOBAL OPPORTUNITIES VI PLC",805-1334698508,"LGT CAPITAL PARTNERS (IRELAND) LIMITED","802-75610","N"
1998306,"CROWN ASIA-PACIFIC PRIVATE EQUITY III PLC",805-3911562086,"LGT CAPITAL PARTNERS (IRELAND) LIMITED","802-75610","N"
1998306,"CROWN GLOBAL SECONDARES IV PLC",805-3748713054,"LGT CAPITAL PARTNERS (IRELAND) LIMITED","802-75610","N"
1998306,"CROWN EUROPE SMALL BUYOUTS IV PLC",805-9558808827,"LGT CAPITAL PARTNERS (IRELAND) LIMITED","802-75610","N"
1998306,"CROWN SECONDARIES SPECIAL OPPORTUNITIES PLC",805-3719262638,"LGT CAPITAL PARTNERS (IRELAND) LIMITED","802-75610","N"
1998306,"CROWN CO-INVESTMENT OPPORTUNITIES II PLC.",805-9919749120,"LGT CAPITAL PARTNERS (IRELAND) LIMITED","802-75610","N"
1998306,"CROWN GROWTH OPPORTUNITIES EUROPE III S.C.S. RAIF",805-6566474807,"LGT CAPITAL PARTNERS (IRELAND) LIMITED","802-75610","Y"
1998306,"CROWN ASIA-PACIFIC PRIVATE EQUITY IV PLC",805-5690573274,"LGT CAPITAL PARTNERS (IRELAND) LIMITED","802-75610","N"
1998306,"CROWN GLOBAL OPPORTUNITIES VII SCS",805-5559411680,"LGT CAPITAL PARTNERS (IRELAND) LIMITED","802-75610","Y"
1998306,"CROWN A GENERIX PLC ON BEHALF OF CROWN DYNAMIC PROTECTION SUB-FUND",805-8768914228,"LGT CAPITAL PARTNERS (IRELAND) LIMITED","802-75610","Y"
1998306,"CROWN EUROPE SMALL BUYOUTS V PLC",805-1810920388,"LGT CAPITAL PARTNERS (IRELAND) LIMITED","802-75610","Y"
1998306,"CROWN EUROPE SMALL BUYOUTS V S.C.S.",805-1995660899,"LGT CAPITAL PARTNERS (IRELAND) LIMITED","802-75610","Y"
1998306,"CROWN SECONDARIES SPECIAL OPPORTUNITIES II S.C.S.",805-9319881796,"LGT CAPITAL PARTNERS (IRELAND) LIMITED","802-75610","N"
1998306,"CROWN GLOBAL SECONDARIES V MASTER S.C.SP",805-4345033780,"LGT CAPITAL PARTNERS (IRELAND) LIMITED","802-75610","Y"
1998306,"CROWN GLOBAL SECONDARIES III PLC",805-2702468607,"LGT CAPITAL PARTNERS (IRELAND) LIMITED","802-75610","N"
1998306,"CROWN CO-INVESTMENT OPPORTUNITIES III FEEDER S.C.SP",805-4399385256,"LGT CAPITAL PARTNERS (IRELAND) LIMITED","802-75610","Y"
1998306,"CROWN CO-INVESTMENT OPPORTUNITIES III MASTER S.C.SP",805-9498681652,"LGT CAPITAL PARTNERS (IRELAND) LIMITED","802-75610","Y"
1998306,"CROWN GLOBAL SECONDARIES V FEEDER PLC",805-2997449181,"LGT CAPITAL PARTNERS (IRELAND) LIMITED","802-75610","Y"
1998306,"CROWN GLOBAL SECONDARIES V FEEDER S.C.SP",805-1846062666,"LGT CAPITAL PARTNERS (IRELAND) LIMITED","802-75610","Y"
1998306,"CROWN GROWTH EUROPE EXPANSION S.C.S., SICAV-RAIF",805-3697983440,"LGT CAPITAL PARTNERS (IRELAND) LIMITED","802-75610","Y"
1998306,"CROWN ASIA-PACIFIC PRIVATE EQUITY V FEEDER PLC",805-7440749127,"LGT CAPITAL PARTNERS (IRELAND) LIMITED","802-75610","Y"
1998306,"CROWN ASIA-PACIFIC PRIVATE EQUITY V FEEDER SCSP",805-8802110874,"LGT CAPITAL PARTNERS (IRELAND) LIMITED","802-75610","Y"
1998306,"CROWN ASIA-PACIFIC PRIVATE EQUITY V MASTER SCSP",805-9423957414,"LGT CAPITAL PARTNERS (IRELAND) LIMITED","802-75610","Y"
1998306,"CROWN GROWTH OPPORTUNITIES IV SCSP-RAIF",805-7165765223,"LGT CAPITAL PARTNERS (IRELAND) LIMITED","802-75610","Y"
1998306,"CROWN DISCOVERY OPPORTUNITIES SCSP",805-7471873553,"LGT CAPITAL PARTNERS (IRELAND) LIMITED","802-75610","Y"
1998306,"CROWN SECONDARIES SPECIAL OPPORTUNITIES III MASTER SCSP",805-1190435170,"LGT CAPITAL PARTNERS (IRELAND) LIMITED","802-75610","Y"
1998306,"CROWN SECONDARIES SPECIAL OPPORTUNITIES III FEEDER SCSP",805-1060512095,"LGT CAPITAL PARTNERS (IRELAND) LIMITED","802-75610","Y"
1998306,"CROWN GLOBAL SECONDARIES VI MASTER SCSP",805-5090367356,"LGT CAPITAL PARTNERS (IRELAND) LIMITED","802-75610","Y"
1998306,"CROWN GLOBAL SECONDARIES VI FEEDER SCSP",805-6118338205,"LGT CAPITAL PARTNERS (IRELAND) LIMITED","802-75610","N"
1998306,"CROWN GLOBAL SECONDARIES VI FEEDER S.A., SICAV-RAIF",805-9444792818,"LGT CAPITAL PARTNERS (IRELAND) LIMITED","802-75610","N"
1998306,"CROWN GLOBAL OPPORTUNITIES VIII MASTER SCSP",805-9877025498,"LGT CAPITAL PARTNERS (IRELAND) LIMITED","802-75610","Y"
1998306,"CROWN GLOBAL OPPORTUNITIES VIII FEEDER S.A., SICAV-RAIF",805-9090918626,"LGT CAPITAL PARTNERS (IRELAND) LIMITED","802-75610","N"
1998306,"CROWN EUROPE SMALL BUYOUTS VI MASTER SCSP",805-1012660479,"LGT CAPITAL PARTNERS (IRELAND) LIMITED","802-75610","Y"
1998306,"CROWN EUROPE SMALL BUYOUTS VI FEEDER S.A., SICAV-RAIF",805-3196931507,"LGT CAPITAL PARTNERS (IRELAND) LIMITED","802-75610","N"
1998306,"LGT GLOBAL PRIVATE CREDIT S.A., SICAV-RAIF",805-9635109069,"LGT CAPITAL PARTNERS (IRELAND) LIMITED","802-75610","Y"
1998306,"CROWN EUROPEAN MARKETS V MASTER SCSP",805-2619562916,"LGT CAPITAL PARTNERS (IRELAND) LIMITED","802-75610","Y"
1998306,"CROWN EUROPEAN MARKETS V FEEDER S.A. SICAV-RAIF",805-5234881935,"LGT CAPITAL PARTNERS (IRELAND) LIMITED","802-75610","N"
1998306,"CROWN DIVERSIFIED TREND SUB-FUND, SUB-FUND OF CROWN A GENERIX PLC",805-1697901036,"LGT CAPITAL PARTNERS (IRELAND) LIMITED","802-75610","Y"
1998306,"CROWN DIRECT GROWTH S.C.SP.",805-9917724997,"LGT CAPITAL PARTNERS (IRELAND) LIMITED","802-75610","Y"
1998306,"LGT GLOBAL PRIVATE EQUITY MASTER S.C.SP.",805-8962221238,"LGT CAPITAL PARTNERS (IRELAND) LIMITED","802-75610","Y"
1998306,"CROWN INFRASTRUCTURE II MASTER S.C.SP",805-9445893396,"LGT CAPITAL PARTNERS (IRELAND) LIMITED","802-75610","Y"
1998306,"CROWN IMPACT II MASTER S.C.SP.",805-5526908863,"LGT CAPITAL PARTNERS (IRELAND) LIMITED","802-75610","Y"
1998315,"PRELUDE STRUCTURED ALTERNATIVES MASTER FUND, LP",805-2495224621,"PRELUDE CAPITAL MANAGEMENT, LLC","801-73598","N"
1996244,"CQS ABS MASTER FUND LIMITED",805-3158996422,"CQS (US), LLC","801-69452","N"
1995123,"LMR MULTI-STRATEGY MASTER FUND LIMITED",805-5801202426,"LMR PARTNERS LLC","801-112529","N"
1995123,"LMR CCSA MASTER FUND LIMITED",805-2748626644,"LMR PARTNERS LLC","801-112529","N"
1995123,"LMR ALPHA RATES TRADING MASTER FUND LIMITED",805-5465083178,"LMR PARTNERS LLC","801-112529","N"
1997480,"WESTBRIDGE CROSSOVER FUND, LLC",805-4849068415,"WESTBRIDGE CAPITAL US ADVISORS, LP","801-74144","N"
1995943,"CROSS OCEAN EUR ESS FUND I L.P.",805-4277311933,"CROSS OCEAN ADVISER LLP","802-107174","N"
2000199,"PRELUDE STRUCTURED ALTERNATIVES MASTER FUND, LP",805-2495224621,"PRELUDE CAPITAL MANAGEMENT, LLC","801-73598","N"
2000199,"TOPWATER MAYFLY FUND LLC",805-7418791443,"LEUCADIA ASSET MANAGEMENT LLC","801-61698","N"
1995943,"CROSS OCEAN EUR ESS FUND I CAYMAN FEEDER L.P.",805-5733870305,"CROSS OCEAN ADVISER LLP","802-107174","N"
1995943,"CROSS OCEAN EUR ESS FUND I CO-INVESTMENT FEEDER L.P.",805-8224665175,"CROSS OCEAN ADVISER LLP","802-107174","N"
1995943,"CROSS OCEAN USD ESS FUND I CAYMAN FEEDER L.P.",805-4427352601,"CROSS OCEAN ADVISER LLP","802-107174","N"
1995943,"CROSS OCEAN USD ESS FUND I DELAWARE FEEDER L.P.",805-2290049844,"CROSS OCEAN ADVISER LLP","802-107174","N"
1995943,"CROSS OCEAN USD ESS FUND I L.P.",805-5688075900,"CROSS OCEAN ADVISER LLP","802-107174","N"
1995943,"CAPULA GLOBAL RELATIVE VALUE MASTER FUND LIMITED",805-2162872270,"CAPULA INVESTMENT MANAGEMENT LLP","802-75433","N"
1995943,"CAPULA GLOBAL RELATIVE VALUE FUND LIMITED",805-5717491750,"CAPULA INVESTMENT MANAGEMENT LLP","802-75433","N"
1995943,"CAPULA GLOBAL RELATIVE VALUE TRUST",805-6820198155,"CAPULA INVESTMENT MANAGEMENT LLP","802-75433","N"
1995943,"CAPULA GLOBAL RELATIVE VALUE FUND L.P.",805-3454369038,"CAPULA INVESTMENT MANAGEMENT LLP","802-75433","N"
1995943,"CAPULA GRV III LIMITED",805-4665177252,"CAPULA INVESTMENT MANAGEMENT LLP","802-75433","N"
1995943,"CAPULA TAIL RISK MASTER FUND LIMITED",805-9956713521,"CAPULA INVESTMENT MANAGEMENT LLP","802-75433","N"
1995943,"CAPULA TAIL RISK FUND LIMITED",805-9903304586,"CAPULA INVESTMENT MANAGEMENT LLP","802-75433","N"
1995943,"CAPULA TAIL RISK TRUST",805-2760619751,"CAPULA INVESTMENT MANAGEMENT LLP","802-75433","N"
1995943,"CAPULA TRF II LIMITED",805-6881383654,"CAPULA INVESTMENT MANAGEMENT LLP","802-75433","N"
1995943,"CAPULA ENHANCED FIXED INCOME MASTER FUND LIMITED",805-8757523610,"CAPULA INVESTMENT MANAGEMENT LLP","802-75433","N"
1995943,"CAPULA EFI I LIMITED",805-6632758963,"CAPULA INVESTMENT MANAGEMENT LLP","802-75433","N"
1995943,"CAPULA VOLATILITY OPPORTUNITIES MASTER FUND LIMITED",805-3991946405,"CAPULA INVESTMENT MANAGEMENT LLP","802-75433","N"
1995943,"CAPULA VOLATILITY OPPORTUNITIES FUND LIMITED",805-8228558787,"CAPULA INVESTMENT MANAGEMENT LLP","802-75433","N"
1995943,"CAPULA VOLATILITY OPPORTUNITIES TRUST",805-5003535440,"CAPULA INVESTMENT MANAGEMENT LLP","802-75433","N"
1995943,"CAPULA ENHANCED FIXED INCOME TRUST",805-5381381591,"CAPULA INVESTMENT MANAGEMENT LLP","802-75433","N"
1995943,"CAPULA EFI II LIMITED",805-8895731176,"CAPULA  INVESTMENT MANAGEMENT ASIA LIMITED","802-76916","N"
1995943,"CAPULA HYBRID HEDGE STRATEGY MASTER FUND LIMITED",805-7969238135,"CAPULA INVESTMENT MANAGEMENT LLP","802-75433","N"
1995943,"CAPULA TACTICAL MACRO MASTER FUND LIMITED",805-4981722839,"CAPULA INVESTMENT MANAGEMENT LLP","802-75433","N"
1995943,"CAPULA TACTICAL MACRO FUND LIMITED",805-2980399972,"CAPULA INVESTMENT MANAGEMENT LLP","802-75433","N"
1995943,"CAPULA TACTICAL MACRO TRUST",805-4963989445,"CAPULA INVESTMENT MANAGEMENT LLP","802-75433","N"
1995943,"CAPULA DEFENSIVE EQUITY FUND LIMITED",805-9548113508,"CAPULA INVESTMENT MANAGEMENT LLP","802-75433","N"
1995943,"CAPULA HYBRID HEDGE STRATEGY FUND LIMITED",805-1523772625,"CAPULA INVESTMENT MANAGEMENT LLP","802-75433","N"
1995943,"CAPULA MULTI STRATEGY FUND LIMITED",805-4044430695,"CAPULA INVESTMENT MANAGEMENT LLP","802-75433","N"
1995943,"CAPULA MULTI STRATEGY I LIMITED",805-2646479353,"CAPULA INVESTMENT MANAGEMENT LLP","802-75433","N"
1995943,"CAPULA MULTI STRATEGY TRUST",805-7279431445,"CAPULA INVESTMENT MANAGEMENT LLP","802-75433","N"
1995943,"CAPULA MULTI STRATEGY MASTER FUND LIMITED",805-9868516114,"CAPULA INVESTMENT MANAGEMENT LLP","802-75433","N"
1995943,"CAPULA TRF III LP",805-4068392554,"CAPULA INVESTMENT MANAGEMENT LLP","802-75433","N"
1995943,"CAPULA DEFENSIVE EQUITY TRUST",805-7933554890,"CAPULA INVESTMENT MANAGEMENT LLP","802-75433","N"
1995930,"WALLEYE OPPORTUNITIES MASTER FUND LTD",805-3011135543,"WALLEYE CAPITAL LLC","801-113731","N"
1995930,"WALLEYE MANAGER OPPORTUNITIES LLC",805-7359352320,"WALLEYE CAPITAL LLC","801-113731","N"
1987921,"ENKO AFRICA DEBT FUND",805-4616060231,"ENKO FUND MANAGERS","801-122051","Y"
1998279,"FORTRESS MULTI-MANAGER MASTER FUND L.P.",805-6845222316,"FORTRESS INVESTMENT GROUP","801-62982","N"
1993928,"STARZ EUROPEAN LOAN FUND I, A SUB-FUND OF STARZ ICAV",805-2818473604,"STARZ REALTY CAPITAL LIMITED","802-116997","N"
1993928,"ACE CREDIT ALLOCATION FUND I",805-1481037264,"APOLLO CAPITAL MANAGEMENT, L.P.","801-67592","N"
1993928,"APOLLO EMERGING MARKETS FUND",805-9318746943,"APOLLO CAPITAL MANAGEMENT, L.P.","801-67592","N"
1993928,"APOLLO EU BROADLY SYNDICATED LOANS FUND",805-5413252799,"APOLLO CAPITAL MANAGEMENT, L.P.","801-67592","N"
1993928,"APOLLO DEVELOPED MARKETS LONG DATED IG CORPORATE DEBT FUND",805-5299676614,"APOLLO CAPITAL MANAGEMENT, L.P.","801-67592","N"
1993928,"APOLLO EU COMMERCIAL REAL ESTATE DEBT FUND",805-6495272040,"APOLLO CAPITAL MANAGEMENT, L.P.","801-67592","N"
1993928,"APOLLO EU MIDDLE MARKET LOANS FUND A",805-6358310528,"APOLLO CAPITAL MANAGEMENT, L.P.","801-67592","N"
1993928,"APOLLO EUROPEAN HIGH YIELD FUND",805-6160997580,"APOLLO CAPITAL MANAGEMENT, L.P.","801-67592","N"
1993928,"APOLLO FINANCIAL BONDS FUND",805-2970832400,"APOLLO CAPITAL MANAGEMENT, L.P.","801-67592","N"
1993928,"APOLLO HELIUS LOAN FUND",805-6905328536,"APOLLO CAPITAL MANAGEMENT, L.P.","801-67592","N"
1993928,"APOLLO HELIUS MULTI-CREDIT FUND I",805-5237107258,"APOLLO CAPITAL MANAGEMENT, L.P.","801-67592","N"
1993928,"APOLLO OPPORTUNISTIC CREDIT FUND",805-9633001858,"APOLLO CAPITAL MANAGEMENT, L.P.","801-67592","N"
1993928,"APOLLO RESIDENTIAL REAL ESTATE DEBT FUND",805-5012543462,"APOLLO CAPITAL MANAGEMENT, L.P.","801-67592","N"
1993928,"APOLLO US AND CANADA MIDDLE MARKET LOANS FUND",805-4038591725,"APOLLO CAPITAL MANAGEMENT, L.P.","801-67592","N"
1993928,"APOLLO US BROADLY SYNDICATED LOANS FUND",805-6726374274,"APOLLO CAPITAL MANAGEMENT, L.P.","801-67592","N"
1993928,"APOLLO US COMMERCIAL REAL ESTATE DEBT FUND",805-9430641539,"APOLLO CAPITAL MANAGEMENT, L.P.","801-67592","N"
1993928,"APOLLO US HIGH YIELD FUND",805-1902180778,"APOLLO CAPITAL MANAGEMENT, L.P.","801-67592","N"
1993928,"CIFC CREDIT FUNDS ICAV - CIFC LONG/SHORT CREDIT FUND",805-9212611585,"CIFC ASSET MANAGEMENT LLC","801-72883","N"
1993928,"ASPECT UCITS FUNDS PLC - ASPECT DIVERSIFIED TRENDS FUND",805-5126540162,"ASPECT CAPITAL LIMITED","801-62408","N"
1993928,"CATALYST INTERNATIONAL UCITS ICAV - CATALYST INTERNATIONAL INCOME OPPORTUNITIES FUND",805-3065212890,"CATALYST INTERNATIONAL ADVISORS LLC","801-117842","N"
1993928,"APOLLO CONVICTION FUND",805-3456750095,"APOLLO CAPITAL MANAGEMENT, L.P.","801-67592","N"
1993928,"MFI LOAN FUND I",805-6812894081,"MONARCH","801-72915","N"
1993928,"SHENKMAN MULTI ASSET CREDIT FUND",805-1276333390,"SHENKMAN CAPITAL MANAGEMENT, INC.","801-25180","N"
1993928,"SHENKMAN MULTI ASSET CREDIT MASTER FUND",805-2690840825,"SHENKMAN CAPITAL MANAGEMENT, INC.","801-25180","N"
1993928,"VARAGON CAPITAL DIRECT LENDING INTERNATIONAL, SCSP",805-4786624144,"VARAGON CAPITAL PARTNERS, L.P.","801-107473","N"
1993928,"TOWERS WATSON ALTERNATIVE CREDIT MASTER FUND",805-8253700797,"TOWERS WATSON INVESTMENT MANAGEMENT","801-78668","N"
1993928,"TOWERS WATSON ALTERNATIVE CREDIT FUND",805-1036861097,"TOWERS WATSON INVESTMENT MANAGEMENT","801-78668","N"
1993928,"TOWERS WATSON DIVERSIFYING STRATEGIES MASTER FUND",805-9822396620,"TOWERS WATSON INVESTMENT MANAGEMENT","801-78668","N"
1993928,"TOWERS WATSON DIVERSIFYING STRATEGIES FUND",805-2411044857,"TOWERS WATSON INVESTMENT MANAGEMENT","801-78668","N"
1993928,"TOWERS WATSON HEDGE ADVANTAGE MASTER FUND",805-6325380131,"TOWERS WATSON INVESTMENT MANAGEMENT","801-78668","N"
1993928,"TOWERS WATSON HEDGE ADVANTAGE FUND",805-8398330562,"TOWERS WATSON INVESTMENT MANAGEMENT","801-78668","N"
1993928,"POLUS INVESTMENT FUNDS ICAV - CAIRN CAPSTONE SPECIAL OPPORTUNITIES FUND",805-1710280017,"POLUS CAPITAL MANAGEMENT LIMITED","801-66019","N"
1993928,"POLUS INVESTMENT FUNDS ICAV - POLUS EUROPEAN LOAN FUND",805-1306091738,"POLUS CAPITAL MANAGEMENT LIMITED","801-66019","N"
1993928,"POLUS INVESTMENT FUNDS ICAV - CAIRN PATHFINDER FUND II",805-6896112961,"POLUS CAPITAL MANAGEMENT LIMITED","801-66019","N"
1993928,"CAIRN GLOBAL FUNDS PLC - CAIRN PATHFINDER FUND I",805-2766333146,"POLUS CAPITAL MANAGEMENT LIMITED","801-66019","N"
1993928,"GENERATION IM FUND PLC - GENERATION IM ASIA FUND",805-7276845689,"GENERATION INVESTMENT MANAGEMENT LLP","802-77005","N"
1993928,"GENERATION IM SUSTAINABLE SOLUTIONS FUND IV (A), ILP",805-6575373968,"GENERATION INVESTMENT MANAGEMENT LLP","802-77005","N"
1993928,"GENERATION IM SUSTAINABLE SOLUTIONS FUND IV (B), ILP",805-1101875638,"GENERATION INVESTMENT MANAGEMENT LLP","802-77005","N"
1993928,"CIFC CREDIT FUNDS ICAV - CIFC GLOBAL FLOATING RATE CREDIT FUND",805-1090960983,"CIFC ASSET MANAGEMENT LLC","801-72883","N"
1993928,"APOLLO EMERGING MARKETS LOAN ORIGINATION FUND",805-6546391444,"APOLLO CAPITAL MANAGEMENT, L.P.","801-67592","N"
1993928,"APOLLO HIGH GRADE ALPHA FUND B",805-4072610212,"APOLLO CAPITAL MANAGEMENT, L.P.","801-67592","N"
1993928,"APOLLO INFRASTRUCTURE RELATED SECURITIES FUND A",805-1152645752,"APOLLO CAPITAL MANAGEMENT, L.P.","801-67592","N"
1993928,"CRESCENT PRIVATE CREDIT PARTNERS LEVERED UNITRANCHE FUND (IRELAND) LP",805-2463539969,"CRESCENT CAPITAL GROUP LP","801-71747","N"
1993928,"TRANQUILIDADE DIVERSIFIED INCOME ICAV - TRANQUILIDADE MULTI-CREDIT STRATEGY FUND",805-5215482525,"APOLLO CAPITAL MANAGEMENT, L.P.","801-67592","N"
1993928,"GENERATION IM SUSTAINABLE SOLUTIONS FUND IV, ILP",805-5861523212,"GENERATION INVESTMENT MANAGEMENT LLP","802-77005","N"
1993928,"POLUS INVESTMENT FUNDS ICAV - CAIRN PATHFINDER II EUR FEEDER FUND",805-3649534689,"POLUS CAPITAL MANAGEMENT LIMITED","801-66019","N"
1993928,"MARATHON UCITS FUNDS-INTERNATIONAL EQUITY FUND",805-9137454066,"MARATHON-LONDON","801-63397","N"
1993928,"MARATHON UCITS FUND - GLOBAL EQUITY FUND",805-7318495163,"MARATHON-LONDON","801-63397","N"
1993928,"APOLLO DIRECT LENDING FUND",805-8610251438,"APOLLO CAPITAL MANAGEMENT, L.P.","801-67592","N"
1993928,"ARINI CREDIT OPPORTUNITIES FEEDER FUND I, SCA SICAV-RAIF",805-7366366221,"ARINI CAPITAL MANAGEMENT LIMITED","801-130893","N"
1993928,"ARINI CREDIT OPPORTUNITIES FUND I, SCSP SICAV-RAIF",805-5608813410,"ARINI CAPITAL MANAGEMENT LIMITED","801-130893","N"
1993928,"FOSSE FUND",805-1649965636,"POLUS CAPITAL MANAGEMENT LIMITED","801-66019","N"
1993928,"CERVUS LOAN ORIGINATION FUND II",805-7882906351,"APOLLO CAPITAL MANAGEMENT, L.P.","801-67592","N"
1993928,"CERVUS LOAN ORIGINATION FUND III",805-4596673002,"APOLLO CAPITAL MANAGEMENT, L.P.","801-67592","N"
1993928,"MFI LOAN FUND II",805-4509384693,"MONARCH","801-72915","N"
1993928,"PARDINUS LONG SHORT EUROPEAN EQUITY FEEDER FUND ICAV",805-7495549716,"PARDINUS CAPITAL LLP","802-131469","N"
1993928,"AKO UCITS FUND ICAV - AKO GLOBAL LONG-ONLY UCITS FUND",805-2247898370,"AKO CAPITAL LLP","802-74303","N"
1993928,"SHENKMAN MULTI-ASSET CREDIT VALUES SCREENING MASTER FUND",805-7091465391,"SHENKMAN CAPITAL MANAGEMENT, INC.","801-25180","N"
1993928,"SHENKMAN MULTI-ASSET CREDIT VALUES SCREENING FUND",805-8054728492,"SHENKMAN CAPITAL MANAGEMENT, INC.","801-25180","N"
1993928,"PARDINUS LONG SHORT EUROPEAN EQUITY MASTER FUND ICAV",805-8439805176,"PARDINUS CAPITAL LLP","802-131469","N"
1993928,"LINGOTTO ALTERNATIVE INVESTMENTS MASTER FUND ICAV - LINGOTTO INNOVATION MASTER FUND",805-4894277332,"LINGOTTO INVESTMENT MANAGEMENT LLP","801-131276","N"
1993928,"LINGOTTO ALTERNATIVE INVESTMENTS FEEDER FUND ICAV - LINGOTTO INNOVATION FEEDER FUND",805-7220820336,"LINGOTTO INVESTMENT MANAGEMENT LLP","801-131276","N"
1993928,"GENERATION IM FUND PLC - GENERATION IM GLOBAL EQUITY FUND",805-6901292505,"GENERATION INVESTMENT MANAGEMENT LLP","802-77005","N"
1993928,"GENERATION IM SUSTAINABLE PRIVATE EQUITY FUND II (A) CO-INVEST, ILP",805-5017128361,"GENERATION INVESTMENT MANAGEMENT LLP","802-77005","N"
1993928,"GENERATION IM SUSTAINABLE PRIVATE EQUITY FUND II (A), ILP",805-1074064736,"GENERATION INVESTMENT MANAGEMENT LLP","802-77005","N"
1993928,"GENERATION IM SUSTAINABLE PRIVATE EQUITY FUND II (B) CO-INVEST, ILP",805-5955303329,"GENERATION INVESTMENT MANAGEMENT LLP","802-77005","N"
1993928,"GENERATION IM SUSTAINABLE PRIVATE EQUITY FUND II (B), ILP",805-6043324920,"GENERATION INVESTMENT MANAGEMENT LLP","802-77005","N"
1993928,"GENERATION IM SUSTAINABLE PRIVATE EQUITY FUND II CO-INVEST, ILP",805-5463694934,"GENERATION INVESTMENT MANAGEMENT LLP","802-77005","N"
1993928,"GENERATION IM SUSTAINABLE PRIVATE EQUITY FUND II, ILP",805-9745597659,"GENERATION INVESTMENT MANAGEMENT LLP","802-77005","N"
1993928,"AMX UCITS CCF - ATLAS - GLOBAL INFRASTRUCTURE",805-7435720654,"ATLAS INFRASTRUCTURE","801-110882","N"
1993928,"APOLLO CAT CML FUND",805-2114764264,"APOLLO CAPITAL MANAGEMENT, L.P.","801-67592","N"
1993928,"APOLLO CAT HGA FUND",805-6490143788,"APOLLO CAPITAL MANAGEMENT, L.P.","801-67592","N"
1993928,"CROSS OCEAN EUR ESS FUND V CLOSED SCSP",805-3199819925,"CROSS OCEAN ADVISER LLP","802-107174","N"
1993928,"CROSS OCEAN EUR ESS FUND V SCSP",805-4743876530,"CROSS OCEAN ADVISER LLP","802-107174","N"
1993928,"CROSS OCEAN EUR ESS FUND V OPEN LP",805-7938765648,"CROSS OCEAN ADVISER LLP","802-107174","N"
1993928,"CROSS OCEAN USD ESS FUND V CLOSED SCSP",805-1139558880,"CROSS OCEAN ADVISER LLP","802-107174","N"
1993928,"CROSS OCEAN USD ESS FUND V SCSP",805-5299897255,"CROSS OCEAN ADVISER LLP","802-107174","N"
1998811,"GLOBAL INFRASTRUCTURE DEBT FUND FEEDER SCSP",805-2152476519,"BLACKROCK FINANCIAL MANAGEMENT, INC","801-48433","N"
1998811,"BLACKROCK DIVERSIFIED PRIVATE DEBT FUND FEEDER LP",805-5192275396,"BLACKROCK FINANCIAL MANAGEMENT, INC","801-48433","N"
1998811,"GLOBAL RENEWABLE POWER INFRASTRUCTURE FUND III (A), L.P.",805-3169187672,"BLACKROCK FINANCIAL MANAGEMENT, INC","801-48433","N"
1998811,"BLACKROCK ALTERNATIVE FUNDS S.C.A., SICAV-RAIF - BLACKROCK PRIVATE INFRASTRUCTURE OPPORTUNITIES ELTIF",805-8320307560,"BLACKROCK FINANCIAL MANAGEMENT, INC","801-48433","N"
1998811,"GLOBAL RENEWABLE POWER FUND III, SCSP",805-3709962355,"BLACKROCK FINANCIAL MANAGEMENT, INC","801-48433","N"
1998811,"BLACKROCK ICS US TREASURY FUND",805-8608708677,"BLACKROCK CAPITAL MANAGEMENT, INC.","801-57038","N"
1998811,"GLOBAL RENEWABLE POWER INFRASTRUCTURE FUND III (C), SCSP",805-7037679402,"BLACKROCK FINANCIAL MANAGEMENT, INC","801-48433","N"
1998811,"GLOBAL CREDIT OPPORTUNITIES (CANADA) L.P.",805-3541135987,"BLACKROCK ASSET MANAGEMENT CANADA LIMITED","802-76230","N"
1998811,"GLOBAL RENEWABLE POWER FUND III EMPLOYEE FUND (A), L.P.",805-8834946460,"BLACKROCK ALTERNATIVES MANAGEMENT, LLC","801-110250","N"
1998811,"BLACKROCK STRATEGIC EQUITY HEDGE FUND LIMITED LLC",805-7784659343,"BLACKROCK FINANCIAL MANAGEMENT, INC","801-48433","N"
1998811,"BLACKROCK DIVERSIFIED PRIVATE DEBT FUND MASTER LP",805-6157731219,"BLACKROCK FINANCIAL MANAGEMENT, INC","801-48433","N"
1998811,"GLOBAL RENEWABLE POWER INFRASTRUCTURE FUND III (B), L.P.",805-2150947592,"BLACKROCK FINANCIAL MANAGEMENT, INC","801-48433","N"
1998811,"BLACKROCK INFRASTRUCTURE FUNDS ICAV -  GLOBAL RENEWABLE POWER FUND III",805-3929733824,"BLACKROCK FINANCIAL MANAGEMENT, INC","801-48433","N"
1998811,"GLOBAL RENEWABLE POWER FUND II, (B/C SPLITTER), L.P.",805-6568458562,"BLACKROCK FINANCIAL MANAGEMENT, INC","801-48433","N"
1998811,"BLACKROCK ICS US DOLLAR LIQUIDITY FUND",805-6141899593,"BLACKROCK CAPITAL MANAGEMENT, INC.","801-57038","N"
1998811,"GLOBAL RENEWABLE POWER INFRASTRUCTURE FUND III (E), L.P.",805-1956363636,"BLACKROCK FINANCIAL MANAGEMENT, INC","801-48433","N"
1987270,"SECTOR INVESTMENT FUNDS PLC - CUSANA GLOBAL EMERGING MARKETS FUND",805-2884302173,"SECTOR FUND SERVICES AS","802-101486","N"
1996319,"BREVAN HOWARD MASTER FUND LIMITED",805-8180846603,"BREVAN HOWARD CAPITAL MANAGEMENT, LP","802-74971","N"
1996319,"BREVAN HOWARD MULTI-STRATEGY MASTER FUND LIMITED",805-7897821253,"BREVAN HOWARD CAPITAL MANAGEMENT, LP","802-74971","N"
1996319,"BREVAN HOWARD ALPHA STRATEGIES MASTER FUND LIMITED",805-4760818502,"BREVAN HOWARD CAPITAL MANAGEMENT, LP","802-74971","N"
1996319,"BREVAN HOWARD EMERGING MARKETS MULTI-STRATEGY MASTER FUND LIMITED",805-5771232715,"BREVAN HOWARD CAPITAL MANAGEMENT, LP","802-74971","N"
1996319,"BREVAN HOWARD AS MACRO MASTER FUND LIMITED",805-6173718764,"BREVAN HOWARD CAPITAL MANAGEMENT, LP","802-74971","N"
1996319,"BREVAN HOWARD FG MACRO MASTER FUND LIMITED",805-6620607559,"BREVAN HOWARD CAPITAL MANAGEMENT, LP","802-74971","N"
1996319,"BH DIGITAL LIQUID DIRECTIONAL MASTER FUND I, LP",805-3316194871,"BREVAN HOWARD CAPITAL MANAGEMENT, LP","802-74971","N"
1996319,"BH DIGITAL LIQUID DIRECTIONAL MASTER FUND II, LP",805-5757530365,"BREVAN HOWARD CAPITAL MANAGEMENT, LP","802-74971","N"
1996319,"BH DIGITAL LIQUID TRADING UK VEHICLE I LIMITED",805-9289361376,"BREVAN HOWARD CAPITAL MANAGEMENT, LP","802-74971","N"
1996319,"BH DIGITAL LIQUID TRADING UK VEHICLE II LIMITED",805-4097566317,"BREVAN HOWARD CAPITAL MANAGEMENT, LP","802-74971","N"
1996319,"BH DIGITAL INVESTMENTS I, LP",805-8654051255,"BREVAN HOWARD CAPITAL MANAGEMENT, LP","802-74971","N"
1996319,"BH DIGITAL INVESTMENTS II, LP",805-5775129669,"BREVAN HOWARD CAPITAL MANAGEMENT, LP","802-74971","N"
1996319,"BH DIGITAL VENTURE MASTER FUND I, LP",805-9021793261,"BREVAN HOWARD CAPITAL MANAGEMENT, LP","802-74971","N"
1996319,"BH DIGITAL VENTURE MASTER FUND II, LP",805-7423308689,"BREVAN HOWARD CAPITAL MANAGEMENT, LP","802-74971","N"
1996319,"BREVAN HOWARD SPECIAL OPPORTUNITIES (VIII) LIMITED",805-5987224745,"BREVAN HOWARD CAPITAL MANAGEMENT, LP","802-74971","N"
1996319,"BH DIGITAL SPC",805-8744398932,"BREVAN HOWARD CAPITAL MANAGEMENT, LP","802-74971","N"
1996319,"BREVAN HOWARD SPECIAL OPPORTUNITIES (XIV) LIMITED",805-6415583200,"BREVAN HOWARD CAPITAL MANAGEMENT, LP","802-74971","N"
1996319,"BREVAN HOWARD SPECIAL OPPORTUNITIES MASTER SPC",805-7155329292,"BREVAN HOWARD CAPITAL MANAGEMENT, LP","802-74971","N"
1996319,"BREVAN HOWARD SYSTEMATIC RESEARCH & TECHNOLOGIES MASTER FUND LIMITED",805-1784472614,"BREVAN HOWARD CAPITAL MANAGEMENT, LP","802-74971","N"
1996319,"BREVAN HOWARD TN MACRO MASTER FUND LIMITED",805-2529887928,"BREVAN HOWARD CAPITAL MANAGEMENT, LP","802-74971","N"
1996319,"BREVAN HOWARD MB MACRO MASTER FUND LIMITED",805-8089904964,"BREVAN HOWARD CAPITAL MANAGEMENT, LP","802-74971","N"
1996024,"BREVAN HOWARD MASTER FUND LIMITED",805-8180846603,"BREVAN HOWARD CAPITAL MANAGEMENT, LP","802-74971","N"
1996024,"BREVAN HOWARD MULTI-STRATEGY MASTER FUND LIMITED",805-7897821253,"BREVAN HOWARD CAPITAL MANAGEMENT, LP","802-74971","N"
1996024,"BREVAN HOWARD AS MACRO MASTER FUND LIMITED",805-6173718764,"BREVAN HOWARD CAPITAL MANAGEMENT, LP","802-74971","N"
1996024,"BREVAN HOWARD GLOBAL VOLATILITY MASTER FUND LIMITED",805-4757198574,"BREVAN HOWARD CAPITAL MANAGEMENT, LP","802-74971","N"
1996024,"BREVAN HOWARD ALPHA STRATEGIES MASTER FUND LIMITED",805-4760818502,"BREVAN HOWARD CAPITAL MANAGEMENT, LP","802-74971","N"
1996024,"BREVAN HOWARD FG MACRO MASTER FUND LIMITED",805-6620607559,"BREVAN HOWARD CAPITAL MANAGEMENT, LP","802-74971","N"
1996024,"BREVAN HOWARD LB MACRO MASTER FUND LIMITED",805-1703202667,"BREVAN HOWARD CAPITAL MANAGEMENT, LP","802-74971","N"
1996024,"BH DIGITAL LIQUID DIRECTIONAL MASTER FUND I, LP",805-3316194871,"BREVAN HOWARD CAPITAL MANAGEMENT, LP","802-74971","N"
1996024,"BH DIGITAL LIQUID DIRECTIONAL MASTER FUND II, LP",805-5757530365,"BREVAN HOWARD CAPITAL MANAGEMENT, LP","802-74971","N"
1996024,"BH DIGITAL INVESTMENTS I, LP",805-8654051255,"BREVAN HOWARD CAPITAL MANAGEMENT, LP","802-74971","N"
1996024,"BH DIGITAL INVESTMENTS II, LP",805-5775129669,"BREVAN HOWARD CAPITAL MANAGEMENT, LP","802-74971","N"
1996024,"BH DIGITAL LIQUID TRADING UK VEHICLE I LIMITED",805-9289361376,"BREVAN HOWARD CAPITAL MANAGEMENT, LP","802-74971","N"
1996024,"BH DIGITAL LIQUID TRADING UK VEHICLE II LIMITED",805-4097566317,"BREVAN HOWARD CAPITAL MANAGEMENT, LP","802-74971","N"
1996024,"BH DIGITAL VENTURE MASTER FUND I, LP",805-9021793261,"BREVAN HOWARD CAPITAL MANAGEMENT, LP","802-74971","N"
1996024,"BH DIGITAL VENTURE MASTER FUND II, LP",805-7423308689,"BREVAN HOWARD CAPITAL MANAGEMENT, LP","802-74971","N"
1996024,"BREVAN HOWARD SPECIAL OPPORTUNITIES (II) LIMITED",805-1860097477,"BREVAN HOWARD CAPITAL MANAGEMENT, LP","802-74971","N"
1996024,"BREVAN HOWARD SPECIAL OPPORTUNITIES (VIII) LIMITED",805-5987224745,"BREVAN HOWARD CAPITAL MANAGEMENT, LP","802-74971","N"
1996024,"NOVA DIGITAL OPPORTUNITIES MASTER FUND LIMITED",805-9457272672,"BREVAN HOWARD CAPITAL MANAGEMENT, LP","802-74971","N"
1996024,"BH DIGITAL OPPORTUNITIES I FUND LIMITED",805-1208522067,"BREVAN HOWARD CAPITAL MANAGEMENT, LP","802-74971","N"
1996024,"BH DIGITAL SPC",805-8744398932,"BREVAN HOWARD CAPITAL MANAGEMENT, LP","802-74971","N"
1996024,"BREVAN HOWARD SPECIAL OPPORTUNITIES (XIV) LIMITED",805-6415583200,"BREVAN HOWARD CAPITAL MANAGEMENT, LP","802-74971","N"
1996024,"BREVAN HOWARD EMERGING MARKETS MULTI-STRATEGY MASTER FUND LIMITED",805-5771232715,"BREVAN HOWARD CAPITAL MANAGEMENT, LP","802-74971","N"
1993553,"HAYFIN DIRECT LENDING FUND III SCSP",805-6394168566,"VISTRA FUND MANAGEMENT S.A.","802-114015","N"
1993553,"HAYFIN DIRECT LENDING FUND IV SCSP",805-1856002856,"VISTRA FUND MANAGEMENT S.A.","802-114015","N"
1993553,"HAYFIN DIRECT LENDING FUND IV (LEVERED) SCSP",805-9349393075,"VISTRA FUND MANAGEMENT S.A.","802-114015","N"
1993553,"HAYFIN DIRECT LENDING FUND V SCSP",805-3831790551,"VISTRA FUND MANAGEMENT S.A.","802-114015","N"
1993553,"HAYFIN DIRECT LENDING FUND V (LEVERED) SCSP",805-3347063053,"VISTRA FUND MANAGEMENT S.A.","802-114015","N"
1993553,"HAYFIN DLF V CO-INVEST SCSP",805-4024808972,"VISTRA FUND MANAGEMENT S.A.","802-114015","N"
1996024,"BREVAN HOWARD SYSTEMATIC RESEARCH & TECHNOLOGIES MASTER FUND LIMITED",805-1784472614,"BREVAN HOWARD CAPITAL MANAGEMENT, LP","802-74971","N"
1996024,"BREVAN HOWARD SPECIAL OPPORTUNITIES MASTER SPC",805-7155329292,"BREVAN HOWARD CAPITAL MANAGEMENT, LP","802-74971","N"
1996024,"BREVAN HOWARD MB MACRO MASTER FUND LIMITED",805-8089904964,"BREVAN HOWARD CAPITAL MANAGEMENT, LP","802-74971","N"
1994213,"A-MCW-35-FUND, A SERIES OF AX-WW-FUNDS, LLC",805-9672458550,"ANGELLIST ADVISORS","802-78135","N"
1994213,"A-MEV-31-FUND, A SERIES OF AX-WW-FUNDS, LLC",805-3640337890,"ANGELLIST ADVISORS","802-78135","N"
1994213,"A-MHA-13-FUND, A SERIES OF AX-WW-FUNDS, LLC",805-6230568694,"ANGELLIST ADVISORS","802-78135","N"
1994213,"A-PND-17-FUND, A SERIES OF AX-WW-FUNDS, LLC",805-4040578605,"ANGELLIST ADVISORS","802-78135","N"
1994213,"QR-1128 FUND I, A SERIES OF KITTYHAWK HEAVY SPV AL5, LP",805-7101447564,"ANGELLIST ADVISORS","802-78135","N"
1994213,"CO FUND I, A SERIES OF KITTYHAWK HEAVY SPV AL5, LP",805-5868200064,"ANGELLIST ADVISORS","802-78135","N"
1994213,"RI-1015 FUND III, A SERIES OF KITTYHAWK HEAVY SPV AL5, LP",805-5553196672,"ANGELLIST ADVISORS","802-78135","N"
1995316,"FI FUND I, A SERIES OF BOOST VC SPV, LP",805-9164715922,"ANGELLIST ADVISORS","802-78135","N"
1995316,"UP FUND I, A SERIES OF BOOST VC SPV, LP",805-6253216049,"ANGELLIST ADVISORS","802-78135","N"
1995316,"WY FUND I, A SERIES OF BOOST VC SPV, LP",805-3450696956,"ANGELLIST ADVISORS","802-78135","N"
1995316,"ET FUND I, A SERIES OF BOOST VC SPV, LP",805-7985353991,"ANGELLIST ADVISORS","802-78135","N"
1995316,"RI FUND I, A SERIES OF BOOST VC SPV, LP",805-7041445847,"ANGELLIST ADVISORS","802-78135","N"
1995316,"SH FUND I, A SERIES OF BOOST VC SPV, LP",805-1571729623,"ANGELLIST ADVISORS","802-78135","N"
1995316,"UN FUND II, A SERIES OF BOOST VC SPV, LP",805-3805590263,"ANGELLIST ADVISORS","802-78135","N"
1995316,"VE FUND I, A SERIES OF BOOST VC SPV, LP",805-8434311806,"ANGELLIST ADVISORS","802-78135","N"
1995316,"KS-1222 FUND I, A SERIES OF BOOST VC SPV, LP",805-4110721825,"ANGELLIST ADVISORS","802-78135","N"
1995316,"RA-0206 FUND I, A SERIES OF BOOST VC SPV, LP",805-1133329734,"ANGELLIST ADVISORS","802-78135","N"
1995316,"RA-1011 FUND II, A SERIES OF BOOST VC SPV, LP",805-9901309683,"ANGELLIST ADVISORS","802-78135","N"
1998619,"NEW HOLLAND TACTICAL ALPHA FUND LP",805-4079867382,"NEW HOLLAND CAPITAL, LLC","801-74244","N"
1993622,"CAPITALWORKS PRIVATE EQUITY FUND II LP",805-9706383382,"CAPITALWORKS PRIVATE EQUITY ADVISOR LIMITED","802-78484","Y"
1993622,"CAPITALWORKS PRIVATE EQUITY FUND III LP",805-6253645807,"CAPITALWORKS MANAGEMENT (GUERNSEY) LIMITED","802-126292","Y"
1995931,"CAPULA GLOBAL RELATIVE VALUE MASTER FUND LIMITED",805-2162872270,"CAPULA INVESTMENT MANAGEMENT LLP","802-75433","N"
1995931,"CAPULA TAIL RISK MASTER FUND LIMITED",805-9956713521,"CAPULA INVESTMENT MANAGEMENT LLP","802-75433","N"
1995931,"CAPULA ENHANCED FIXED INCOME MASTER FUND LIMITED",805-8757523610,"CAPULA INVESTMENT MANAGEMENT LLP","802-75433","N"
1995931,"CAPULA VOLATILITY OPPORTUNITIES MASTER FUND LIMITED",805-3991946405,"CAPULA INVESTMENT MANAGEMENT LLP","802-75433","N"
1995931,"CAPULA TACTICAL MACRO MASTER FUND LIMITED",805-4981722839,"CAPULA INVESTMENT MANAGEMENT LLP","802-75433","N"
1995931,"CAPULA MULTI STRATEGY MASTER FUND LIMITED",805-9868516114,"CAPULA INVESTMENT MANAGEMENT LLP","802-75433","N"
1997734,"SSG PRIVATE DEBT RATED NOTES I LP",805-9671755346,"STEPSTONE GROUP EUROPE ALTERNATIVE INVESTMENTS LIMITED","801-108403","N"
1997734,"SSG PRIVATE DEBT RATED NOTES II LP",805-7636354753,"STEPSTONE GROUP EUROPE ALTERNATIVE INVESTMENTS LIMITED","801-108403","N"
1997734,"STEPSTONE SENIOR CORPORATE LENDING FUND II - LP",805-8656123915,"STEPSTONE GROUP EUROPE ALTERNATIVE INVESTMENTS LIMITED","801-108403","N"
1997213,"MVM III (2020) LP",805-6648451825,"MVM PARTNERS, LLC","802-74926","N"
1997213,"MVM V (2020) LP",805-7531968800,"MVM PARTNERS, LLC","802-74926","N"
1997213,"MVM V (2021) LP",805-2238735483,"MVM PARTNERS, LLC","802-74926","N"
1997213,"MVM V LP",805-7494122778,"MVM PARTNERS, LLC","802-74926","N"
1997213,"MVM A LP",805-4319394141,"MVM PARTNERS, LLC","802-74926","N"
1997213,"MVM C LP",805-8861330842,"MVM PARTNERS, LLC","802-74926","N"
1997213,"MVM D LP",805-6930989033,"MVM PARTNERS, LLC","802-74926","N"
1997213,"MVM VI LP",805-9683806218,"MVM PARTNERS, LLC","802-74926","N"
1997213,"MVM F LP",805-7306456253,"MVM PARTNERS, LLC","802-74926","N"
1997213,"MVM E LP",805-3793284716,"MVM PARTNERS, LLC","802-74926","N"
1998788,"COLLER INTERNATIONAL PARTNERS V-A, L.P.",805-9849441992,"COLLER INVESTMENT MANAGEMENT LTD","801-56222","N"
1998788,"COLLER INTERNATIONAL PARTNERS V-B, L.P.",805-6409621518,"COLLER INVESTMENT MANAGEMENT LTD","801-56222","N"
1998788,"COLLER INTERNATIONAL PARTNERS VI, L.P.",805-2994917787,"COLLER INVESTMENT MANAGEMENT LTD","801-56222","N"
1998788,"COLLER INTERNATIONAL PARTNERS VI FEEDER FUND, L.P.",805-8094908349,"COLLER INVESTMENT MANAGEMENT LTD","801-56222","N"
1998788,"COLLER INTERNATIONAL PARTNERS VI FEEDER FUND E, L.P.",805-8554176647,"COLLER INVESTMENT MANAGEMENT LTD","801-56222","N"
1998788,"COLLER INTERNATIONAL PARTNERS VII, L.P.",805-5424770464,"COLLER INVESTMENT MANAGEMENT LTD","801-56222","N"
1998788,"COLLER INTERNATIONAL PARTNERS VII FEEDER FUND, L.P.",805-2560975531,"COLLER INVESTMENT MANAGEMENT LTD","801-56222","N"
1998788,"COLLER INTERNATIONAL PARTNERS VIII, L.P.",805-7542708988,"COLLER INVESTMENT MANAGEMENT LTD","801-56222","N"
1998788,"COLLER INTERNATIONAL PARTNERS VIII FEEDER FUND, L.P.",805-9260275972,"COLLER INVESTMENT MANAGEMENT LTD","801-56222","N"
1998788,"COLLER CREDIT OPPORTUNITIES I - A, L.P.",805-3231972221,"COLLER CREDIT SECONDARIES INVESTMENT MANAGEMENT LIMITED","802-123476","N"
1998788,"COLLER CREDIT OPPORTUNITIES I - B, L.P.",805-5108184435,"COLLER CREDIT SECONDARIES INVESTMENT MANAGEMENT LIMITED","802-123476","N"
1998788,"COLLER INTERNATIONAL PARTNERS IX, L.P.",805-3909445633,"COLLER INVESTMENT MANAGEMENT LTD","801-56222","N"
1998788,"COLLER INTERNATIONAL PARTNERS IX - A, L.P.",805-4720277338,"COLLER INVESTMENT MANAGEMENT LTD","801-56222","N"
1998788,"COLLER CREDIT OPPORTUNITIES II - A L.P",805-1076388103,"COLLER CREDIT SECONDARIES INVESTMENT MANAGEMENT LIMITED","802-123476","N"
1998788,"COLLER INTERNATIONAL PARTNERS IX - B, L.P.",805-2052534742,"COLLER INVESTMENT MANAGEMENT LTD","801-56222","N"
1998788,"COLLER INTERNATIONAL PARTNERS IX -D, L.P.",805-9192476881,"COLLER INVESTMENT MANAGEMENT LTD","801-56222","N"
1998788,"COLLER INTERNATIONAL PARTNERS IX - E, L.P.",805-8025662646,"COLLER INVESTMENT MANAGEMENT LTD","801-56222","N"
1998788,"COLLER INTERNATIONAL PARTNERS IX -F, L.P.",805-6705151756,"COLLER INVESTMENT MANAGEMENT LTD","801-56222","N"
1998788,"COLLER CREDIT OPPORTUNITIES II - B, L.P.",805-8897111059,"COLLER CREDIT SECONDARIES INVESTMENT MANAGEMENT LIMITED","802-123476","N"
1991827,"LES BORDES LP",805-1519532549,"ROUNDSHIELD PARTNERS LLP","802-79966","N"
1991827,"RS CO-INVEST III LP",805-2257269266,"ROUNDSHIELD PARTNERS LLP","802-79966","N"
1991827,"RS FUND II LP",805-8293496615,"ROUNDSHIELD PARTNERS LLP","802-79966","N"
1991827,"RS FUND III LP",805-8223474721,"ROUNDSHIELD PARTNERS LLP","802-79966","N"
1991827,"RS FUND IV LP",805-6717486025,"ROUNDSHIELD PARTNERS LLP","802-79966","N"
1991827,"ROUNDSHIELD 1 CO-INVEST 1 LP",805-5225212913,"ROUNDSHIELD PARTNERS LLP","802-79966","N"
1991827,"ISH NEW BUILD FUND, LP",805-9958226118,"ROUNDSHIELD PARTNERS LLP","802-79966","N"
1991827,"RS FUND V, LP",805-2650733073,"ROUNDSHIELD PARTNERS LLP","802-79966","N"
1991827,"RS LANDMARK OPPORTUNITIES FUND, LP",805-6158904035,"ROUNDSHIELD PARTNERS LLP","802-79966","N"
1991827,"RS NINE POINTS PROPERTY SPV, LP",805-3307507269,"ROUNDSHIELD PARTNERS LLP","802-79966","N"
1996835,"PEMBERTON DEBT FUND DELAWARE I LP",805-9782005629,"PEMBERTON CAPITAL ADVISORS LLP","801-107757","N"
1996835,"PEMBERTON DEBT FUND DELAWARE II LP",805-7297429658,"PEMBERTON CAPITAL ADVISORS LLP","801-107757","N"
1996835,"PEMBERTON STRATEGIC CREDIT FUND CAYMAN I LP",805-3948595276,"PEMBERTON CAPITAL ADVISORS LLP","801-107757","N"
1996835,"PEMBERTON STRATEGIC CREDIT FUND DELAWARE I LP",805-2701338031,"PEMBERTON CAPITAL ADVISORS LLP","801-107757","N"
1978161,"NEW HOLLAND TACTICAL ALPHA FUND LP",805-4079867382,"NEW HOLLAND CAPITAL, LLC","801-74244","N"
1995211,"APAX VANTAGE SOFTWARE I L.P.",805-5599099321,"APAX PARTNERS US, LLC","801-73724","N"
1997465,"AMBER HOLDINGS, L.P.",805-8851391649,"CDIB CAPITAL INTERNATIONAL CORPORATION","802-117410","N"
1997465,"NEXGEN BUYOUT PARTNERS, L.P.",805-3278563801,"CDIB CAPITAL INTERNATIONAL CORPORATION","802-117410","N"
1997465,"CDIB CAPITAL ASIA PARTNERS L.P.",805-5360106968,"CDIB CAPITAL INTERNATIONAL CORPORATION","802-117410","N"
1997465,"CDIB CAPITAL FUNDS PARTNERS, L.P.",805-1118978243,"CDIB CAPITAL INTERNATIONAL CORPORATION","802-117410","N"
1997465,"CDIB CAPITAL GLOBAL OPPORTUNITIES FUND L.P.",805-4187300359,"CDIB CAPITAL INTERNATIONAL CORPORATION","802-117410","N"
1997465,"NEXGEN BUYOUT PARTNERS FUND I, L.P.",805-7151089505,"CDIB CAPITAL INTERNATIONAL CORPORATION","802-117410","N"
1989184,"TOPWATER MAYFLY FUND LLC",805-7418791443,"LEUCADIA ASSET MANAGEMENT LLC","801-61698","N"
1989184,"BOOTHBAY ABSOLUTE RETURN STRATEGIES, LP",805-5663558974,"BOOTHBAY FUND MANAGEMENT","801-80018","N"
1989184,"BOOTHBAY DIVERSIFIED ALPHA MASTER FUND LP",805-3035644699,"BOOTHBAY FUND MANAGEMENT","801-80018","N"
1999785,"BEMAP MASTER FUND LTD.",805-1733608039,"BLACKSTONE ALTERNATIVE ASSET MANAGEMENT L.P.","801-52559","N"
2000149,"BEMAP MASTER FUND LTD. PFID",805-1733608039,"BLACKSTONE ALTERNATIVE ASSET MANAGEMENT L.P.","801-52559","N"
2000149,"BLACKSTONE CSP-MST FMAP FUND PFID",805-2229939392,"BLACKSTONE ALTERNATIVE ASSET MANAGEMENT L.P.","801-52559","N"
1985379,"LIGHTSPEED INDIA PARTNERS II, LLC",805-8099898365,"ASHWOOD CAPITAL MANAGEMENT LTD","802-119103","N"
1985379,"LIGHTSPEED INDIA PARTNERS I, LLC",805-6076943278,"ASHWOOD CAPITAL MANAGEMENT LTD","802-119103","N"
1985379,"LIGHTSPEED INDIA PARTNERS III, LLC",805-6349380071,"ASHWOOD CAPITAL MANAGEMENT LTD","802-119103","N"
1985379,"LIGHTSPEED INDIA PARTNERS IV, LLC",805-2130547099,"ASHWOOD CAPITAL MANAGEMENT LTD","802-119103","N"
1987484,"TRILL IMPACT (NO. 1) SCSP",805-1176287526,"TRILL IMPACT ADVISORY AB","802-120929","N"
1987484,"TRILL IMPACT (NO. 2) SCSP",805-2459518801,"TRILL IMPACT ADVISORY AB","802-120929","N"
1987484,"TRILL IMPACT II (NO. 1) SCSP",805-4522330954,"TRILL IMPACT ADVISORY AB","802-120929","N"
1987484,"TRILL IMPACT II (NO. 2) SCSP",805-4802662282,"TRILL IMPACT ADVISORY AB","802-120929","N"
1996522,"BREVAN HOWARD MASTER FUND LIMITED",805-8180846603,"BREVAN HOWARD CAPITAL MANAGEMENT, LP","802-74971","N"
1996522,"BREVAN HOWARD MB MACRO MASTER FUND LIMITED",805-8089904964,"BREVAN HOWARD CAPITAL MANAGEMENT, LP","802-74971","N"
1996522,"BREVAN HOWARD ALPHA STRATEGIES MASTER FUND LIMITED",805-4760818502,"BREVAN HOWARD CAPITAL MANAGEMENT, LP","802-74971","N"
1996522,"BREVAN HOWARD EMERGING MARKETS MULTI-STRATEGY MASTER FUND LIMITED",805-5771232715,"BREVAN HOWARD CAPITAL MANAGEMENT, LP","802-74971","N"
1996522,"BREVAN HOWARD SYSTEMATIC RESEARCH & TECHNOLOGIES MASTER FUND LIMITED",805-1784472614,"BREVAN HOWARD CAPITAL MANAGEMENT, LP","802-74971","N"
1996692,"NR 1 SP, A SEGREGATED PORTFOLIO OF NORTH ROCK SPC",805-5517156357,"LIGHTHOUSE INVESTMENT PARTNERS, LLC","801-64978","N"
1996692,"SPF SECURITIZED PRODUCTS MASTER FUND LTD.",805-3309078242,"SPF INVESTMENT MANAGEMENT, L.P.","801-114411","N"
1996692,"PACIFIC ALLIANCE ASIA OPPORTUNITY FUND L.P.",805-1563139656,"PAG","802-75212","N"
1996692,"PAG ASIA OPPORTUNITY S CLASS LP",805-6535898078,"PAG","802-75212","N"
1996692,"PAG BRS FUND L.P.",805-7242197096,"PAG","802-75212","N"
1996692,"PAG BRS FUND II L.P.",805-7620357164,"PAG","802-75212","N"
1996692,"GUARDIAN POINT L.P.",805-5197778524,"GUARDIAN POINT CAPITAL, LP","801-100438","N"
1996692,"CENTIVA MASTER FUND LP",805-1533399208,"CENTIVA CAPITAL, LP","801-108886","N"
1996692,"SCHONFELD IR MASTER FUND PTE. LTD.",805-9778436843,"SCHONFELD STRATEGIC ADVISORS LLC","801-106963","N"
1996692,"DIAMETER MASTER FUND LP",805-5034426706,"DIAMETER CAPITAL PARTNERS LP","801-111022","N"
1996692,"DIAMETER DISLOCATION MASTER FUND II LP",805-7603834408,"DIAMETER CAPITAL PARTNERS LP","801-111022","N"
1996692,"DIAMETER DISLOCATION MASTER FUND LP",805-4099092327,"DIAMETER CAPITAL PARTNERS LP","801-111022","N"
1996692,"THINK INDIA OPPORTUNITIES MASTER FUND LP",805-7663853287,"THINK INVESTMENTS","801-78779","N"
1996692,"SUNRISE INVESTMENTS LP",805-3910891222,"SUNRISE INVESTMENTS HOLDINGS LIMITED","802-119865","N"
1996692,"GREENLAND MASTER FUND LP",805-2965574952,"GREENLAND CAPITAL MANAGEMENT LP","801-122866","Y"
1996692,"POLAR MULTI-STRATEGY MASTER FUND LTD",805-5658185195,"POLAR ASSET MANAGEMENT PARTNERS INC.","801-120867","N"
1996692,"BOOTHBAY ABSOLUTE RETURNS STRATEGIES LP",805-5663558974,"BOOTHBAY FUND MANAGEMENT","801-80018","N"
1996692,"BOOTHBAY DIVERSIFIED ALPHA MASTER FUND LP",805-3035644699,"BOOTHBAY FUND MANAGEMENT","801-80018","N"
1996692,"QSMA TORUS SP",805-7075573687,"QUBE RESEARCH & TECHNOLOGIES LIMITED","802-116999","N"
1996692,"SEA HAWK MULTI-STRATEGY MASTER FUND LTD",805-4704735509,"WALLEYE CAPITAL LLC","801-113731","N"
1996692,"AQUATIC MASTER FUND A LP",805-5204393100,"AQUATIC CAPITAL MANAGEMENT LLC","801-120230","N"
1996692,"AFBI MULTI STRATEGY MASTER FUND I LP",805-1055501861,"AFBI LP","801-131230","N"
1996692,"AFBI MULTI STRATEGY OPPORTUNISTIC ONSHORE FUND LP",805-2162562897,"AFBI LP","801-131230","N"
1996692,"EAGLE HARBOR MULTI-STRATEGY FUND LIMITED",805-7854630736,"LIGHTHOUSE INVESTMENT PARTNERS, LLC","801-64978","N"
1974935,"COLUMNA CAPITAL FUND II SCSP",805-9891227145,"COLUMNA GP II S.A R.L.","802-121778","N"
1974935,"COLUMNA CAPITAL FUND III SCSP",805-8279620644,"COLUMNA GP III S.A R.L.","802-124946","N"
1974935,"COLUMNA FUND III CO-INVESTMENT OPPORTUNITIES SCSP",805-2102588482,"COLUMNA GP III S.A R.L.","802-124946","N"
1974935,"COLUMNA FUND II CO-INVESTMENT OPPORTUNITIES SCSP",805-9410588609,"COLUMNA GP II S.A R.L.","802-121778","N"
1995323,"SOUTHERN RIDGES MASTER MACRO FUND",805-4242636412,"SOUTHERN RIDGES CAPITAL PTE. LTD.","802-114387","N"
1995323,"SOUTHERN RIDGES SUMMIT MASTER MACRO FUND",805-2178459813,"SOUTHERN RIDGES CAPITAL PTE. LTD.","802-114387","N"
1998612,"KALYSTA CAPITAL FUND (MAURITIUS)",805-3142541900,"KALYSTA CAPITAL PRIVATE LTD MAURITIUS","802-106728","N"
1998612,"KALYSTA CAPITAL FUND II (MAURITIUS)",805-3264615546,"KALYSTA CAPITAL PRIVATE LTD MAURITIUS","802-106728","N"
1995259,"COLOMBE INVEST II SCSP",805-9676288964,"ICG EUROPE S.A.R.L.","802-113580","N"
1995259,"ICG DIOCLE INVESTMENT SCSP",805-7235602099,"ICG EUROPE S.A.R.L.","802-113580","N"
1995259,"ICG EUROPE MID-MARKET FUND II SCSP",805-8829142350,"ICG EUROPE S.A.R.L.","802-113580","N"
1995259,"ICG GLOBAL CO-INVESTMENT B SCSP",805-9380003891,"ICG EUROPE S.A.R.L.","802-113580","N"
1995259,"ICG GLOBAL CO-INVESTMENT D SCSP",805-2687013156,"ICG EUROPE S.A.R.L.","802-113580","N"
1995259,"ICG GLOBAL CO-INVESTMENT E SCSP",805-4301957895,"ICG EUROPE S.A.R.L.","802-113580","N"
1995259,"ICG INFRASTRUCTURE EQUITY FUND I SCSP",805-1651497216,"ICG EUROPE S.A.R.L.","802-113580","N"
1995259,"ICG LONGBOW UK REAL ESTATE DEBT INVESTMENT V SCSP",805-2938080601,"ICG EUROPE S.A.R.L.","802-113580","N"
1995259,"ICG METROPOLITAN CO-INVEST SCSP",805-7418296054,"ICG EUROPE S.A.R.L.","802-113580","N"
1995259,"ICG METROPOLITAN II SCA SICAV-RAIF",805-3433918029,"ICG EUROPE S.A.R.L.","802-113580","N"
1995259,"ICG MXV CO-INVESTMENT I SCSP",805-7951553480,"ICG EUROPE S.A.R.L.","802-113580","N"
1995259,"ICG MXV CO-INVESTMENT II SCSP",805-9749925346,"ICG EUROPE S.A.R.L.","802-113580","N"
1995259,"ICG NEWTON SCSP",805-8663900321,"ICG EUROPE S.A.R.L.","802-113580","N"
1995259,"ICG PRIVATE MARKETS FUND SCSP SICAV-RAIF",805-8590360781,"ICG EUROPE S.A.R.L.","802-113580","N"
1995259,"ICG REAL ESTATE DEBT VI SCSP",805-6330555665,"ICG EUROPE S.A.R.L.","802-113580","N"
1995259,"ICG RECOVERY FUND II SCSP",805-8824893033,"ICG EUROPE S.A.R.L.","802-113580","N"
1995259,"ICG SANTO SCSP",805-6652394144,"ICG EUROPE S.A.R.L.","802-113580","N"
1995259,"ICG SENIOR DEBT PARTNERS - SDP3",805-8641256594,"ICG EUROPE S.A.R.L.","802-113580","N"
1995259,"ICG SENIOR DEBT PARTNERS - SDP3B",805-3845082587,"ICG EUROPE S.A.R.L.","802-113580","N"
1995259,"ICG SENIOR DEBT PARTNERS - SDP4A",805-3823563400,"ICG EUROPE S.A.R.L.","802-113580","N"
1995259,"ICG SENIOR DEBT PARTNERS - SDP4B",805-2984249941,"ICG EUROPE S.A.R.L.","802-113580","N"
1995259,"ICG SENIOR DEBT PARTNERS - SDP4C",805-3325042323,"ICG EUROPE S.A.R.L.","802-113580","N"
1995259,"ICG SENIOR DEBT PARTNERS ARIZONA",805-1073051355,"ICG EUROPE S.A.R.L.","802-113580","N"
1995259,"ICG SENIOR DEBT PARTNERS FUND 5-A (EUR) SCSP",805-4548433572,"ICG EUROPE S.A.R.L.","802-113580","N"
1995259,"ICG SENIOR DEBT PARTNERS FUND 5-C (USD LEVERAGED) SCSP",805-6294214676,"ICG EUROPE S.A.R.L.","802-113580","N"
1995259,"ICG SENIOR DEBT PARTNERS II",805-2040106642,"ICG EUROPE S.A.R.L.","802-113580","N"
1995259,"ICG SLB II SCA SICAV RAIF",805-3379327597,"ICG EUROPE S.A.R.L.","802-113580","N"
1995259,"ICG SUNRISE SCSP",805-9951527227,"ICG EUROPE S.A.R.L.","802-113580","N"
1995259,"ICG VANADIUM SCSP",805-6025269996,"ICG EUROPE S.A.R.L.","802-113580","N"
1995259,"ICG-LONGBOW UK REAL ESTATE DEBT INVESTMENTS III SARL",805-8332190395,"ICG EUROPE S.A.R.L.","802-113580","N"
1995259,"ICG-LONGBOW UK REAL ESTATE DEBT INVESTMENTS V SCSP",805-4781451306,"ICG EUROPE S.A.R.L.","802-113580","N"
1995259,"RAVEN COINVEST SCSP",805-3396601454,"ICG EUROPE S.A.R.L.","802-113580","N"
1995259,"TRIO COINVESTMENT FUND SCSP",805-1249481237,"ICG EUROPE S.A.R.L.","802-113580","N"
1995259,"COLOMBE INVEST I SCSP",805-3968710694,"ICG EUROPE S.A.R.L.","802-113580","N"
1995259,"COLOMBE INVEST III SCSP",805-2566184985,"ICG EUROPE S.A.R.L.","802-113580","N"
1995259,"CX VIII COINVEST SCSP",805-1613836367,"ICG EUROPE S.A.R.L.","802-113580","N"
1995259,"ICG EUROPE CO-INVESTMENT A S.C.A. SICAV-RAIF",805-3227156462,"ICG EUROPE S.A.R.L.","802-113580","N"
1995259,"ICG EUROPE FUND VII SCSP",805-7002109561,"ICG EUROPE S.A.R.L.","802-113580","N"
1995259,"ICG EUROPE FUND VIII SCSP",805-6747878127,"ICG EUROPE S.A.R.L.","802-113580","N"
1995259,"ICG EUROPE MID-MARKET FUND SCSP",805-2070794443,"ICG EUROPE S.A.R.L.","802-113580","N"
1995259,"CHARLOIS C-INVEST SCSP",805-8610388985,"ICG EUROPE S.A.R.L.","802-113580","N"
1995259,"ICG - CRPTF GLOBAL MULTI STRATEGY I SCSP",805-8525109651,"ICG EUROPE S.A.R.L.","802-113580","N"
1995259,"WIMBLEDON CO-INVEST SCSP",805-5555290624,"ICG EUROPE S.A.R.L.","802-113580","N"
1995259,"VEGA CO-INVEST SCSP",805-7803378021,"ICG EUROPE S.A.R.L.","802-113580","N"
1995259,"TUSCANY CO-INVEST SCSP",805-7104708159,"ICG EUROPE S.A.R.L.","802-113580","N"
1995259,"SPRINKLER 2024 CO-INVESTMENT I SCSP",805-8625485787,"ICG EUROPE S.A.R.L.","802-113580","N"
1995259,"LOCI CO-INVEST SCSP",805-4959869570,"ICG EUROPE S.A.R.L.","802-113580","N"
1995259,"ICG TOTAL CREDIT FUND",805-3834889202,"ICG EUROPE S.A.R.L.","802-113580","N"
1995259,"ICG EUROPE CO-INVESTMENT C SCSP",805-3025609176,"ICG EUROPE S.A.R.L.","802-113580","N"
1995259,"ICG GLOBAL LOAN FUND",805-7529430536,"ICG EUROPE S.A.R.L.","802-113580","N"
1995259,"ICG EUROPE FUND IX SCSP",805-9202111171,"ICG EUROPE S.A.R.L.","802-113580","N"
1995259,"ICG EUROPEAN SENIOR LOAN FUND",805-6444361370,"ICG EUROPE S.A.R.L.","802-113580","N"
1995259,"ICG EXCELSIOR SCSP",805-4226690638,"ICG EUROPE S.A.R.L.","802-113580","N"
1995259,"ICG GLOBAL TOTAL CREDIT FUND",805-9632092027,"ICG EUROPE S.A.R.L.","802-113580","N"
1995259,"ICG LIMESTONE MULTI-STRATEGY SMA SCSP",805-1590490667,"ICG EUROPE S.A.R.L.","802-113580","N"
1995259,"ICG LUDGATE HILL IA SCSP",805-9089290329,"ICG EUROPE S.A.R.L.","802-113580","N"
1995259,"ICG LUDGATE HILL IB SCSP",805-3981521605,"ICG EUROPE S.A.R.L.","802-113580","N"
1995259,"ICG METROPOLITAN AP II SCSP",805-4279982208,"ICG EUROPE S.A.R.L.","802-113580","N"
1995259,"ICG SRATEGIC EQUITY CO-INVESTMENT SUB-FUND IV-B S.C.A. SICAV-RAIF",805-2322438350,"ICG EUROPE S.A.R.L.","802-113580","N"
1995259,"ICG STRATEGIC EQUITY FUND V (EUR) SCSP",805-3443068147,"ICG EUROPE S.A.R.L.","802-113580","N"
1995259,"ICG STRATEGIC EQUITY IV (EUROPE) SICAV-RAIF S.C.A.",805-7660762254,"ICG EUROPE S.A.R.L.","802-113580","N"
1992431,"MAP 240, A SEGREGATED PORTFOLIO OF LMA SPC",805-7823283326,"LIGHTHOUSE INVESTMENT PARTNERS, LLC","801-64978","N"
1992431,"SELECT MARKET ACCESS FUND LTD.",805-7432327029,"TANGENCY CAPITAL INVESTMENT ADVISORY LTD.","801-122403","N"
1992431,"SELECT MARKET OPPORTUNITIES FUND LTD",805-7025203011,"TANGENCY CAPITAL INVESTMENT ADVISORY LTD.","801-122403","N"
1992431,"SELECT TOP LAYER FUND LTD.",805-9227086188,"TANGENCY CAPITAL INVESTMENT ADVISORY LTD.","801-122403","N"
1992431,"HIVEMIND VALIDATION MASTER FUND LP",805-1887956186,"HIVEMIND CAPITAL PARTNERS LLC","801-127830","N"
1992431,"405 MSTV I LP",805-4028788721,"NEW HOLLAND CAPITAL, LLC","801-74244","N"
1992431,"NEW HOLLAND TACTICAL ALPHA FUND LP",805-4079867382,"NEW HOLLAND CAPITAL, LLC","801-74244","N"
1993937,"ELAN MASTER FUND LTD.",805-4875463319,"ELAN CAPITAL MANAGEMENT (LONDON) LTD","802-112295","N"
1995459,"SCI-FOUNDER FELLOWSHIP I, A SERIES OF SCIFOUNDERS, LP",805-3306721146,"ANGELLIST ADVISORS","802-78135","N"
1997279,"BOOTHBAY DIVERSIFIED ALPHA MASTER FUND LP",805-3035644699,"BOOTHBAY FUND MANAGEMENT","801-80018","N"
1997279,"BOOTHBAY ABSOLUTE RETURN STRATEGIES, LP",805-5663558974,"BOOTHBAY FUND MANAGEMENT","801-80018","N"
1996565,"MONTAGU+ (FEEDER) SCSP",805-6815414613,"MPE MANAGER LUX S. R.L.","802-123202","N"
1996565,"MONTAGU+ SCSP",805-5488347499,"MPE MANAGER LUX S. R.L.","802-123202","N"
1988761,"EAGLE CAPITAL SERIES FUND LLC",805-1532318191,"SCHONFELD STRATEGIC ADVISORS LLC","801-106963","N"
1988761,"WHITNEY CAPITAL SERIES FUND LLC",805-3974373214,"SCHONFELD STRATEGIC ADVISORS LLC","801-106963","N"
1988761,"DUKE CAPITAL SERIES FUND LLC",805-8694674034,"SCHONFELD STRATEGIC ADVISORS LLC","801-106963","N"
1988761,"EMORY CAPITAL SERIES FUND LLC",805-6543531376,"SCHONFELD STRATEGIC ADVISORS LLC","801-106963","N"
1988761,"SCHONFELD IR MASTER FUND PTE. LTD.",805-9778436843,"SCHONFELD STRATEGIC ADVISORS LLC","801-106963","N"
1988761,"SSAF TV LTD",805-4994192819,"SCHONFELD STRATEGIC ADVISORS LLC","801-106963","N"
1997516,"TRAFALGAR TRADING FUND INC.",805-6380485186,"TRAFALGAR CAPITAL MANAGEMENT (HK) LIMITED","802-75883","N"
1996920,"PRELUDE STRUCTURED ALTERNATIVES MASTER FUND, LP",805-2495224621,"PRELUDE CAPITAL MANAGEMENT, LLC","801-73598","N"
1995939,"DURO ONE FUND, LP",805-4000014809,"DURO CAPITAL LIMITED","802-114366","N"
1995939,"DURO INDIA OPPORTUNITIES FUND PTE. LTD.",805-6916280564,"DURO CAPITAL (SINGAPORE) ADVISORS PTE. LTD.","802-118715","N"
1992443,"CAPITALWORKS PRIVATE EQUITY FUND II LP",805-9706383382,"CAPITALWORKS PRIVATE EQUITY ADVISOR LIMITED","802-78484","Y"
1992443,"CAPITALWORKS PRIVATE EQUITY FUND III LP",805-6253645807,"CAPITALWORKS MANAGEMENT (GUERNSEY) LIMITED","802-126292","Y"
1999755,"FUND A",805-5663558974,"BOOTHBAY FUND MANAGEMENT","801-80018","N"
1999755,"FUND B",805-3035644699,"BOOTHBAY FUND MANAGEMENT","801-80018","N"
1991720,"FUND I, A SERIES OF 20GROWTH, LP",805-4879728107,"ANGELLIST ADVISORS","802-78135","Y"
1991720,"FUND I, A SERIES OF 20SALES, LP",805-2977586730,"ANGELLIST ADVISORS","802-78135","Y"
1991720,"FUND I, A SERIES OF 20PRODUCT, LP",805-7693981463,"ANGELLIST ADVISORS","802-78135","Y"
1984711,"ABS DIRECT EQUITY FUND LLC - JAPAN SERIES 2",805-7679256382,"ABS GLOBAL INVESTMENTS","801-62188","N"
1999630,"MVM FUND III (NO.2) LIMITED PARTNERSHIP",805-7118432568,"MVM PARTNERS LLP","802-74677","N"
1999630,"MVM FUND III LIMITED PARTNERSHIP",805-1952893189,"MVM PARTNERS LLP","802-74677","N"
1999630,"MVM IV LP",805-6557843345,"MVM PARTNERS LLP","802-74677","N"
1999630,"MVM IV CO-INVESTMENT I LP",805-1125831204,"MVM PARTNERS LLP","802-74677","N"
1999630,"MVM IV (2019) LP",805-8344360053,"MVM PARTNERS LLP","802-74677","N"
1997464,"BEMAP MASTER FUND LTD.",805-1733608039,"BLACKSTONE ALTERNATIVE ASSET MANAGEMENT L.P.","801-52559","N"
1998356,"BG MASTER FUND ICAV",805-3162248096,"BOUSSARD & GAVAUDAN INVESTMENT MANAGEMENT LLP","801-80122","N"
1993570,"TANGIBLE SEGREGATED PORTFOLIO",805-9289704761,"TANGIBLE INVESTMENT MANAGEMENT LIMITED","802-118137","Y"
1997557,"FITZWALTER CAPITAL PARTNERS I, LP",805-3962949974,"FITZWALTER CAPITAL (US) LLC","801-119898","N"
1997557,"FITZWALTER CAPITAL PARTNERS COINVEST I, LP",805-1987123697,"FITZWALTER CAPITAL (US) LLC","801-119898","N"
1997557,"FITZWALTER CAPITAL PARTNERS II, LP",805-6999499927,"FITZWALTER CAPITAL (US) LLC","801-119898","N"
1998682,"BLOSSOM CAPITAL II LP",805-8772797203,"BLOSSOM CAPITAL MANAGEMENT LIMITED","802-129700","N"
1998682,"BLOSSOM CAPITAL III LP",805-9918436054,"BLOSSOM CAPITAL MANAGEMENT LIMITED","802-129700","N"
1998682,"BLOSSOM CAPITAL CO-INVESTMENT (A) LP",805-1090900299,"BLOSSOM CAPITAL MANAGEMENT LIMITED","802-129700","N"
1998682,"BLOSSOM CAPITAL CO-INVESTMENT (M) LP",805-8423114530,"BLOSSOM CAPITAL MANAGEMENT LIMITED","802-129700","N"
1998682,"BLOSSOM CAPITAL CO-INVESTMENT (MP) LP",805-9600527953,"BLOSSOM CAPITAL MANAGEMENT LIMITED","802-129700","N"
1998682,"BLOSSOM CAPITAL OPPORTUNITY 2021 LP",805-6000970474,"BLOSSOM CAPITAL MANAGEMENT LIMITED","802-129700","N"
1998682,"BLOSSOM CAPITAL CO-INVESTMENT (C) LP",805-5574984036,"BLOSSOM CAPITAL MANAGEMENT LIMITED","802-129700","N"
1998682,"BLOSSOM CAPITAL CO-INVESTMENT (CH) LP",805-8092338746,"BLOSSOM CAPITAL MANAGEMENT LIMITED","802-129700","N"
1998682,"BLOSSOM CAPITAL CO-INVESTMENT (CHK) LP",805-7561233188,"BLOSSOM CAPITAL MANAGEMENT LIMITED","802-129700","N"
1998682,"BLOSSOM CAPITAL CO-INVESTMENT (P) LP",805-8024413728,"BLOSSOM CAPITAL MANAGEMENT LIMITED","802-129700","N"
1998682,"BLOSSOM CAPITAL CO-INVESTMENT (P1) LP",805-7030112679,"BLOSSOM CAPITAL MANAGEMENT LIMITED","802-129700","N"
1998682,"BLOSSOM CAPITAL CO-INVESTMENT (S) LP",805-6975792298,"BLOSSOM CAPITAL MANAGEMENT LIMITED","802-129700","N"
1998682,"BLOSSOM CAPITAL CO-INVESTMENT (T) LP",805-6916683748,"BLOSSOM CAPITAL MANAGEMENT LIMITED","802-129700","N"
1998682,"BLOSSOM CAPITAL CO-INVESTMENT (T1) LP",805-5891536009,"BLOSSOM CAPITAL MANAGEMENT LIMITED","802-129700","N"
1998682,"BLOSSOM CAPITAL I LP",805-7551695351,"BLOSSOM CAPITAL MANAGEMENT LIMITED","802-129700","N"
1998682,"BLOSSOM CAPITAL IV LP",805-9205793489,"BLOSSOM CAPITAL MANAGEMENT LIMITED","802-129700","N"
