"FilingID","ReferenceID","Name of Auditing Firm","City","State","Country","Independent","PCAOB Registered","PCAOB Number","PCAOB Inspected"
1992529,3874,"PRICEWATERHOUSE COOPERS LLP","VANCOUVER, BC","","Canada","Y","Y",271,"Y"
1992529,3871,"PRICEWATERHOUSECOOPERS LLP","VANCOUVER, BC","","Canada","Y","Y",271,"Y"
1992529,245184,"PRICEWATERHOUSECOOPERS LLP","GRAND CAYMAN","","Cayman Islands","Y","Y",271,"Y"
1992529,212499,"PRICEWATERHOUSECOOPERS LLP","VANCOUVER, BC","","Canada","Y","Y",271,"Y"
1992529,397389,"ERNST & YOUNG","AMSTERDAM","","Netherlands","Y","Y",1396,"Y"
1992567,232785,"PRICEWATERHOUSECOOPERS","DUBLIN 1","","Ireland","Y","Y",1366,"Y"
1992567,210456,"KPMG","DUBLIN","","Ireland","Y","Y",1366,"Y"
1992567,287571,"PRICE WATERHOUSE COOPERS UK","LONDON","","United Kingdom","Y","Y",876,"Y"
1977356,283049,"GRANT THORNTON CAYMAN ISLANDS","GRAND CAYMAN","","Cayman Islands","Y","Y",248,"Y"
1977356,249031,"KPMG","GRAND CAYMAN","","Cayman Islands","Y","Y",185,"Y"
1987594,170117,"E&Y VIETNAM","HO CHI MINH CITY","","Vietnam","Y","N",,""
1979646,376426,"DELOITTE","LUXEMBOURG","","Luxembourg","Y","Y",1287,"Y"
1979646,319917,"DELOITTE","LUXEMBOURG","","Luxembourg","Y","Y",1287,"Y"
1979646,319916,"DELOITTE","LUXEMBOURG","","Luxembourg","Y","Y",1287,"Y"
1979646,310903,"DELOITTE","LUXEMBOURG","","Luxembourg","Y","Y",1287,"Y"
1979646,310902,"DELOITTE","LUXEMBOURG","","Luxembourg","Y","Y",1287,"Y"
1988635,421299,"KPMG","SAN FRANCISCO","California","United States","Y","Y",185,"Y"
1987629,425156,"DELOITTE & TOUCHE LLP","695 E. MAIN STREET","Connecticut","United States","Y","Y",34,"Y"
1981031,373334,"DELOITTE & TOUCHE LLP","GRAND CAYMAN","","Cayman Islands","Y","Y",1096,"Y"
1987044,276870,"MATTHEWS CARTER & BOYCE","FAIRFAX","Virginia","United States","Y","N",,""
1956793,174837,"FRANK, RIMERMAN AND CO. LLP","PALO ALTO","California","United States","Y","Y",1596,"Y"
1956793,174830,"FRANK, RIMERMAN AND CO. LLP","PALO ALTO","California","United States","Y","Y",1596,"Y"
1956793,254782,"FRANK, RIMERMAN AND CO. LLP","PALO ALTO","California","United States","Y","Y",1596,"Y"
1956793,368942,"FRANK, RIMERMAN AND CO. LLP","PALO ALTO","California","United States","Y","Y",1596,"Y"
1956793,216884,"FRANK, RIMERMAN AND CO. LLP","PALO ALTO","California","United States","Y","Y",1596,"Y"
1956793,227194,"FRANK, RIMERMAN AND CO. LLP","PALO ALTO","California","United States","Y","Y",1596,"Y"
1988351,486195,"WEAVER AND TIDWELL LLP","NEW YORK","New York","United States","Y","Y",410,"Y"
1988078,372707,"FRANK, RIMERMAN & CO. LLP","PALO ALTO","California","United States","Y","Y",1596,"Y"
1988078,250800,"FRANK, RIMERMAN & CO. LLP","PALO ALTO","California","United States","Y","Y",1596,"Y"
1988078,443535,"FRANK, RIMERMAN & CO. LLP","PALO ALTO","California","United States","Y","Y",1596,"Y"
1989354,198913,"BDO USA, LLP","SAN FRANCISCO","California","United States","Y","Y",243,"Y"
1989354,198913,"BDO & CO.","PORT LOUIS","","Mauritius","Y","N",,""
1983592,485680,"DELOITTE TOUCHE","GRAND CAYMAN","","Cayman Islands","Y","Y",1096,"Y"
1983592,254397,"DELOITTE TOUCHE","GRAND CAYMAN","","Cayman Islands","Y","Y",1096,"Y"
1983592,254398,"DELOITTE TOUCHE","GRAND CAYMAN","","Cayman Islands","Y","Y",1096,"Y"
1983210,485477,"PWC SOCIÉTÉ COOPÉRATIVE","LUXEMBOURG","","Luxembourg","Y","N",,""
1989136,486273,"CLIFTON LARSON ALLEN","CHAMPAIGN","Illinois","United States","N","Y",655,"N"
1989136,227577,"CLIFTONLARSONALLEN","CHAMPAIGN","Illinois","United States","N","Y",655,"N"
1989136,227639,"CLIFTONLARSONALLEN","CHAMPAIGN","Illinois","United States","N","Y",655,"N"
1989136,227579,"CLIFTONLARSONALLEN","CHAMPAIGN","Illinois","United States","N","Y",655,"N"
1989136,227578,"CLIFTONLARSONALLEN","CHAMPAIGN","Illinois","United States","N","Y",655,"N"
1989136,227580,"CLIFTONLARSONALLEN","CHAMPAIGN","Illinois","United States","N","Y",655,"N"
1989136,306036,"CLIFTON LARSON ALLEN","CHAMPAIGN","Illinois","United States","N","Y",655,"N"
1987585,425358,"ANCHIN, BLOCK & ANCHIN LLP","NEW YORK","New York","United States","Y","Y",168,"Y"
1989418,54907,"ERNST & YOUNG LTD","GRAND CAYMAN","","Cayman Islands","Y","Y",1655,"Y"
1988732,195103,"BDO LLP","LONDON","","United Kingdom","Y","Y",1295,"Y"
1988732,168734,"BDO LLP","LONDON","","United Kingdom","Y","Y",1295,"Y"
1988732,5822,"BDO LLP","LONDON","","United Kingdom","Y","Y",1295,"Y"
1988732,285628,"BDO LLP","LONDON","","United Kingdom","Y","Y",1295,"Y"
1987834,363452,"PLANTE & MORAN, PLLC","SOUTHFIELD","Michigan","United States","Y","Y",166,"Y"
1974879,202058,"DELOITTE TOUCHE","GRAND CAYMAN","","Cayman Islands","Y","Y",1096,"Y"
1974907,486224,"DELOITTE TOUCHE","GRAND CAYMAN","","Cayman Islands","Y","Y",1096,"Y"
1974907,254403,"DELOITTE TOUCHE","GRAND CAYMAN","","Cayman Islands","Y","Y",1096,"Y"
1974907,254405,"DELOITTE TOUCHE","GRAND CAYMAN","","Cayman Islands","Y","Y",1096,"Y"
1989501,33862,"KPMG","GEORGETOWN","","Cayman Islands","Y","Y",1323,"Y"
1988590,368329,"EISNERAMPER LLP","NEW YORK","New York","United States","Y","Y",274,"Y"
1987707,196539,"RSM US LLP","NEW YORK","New York","United States","Y","Y",49,"Y"
1987707,260975,"RSM US LLP","NEW YORK","New York","United States","Y","Y",49,"Y"
1987707,438637,"RSM US LLP","NEW YORK","New York","United States","Y","Y",49,"Y"
1989649,199967,"KPMG LLP","SAN FRANCISCO","California","United States","Y","Y",185,"Y"
1989649,178058,"KPMG LLP","SAN FRANCISCO","California","United States","Y","Y",185,"Y"
1989649,216883,"KPMG LLP","SAN FRANCISCO","California","United States","Y","Y",185,"Y"
1989649,197027,"KPMG LLP","SAN FRANCISCO","California","United States","Y","Y",185,"Y"
1989649,216419,"KPMG LLP","SAN FRANCISCO","California","United States","Y","Y",185,"Y"
1989649,203738,"KPMG LLP","SAN FRANCISCO","California","United States","Y","Y",185,"Y"
1989649,378622,"KPMG LLP","SAN FRANCISCO","California","United States","Y","Y",185,"Y"
1990333,362539,"KPMG LLP","SAN FRANCISCO","California","United States","Y","Y",185,"Y"
1990333,362528,"KPMG LLP","SAN FRANCISCO","California","United States","Y","Y",185,"Y"
1990333,304426,"KPMG LLP","SAN FRANCISCO","California","United States","Y","Y",185,"Y"
1990333,250381,"KPMG LLP","SAN FRANCISCO","California","United States","Y","Y",185,"Y"
1990333,250373,"KPMG LLP","SAN FRANCISCO","California","United States","Y","Y",185,"Y"
1990333,304395,"KPMG LLP","SAN FRANCISCO","California","United States","Y","Y",185,"Y"
1990333,362562,"KPMG LLP","SAN FRANCISCO","California","United States","Y","Y",185,"Y"
1990333,362519,"KPMG LLP","SAN FRANCISCO","California","United States","Y","Y",185,"Y"
1990333,362525,"KPMG LLP","SAN FRANCISCO","California","United States","Y","Y",185,"Y"
1990333,362398,"KPMG LLP","SAN FRANCISCO","California","United States","Y","Y",185,"Y"
1990333,362534,"KPMG LLP","SAN FRANCISCO","California","United States","Y","Y",185,"Y"
1990333,304438,"KPMG LLP","SAN FRANCISCO","California","United States","Y","Y",185,"Y"
1990333,378762,"KPMG LLP","SAN FRANCISCO","California","United States","Y","Y",185,"Y"
1990333,378756,"KPMG LLP","SAN FRANCISCO","California","United States","Y","Y",185,"Y"
1990333,247442,"KPMG LLP","SAN FRANCISCO","California","United States","Y","Y",185,"Y"
1991746,245714,"KPMG","GRAND CAYMAN","","Cayman Islands","Y","Y",1323,"Y"
1991746,193850,"KPMG","GRAND CAYMAN","","Cayman Islands","Y","Y",1323,"Y"
1991746,420584,"KPMG","GRAND CAYMAN","","Cayman Islands","Y","Y",1323,"Y"
1989302,422200,"MAZARS","DUBLIN","","Ireland","Y","N",,""
1989302,364296,"DELOITTE AUDIT","LUXEMBOURG","","Luxembourg","Y","Y",1287,"Y"
1987795,418772,"FRANK, RIMERMAN & CO. LLP","SAN JOSE","California","United States","Y","Y",1596,"Y"
1987795,237864,"FRANK RIMERMAN + CO. LLP","SAN JOSE","California","United States","Y","Y",1596,"Y"
1988252,367377,"KPMG","RIO DE JANEIRO","","Brazil","Y","Y",1124,"Y"
1988252,367332,"KPMG","RIO DE JANEIRO","","Brazil","Y","Y",1124,"Y"
1988252,367335,"KPMG","RIO DE JANEIRO","","Brazil","Y","Y",1124,"Y"
1988252,367275,"KPMG","RIO DE JANEIRO","","Brazil","Y","Y",1124,"Y"
1988252,468578,"KPMG","RIO DE JANEIRO","","Brazil","Y","Y",1124,"Y"
1988252,468424,"KPMG","RIO DE JANEIRO","","Brazil","Y","Y",1124,"Y"
1988252,477046,"KPMG","RIO DE JANEIRO","","Brazil","Y","Y",1124,"Y"
1990426,266956,"PRICEWATERHOUSECOOPERS CAYMAN ISLANDS","CAYMAN ISLANDS","","Cayman Islands","Y","Y",1266,"Y"
1989425,288888,"PRICEWATERHOUSECOOPERS LLP","TORONTO, ONTARIO","","Canada","Y","Y",271,"Y"
1989425,288895,"PRICEWATERHOUSECOOPERS LLP","TORONTO, ONTARIO","","Canada","Y","Y",271,"Y"
1978814,210732,"ERNST & YOUNG","SYDNEY","","Australia","Y","Y",1435,"Y"
1978814,307696,"ERNST & YOUNG","SYDNEY","","Australia","Y","Y",1435,"Y"
1978814,307257,"ERNST & YOUNG","SYDNEY","","Australia","Y","N",,""
1989300,365632,"ERNST & YOUNG LLP","CHICAGO","Illinois","United States","Y","Y",42,"Y"
1989300,365634,"ERNST & YOUNG LLP","CHICAGO","Illinois","United States","Y","Y",42,"Y"
1982758,194291,"RSM US LLP","NEW YORK","New York","United States","Y","Y",49,"Y"
1982758,317305,"RSM US LLP","NEW YORK","New York","United States","Y","Y",49,"Y"
1982758,437081,"RSM US LLP","NEW YORK","New York","United States","Y","Y",49,"Y"
1985440,418270,"PRICEWATERHOUSECOOPERS LLP","PHOENIX","Arizona","United States","Y","Y",238,"Y"
1985440,23172,"PRICEWATERHOUSECOOPERS LLP","PHOENIX","Arizona","United States","Y","Y",238,"Y"
1993400,307367,"WEAVER AND TIDWELL, LLP","FORTH WORTH","Texas","United States","Y","Y",410,"Y"
1990450,426371,"PRICE WATERHOUSE COOPERS","HONG KONG","","Hong Kong","Y","Y",1266,"Y"
1992491,370221,"KPMG IE","DUBLIN","","Ireland","Y","Y",1116,"Y"
1992491,283123,"KPMG IE","DUBLIN","","Ireland","Y","Y",1116,"Y"
1992491,283124,"KPMG IE","DUBLIN","","Ireland","Y","Y",1116,"Y"
1992491,72547,"KPMG IE","DUBLIN","","Ireland","Y","Y",1116,"Y"
1992491,232357,"KPMG IE","DUBLIN","","Ireland","Y","Y",1116,"Y"
1992491,28424,"MAZARS ACCOUNTING NV","AMSTERDAM","","Netherlands","Y","Y",1399,"Y"
1992491,28353,"MAZARS ACCOUNTANTS N.V.","AMSTERDAM","","Netherlands","Y","Y",1399,"Y"
1992491,216012,"GRANT THORNTON","DUBLIN","","Ireland","Y","Y",1402,"Y"
1992491,232356,"KPMG IE","DUBLIN","","Ireland","Y","Y",1116,"Y"
1992491,28378,"MAZERS ACCOUNTANTS N.V.","AMSTERDAM","","Netherlands","Y","Y",1399,"Y"
1992491,216014,"GRANT THORNTON","DUBLIN","","Ireland","Y","Y",1402,"Y"
1992491,216011,"KPMG IE","DUBLIN","","Ireland","Y","Y",1116,"Y"
1992491,482597,"KPMG IE","DUBLIN","","Ireland","Y","Y",1116,"Y"
1992491,483011,"KPMG IE","DUBLIN","","Ireland","Y","Y",1116,"Y"
1992491,482603,"KPMG IE","DUBLIN","","Ireland","Y","Y",1116,"Y"
1992491,252017,"KPMG IE","DUBLIN","","Ireland","Y","Y",1116,"Y"
1992491,28394,"MAZARS ACCOUNTANTS N.V.","AMSTERDAM","","Netherlands","Y","Y",1399,"Y"
1992491,72546,"KPMG IE","DUBLIN","","Ireland","Y","Y",1116,"Y"
1992491,170026,"KPMG IE","DUBLIN","","Ireland","Y","Y",1116,"Y"
1992491,340044,"KPMG IRELAND","DUBLIN","","Ireland","Y","Y",1116,"Y"
1992491,340038,"KPMG IE","DUBLIN","","Ireland","Y","Y",1116,"Y"
1992491,216015,"GRANT THORNTON","DUBLIN","","Ireland","Y","Y",1402,"Y"
1992491,216017,"GRANT THORNTON","DUBLIN","","Ireland","Y","Y",1402,"Y"
1992491,370830,"KPMG IE","DUBLIN","","Ireland","Y","Y",1116,"Y"
1991648,368594,"FORVIS MAZARS","DUBLIN","","Ireland","Y","Y",1193,"Y"
1991648,368593,"FORVIS MAZARS","DUBLIN","","Ireland","Y","N",,""
1991648,291521,"FORVIS MAZARS","DUBLIN","","Ireland","Y","N",,""
1991648,291582,"DELOITTE IRELAND LLP","DUBLIN","","Ireland","Y","Y",1287,"Y"
1991648,357322,"FORVIS MAZARS","DUBLIN","","Ireland","Y","N",,""
1991648,357303,"DELOITTE IRELAND LLP","DUBLIN","","Ireland","Y","Y",1193,"Y"
1991648,202233,"DELOITTE IRELAND LLP","DUBLIN","","Ireland","Y","Y",1193,"Y"
1991648,214312,"DELOITTE IRELAND LLP","DUBLIN","","Ireland","Y","Y",1193,"Y"
1991648,191681,"DELOITTE IRELAND LLP","DUBLIN","","Ireland","Y","Y",1193,"Y"
1991648,245235,"FORVIS MAZARS","DUBLIN","","Ireland","Y","Y",1484,"Y"
1991648,261859,"DELOITTE IRELAND LLP","DUBLIN","","Ireland","Y","Y",1193,"Y"
1991648,245231,"DELOITTE IRELAND LLP","DUBLIN","","Ireland","Y","Y",1193,"Y"
1991648,487185,"FORVIS MAZARS","DUBLIN","","Ireland","Y","Y",1193,"Y"
1991927,475442,"BDO USA, LLC","CHICAGO","Illinois","United States","Y","Y",243,"Y"
1991927,317275,"BDO USA, LLC","CHICAGO","Illinois","United States","Y","Y",243,"Y"
1989557,313220,"DELOITTE","CYBERCITY, EBÈNE","","Mauritius","Y","N",,""
1990120,309616,"PRICEWATERHOUSECOOPERS","CAMANA BAY","","Cayman Islands","Y","Y",1266,"Y"
1990120,308708,"PRICEWATERHOUSECOOPERS","CAMANA BAY","","Cayman Islands","Y","Y",1266,"Y"
1990120,309315,"PRICEWATERHOUSECOOPERS","CAMANA BAY","","Cayman Islands","Y","Y",1266,"Y"
1989823,362584,"COHNREZNICK LLP","NEW YORK","New York","United States","Y","Y",596,"Y"
1989823,229355,"COHNREZNICK LLP","NEW YORK","New York","United States","Y","Y",596,"Y"
1989823,291583,"COHNREZNICK LLP","NEW YORK","New York","United States","Y","Y",596,"Y"
1989185,486287,"RSM UK AUDIT LLP","LONDON","","United Kingdom","Y","Y",1545,"Y"
1989185,177616,"RSM UK AUDIT LLP","LONDON","","United Kingdom","Y","Y",1545,"Y"
1989185,268555,"RSM UK AUDIT LLP","LONDON","","United Kingdom","Y","Y",1545,"Y"
1989185,177617,"RSM UK AUDIT LLP","LONDON","","United Kingdom","Y","Y",1545,"Y"
1989569,397947,"ERNST & YOUNG, S.A.","LUXEMBOURG","","Luxembourg","Y","Y",1367,"Y"
1989569,360312,"ERNST & YOUNG, S.A.","LUXEMBOURG","","Luxembourg","Y","Y",1367,"Y"
1989569,280959,"ERNST & YOUNG, S.A.","LUXEMBOURG","","Luxembourg","Y","Y",1367,"Y"
1989569,283074,"ERNST & YOUNG, S.A.","LUXEMBOURG","","Luxembourg","Y","Y",1367,"Y"
1989569,487134,"ERNST & YOUNG, S.A.","LUXEMBOURG","","Luxembourg","Y","Y",1367,"Y"
1991854,364574,"DELOITTE LLP","ST. HELIER","","Jersey","Y","Y",1147,"Y"
1991854,364575,"DELOITTE LLP","ST. HELIER","","Jersey","Y","Y",1147,"Y"
1991854,364573,"DELOITTE LLP","ST. HELIER","","Jersey","Y","Y",1147,"Y"
1991854,268330,"DELOITTE LLP","ST. HELIER","","Jersey","Y","Y",1147,"Y"
1991854,268328,"DELOITTE LLP","ST. HELIER","","Jersey","Y","Y",1147,"Y"
1991854,206594,"DELOITTE LLP","ST. HELIER","","Jersey","Y","Y",1147,"Y"
1991854,159122,"DELOITTE LLP","ST. HELIER","","Jersey","Y","Y",1147,"Y"
1991854,47154,"DELOITTE LLP","ST. HELIER","","Jersey","Y","Y",1147,"Y"
1991854,268329,"DELOITTE LLP","ST. HELIER","","Jersey","Y","Y",1147,"Y"
1991854,310117,"DELOITTE LLP","ST. HELIER","","Jersey","Y","Y",1147,"Y"
1991854,487132,"DELOITTE LLP","ST. HELIER","","Jersey","Y","Y",1147,"Y"
1986568,420134,"KPMG AUDIT SARL","LUXEMBOURG","","Luxembourg","N","Y",1118,"Y"
1986568,77568,"KPMG LLP","LONDON","","United Kingdom","N","Y",1118,"Y"
1986568,16616,"KPMG LLP","LONDON","","United Kingdom","N","Y",1118,"Y"
1986568,227143,"KPMG LLP","LONDON","","United Kingdom","N","Y",1118,"Y"
1985677,244743,"PWC ISRAEL - KESSELMAN & KESSELMAN C.P.A.S","TEL AVIV","","Israel","Y","Y",1309,"Y"
1984634,421002,"WHITLEY PENN","FORT WORTH","Texas","United States","Y","Y",726,"Y"
1986684,419844,"EISNERAMPER LLP","NEW YORK","New York","United States","Y","Y",274,"Y"
1992484,42794,"KPMG","STAMFORD","Connecticut","United States","Y","Y",185,"Y"
1992484,42782,"KPMG LLP","STAMFORD","Connecticut","United States","Y","Y",185,"Y"
1991978,363429,"ERNST & YOUNG LTD.","GRAND CAYMAN","","Cayman Islands","Y","Y",1655,"Y"
1991978,372846,"ERNST & YOUNG LTD.","GRAND CAYMAN","","Cayman Islands","Y","Y",1655,"Y"
1993820,179420,"GRANT THORNTON","NEW YORK","New York","United States","Y","Y",248,"Y"
1992090,371957,"KPMG","GEORGE TOWN","","Cayman Islands","N","Y",1323,"Y"
1983909,485562,"ERNST & YOUNG","SINGAPORE","","Singapore","Y","Y",130050,"Y"
1989200,252655,"ERNST & YOUNG LTD.","GRAND CAYMAN","","Cayman Islands","Y","Y",1655,"Y"
1989200,437646,"ERNST & YOUNG LTD.","GRAND CAYMAN","","Cayman Islands","Y","Y",1655,"Y"
1989200,234342,"ERNST & YOUNG LTD.","GRAND CAYMAN","","Cayman Islands","Y","Y",1655,"Y"
1989200,234340,"ERNST & YOUNG LTD.","GRAND CAYMAN","","Cayman Islands","Y","Y",1655,"Y"
1989200,285031,"ERNST & YOUNG LTD.","GRAND CAYMAN","","Cayman Islands","Y","Y",1655,"Y"
1989200,234341,"ERNST & YOUNG LTD.","GRAND CAYMAN","","Cayman Islands","Y","Y",1655,"Y"
1992492,252467,"KPMG LUXEMBOURG","GRAND DUCHY","","Luxembourg","Y","N",,""
1992492,233050,"KPMG LUXEMBOURG","LUXEMBOURG","","Luxembourg","Y","Y",2831,"Y"
1992492,232734,"PRICE WATERHOUSE COOPERS IRELAND","DUBLIN","","Ireland","Y","N",,""
1992492,371869,"KPMG LUXEMBOURG","LUXEMBOURG","","Luxembourg","Y","Y",2831,"Y"
1992492,371870,"KPMG LUXEMBOURG","LUXEMBOURG","","Luxembourg","Y","Y",2831,"Y"
1992492,257548,"KPMG IRELAND","DUBLIN","","Ireland","Y","Y",1116,"N"
1992492,373624,"KPMG AUDIT S.A.R.L.","GRAND DUCHY","","Luxembourg","Y","Y",2831,"Y"
1992492,232543,"PRICE WATERHOUSE COOPERS","DUBLIN","","Ireland","Y","N",,""
1992492,213192,"KPMG IRELAND","DUBLIN","","Ireland","Y","Y",1116,"Y"
1992492,232728,"PRICEWATERHOUSECOOPERS","DUBLIN","","Ireland","Y","N",,""
1992492,483047,"KPMG LUXEMBOURG","LUXEMBOURG","","Luxembourg","Y","Y",2831,"Y"
1992492,483017,"KPMG LUXEMBOURG","LUXEMBOURG","","Luxembourg","N","Y",2831,"Y"
1989634,229135,"SIANA CARR O'CONNOR AND LYNAM,LLP","PAOLI","Pennsylvania","United States","Y","Y",3705,"Y"
1989648,362539,"KPMG LLP","SAN FRANCISCO","California","United States","Y","Y",185,"Y"
1989648,362528,"KPMG LLP","SAN FRANCISCO","California","United States","Y","Y",185,"Y"
1989648,304426,"KPMG LLP","SAN FRANCISCO","California","United States","Y","Y",185,"Y"
1989648,304438,"KPMG LLP","SAN FRANCISCO","California","United States","Y","Y",185,"Y"
1989648,247442,"KPMG LLP","SAN FRANCISCO","California","United States","Y","Y",185,"Y"
1989648,250381,"KPMG LLP","SAN FRANCISCO","California","United States","Y","Y",185,"Y"
1989648,250373,"KPMG LLP","SAN FRANCISCO","California","United States","Y","Y",185,"Y"
1989648,304395,"KPMG LLP","SAN FRANCISCO","California","United States","Y","Y",185,"Y"
1989648,378762,"KPMG LLP","SAN FRANCISCO","California","United States","Y","Y",185,"Y"
1989648,378756,"KPMG LLP","SAN FRANCISCO","California","United States","Y","Y",185,"Y"
1989648,362562,"KPMG LLP","SAN FRANCISCO","California","United States","Y","Y",185,"Y"
1989648,362519,"KPMG LLP","SAN FRANCISCO","California","United States","Y","Y",185,"Y"
1989648,362525,"KPMG LLP","SAN FRANCISCO","California","United States","Y","Y",185,"Y"
1989648,362398,"KPMG LLP","SAN FRANCISCO","California","United States","Y","Y",185,"Y"
1989648,362534,"KPMG LLP","SAN FRANCISCO","California","United States","Y","Y",185,"Y"
1989675,19895,"PWC","GRAND CAYMAN","","Cayman Islands","Y","Y",1266,"Y"
1977800,190142,"PRICEWATERHOUSECOOPERS","CAYMAN ISLANDS","","Cayman Islands","Y","Y",1266,"Y"
1962347,476871,"COHN REZNICK","HARTFORD","Connecticut","United States","Y","Y",596,"Y"
1962347,476866,"COHN REZNICK","HARTFORD","Connecticut","United States","Y","Y",596,"Y"
1977800,48139,"PRICEWATERHOUSECOOPERS","GRAND CAYMAN","","Cayman Islands","Y","Y",1266,"Y"
1977800,67279,"PRICEWATERHOUSECOOPERS","GRAND CAYMAN","","Cayman Islands","Y","Y",1266,"Y"
1977800,67281,"PRICEWATERHOUSECOOPERS","GRAND CAYMAN","","Cayman Islands","Y","Y",1266,"Y"
1977800,227300,"PRICEWATERHOUSECOOPERS LLP","TORONTO","","Canada","Y","Y",271,"Y"
1977800,309356,"PRICEWATERHOUSECOOPERS","CAYMAN ISLANDS","","Cayman Islands","Y","Y",1266,"Y"
1987459,447707,"WIPFLI LLP","MINNEAPOLIS","Minnesota","United States","Y","Y",344,"Y"
1987459,316735,"WIPFLI LLP","MINNEAPOLIS","Minnesota","United States","Y","Y",344,"Y"
1987459,60095,"KPMG","MINNEAPOLIS","Minnesota","United States","Y","Y",185,"Y"
1987517,421504,"FRAZIER & DEETER","ATLANTA","Georgia","United States","Y","Y",215,"Y"
1987517,422470,"EY AUDIT LTDA.","SANTIAGO","","Chile","Y","N",,""
1988039,421653,"KPMG LLP","NEW YORK","New York","United States","Y","Y",185,"Y"
1955867,426036,"KPMG CAYMAN ISLANDS","GRAND CAYMAN","","Cayman Islands","Y","Y",1323,"Y"
1987606,288406,"KPMG CAYMAN","GEORGE TOWN","","Cayman Islands","Y","Y",1323,"Y"
1992098,215327,"PRICEWATERHOUSE COOPERS","GEORGETOWN","","Cayman Islands","Y","Y",1266,"Y"
1992778,422910,"S&W PARTNERS AUDIT LIMITED","LONDON","","United Kingdom","Y","N",,""
1991734,376812,"ERNST & YOUNG LTD","GRAND CAYMAN","","Cayman Islands","Y","Y",1655,"Y"
1991734,210955,"ERNST & YOUNG LTD","GRAND CAYMAN","","Cayman Islands","Y","Y",1655,"Y"
1991734,480334,"ERNST & YOUNG LTD","GRAND CAYMAN","","Cayman Islands","Y","Y",1655,"Y"
1992275,418626,"WITHUMSMITH+BROWN, P.C.","NEW YORK","New York","United States","Y","Y",100,"Y"
1992275,230421,"WITHUMSMITH+BROWN, P.C.","NEW YORK","New York","United States","Y","Y",100,"Y"
1992275,306694,"WITHUMSMITH+BROWN, P.C.","NEW YORK","New York","United States","Y","Y",100,"Y"
1992275,418623,"WITHUMSMITH+BROWN, P.C.","NEW YORK","New York","United States","Y","Y",100,"Y"
1992275,306779,"WITHUMSMITH+BROWN, P.C.","NEW YORK","New York","United States","Y","Y",100,"Y"
1992275,230420,"WITHUMSMITH+BROWN, P.C.","NEW YORK","New York","United States","Y","Y",100,"Y"
1994083,231690,"KPMG CAYMAN ISLANDS","GEORGE TOWN","","Cayman Islands","Y","Y",1323,"Y"
1992561,487203,"KPMG LLP","NEW YORK","New York","United States","Y","Y",185,"Y"
1992561,487202,"KPMG LLP","NEW YORK","New York","United States","Y","Y",185,"Y"
1992561,487204,"KPMG LLP","NEW YORK","New York","United States","Y","Y",185,"Y"
1985774,428234,"PRICEWATERHOUSECOOPERS, SOCIÉTÉ COOPÉRATIVE","LUXEMBOURG","","Luxembourg","Y","Y",1328,"Y"
1994081,487383,"KPMG AUDIT LIMITED","HAMILTON","","Bermuda","Y","Y",1297,"Y"
1993731,487397,"ERNST & YOUNG","DUBLIN","","Ireland","Y","Y",1411,"Y"
1993731,487398,"ERNST & YOUNG","DUBLIN","","Ireland","Y","Y",1411,"Y"
1993731,487399,"ERNST & YOUNG","DUBLIN","","Ireland","Y","Y",1411,"Y"
1993731,487400,"ERNST & YOUNG","DUBLIN","","Ireland","Y","Y",1411,"Y"
1933444,437112,"PRICEWATERHOUSECOOPERS","GRAND CAYMAN","","Cayman Islands","Y","Y",1266,"Y"
1933444,437113,"PRICEWATERHOUSECOOPERS","GRAND CAYMAN","","Cayman Islands","Y","Y",1266,"Y"
1933444,437111,"PRICEWATERHOUSECOOPERS","GRAND CAYMAN","","Cayman Islands","Y","Y",1266,"Y"
1994028,436997,"ERNST & YOUNG","DUBLIN","","Ireland","Y","Y",1411,"Y"
1994028,436933,"ERNST & YOUNG","DUBLIN","","Ireland","Y","Y",1411,"Y"
1994028,436934,"ERNST & YOUNG","DUBLIN","","Ireland","Y","Y",1411,"Y"
1994028,436925,"ERNST & YOUNG","DUBLIN","","Ireland","Y","Y",1411,"Y"
1993837,487483,"ERNST & YOUNG","DUBLIN","","Ireland","Y","Y",1411,"Y"
1993837,487484,"ERNST & YOUNG","DUBLIN","","Ireland","Y","Y",1411,"Y"
1993837,487475,"ERNST & YOUNG","DUBLIN","","Ireland","Y","Y",1411,"Y"
1993837,487423,"ERNST & YOUNG","DUBLIN","","Ireland","Y","Y",1411,"Y"
1993837,487424,"ERNST & YOUNG","DUBLIN","","Ireland","Y","Y",1411,"Y"
1993837,487426,"ERNST & YOUNG","DUBLIN","","Ireland","Y","Y",1411,"Y"
1993837,487429,"ERNST & YOUNG","DUBLIN","","Ireland","Y","Y",1411,"Y"
1993837,487431,"ERNST & YOUNG","DUBLIN","","Ireland","Y","Y",1411,"Y"
1993837,487432,"ERNST & YOUNG","DUBLIN","","Ireland","Y","Y",1411,"Y"
1993837,487433,"ERNST & YOUNG","DUBLIN","","Ireland","Y","Y",1411,"Y"
1993837,487435,"ERNST & YOUNG","DUBLIN","","Ireland","Y","Y",1411,"Y"
1993837,487436,"ERNST & YOUNG","DUBLIN","","Ireland","Y","Y",1411,"Y"
1993837,487437,"ERNST & YOUNG","DUBLIN","","Ireland","Y","Y",1411,"Y"
1993837,487438,"ERNST & YOUNG","DUBLIN","","Ireland","Y","Y",1411,"Y"
1993837,487439,"ERNST & YOUNG","DUBLIN","","Ireland","Y","Y",1411,"Y"
1993837,487440,"ERNST & YOUNG","DUBLIN","","Ireland","Y","Y",1411,"Y"
1993837,487443,"ERNST & YOUNG","DUBLIN","","Ireland","Y","Y",1411,"Y"
1993837,487442,"ERNST & YOUNG","DUBLIN","","Ireland","Y","Y",1411,"Y"
1993837,487411,"ERNST & YOUNG","DUBLIN","","Ireland","Y","Y",1411,"Y"
1993837,487451,"ERNST & YOUNG","DUBLIN","","Ireland","Y","Y",1411,"Y"
1993837,487454,"ERNST & YOUNG","DUBLIN","","Ireland","Y","Y",1411,"Y"
1993837,487465,"ERNST & YOUNG","DUBLIN","","Ireland","Y","Y",1411,"Y"
1993837,487466,"ERNST & YOUNG","DUBLIN","","Ireland","Y","Y",1411,"Y"
1993837,487480,"ERNST & YOUNG","DUBLIN","","Ireland","Y","Y",1411,"Y"
1993837,487481,"ERNST & YOUNG","DUBLIN","","Ireland","Y","Y",1411,"Y"
1993837,487485,"ERNST & YOUNG","DUBLIN","","Ireland","Y","Y",1411,"Y"
1993837,487478,"ERNST & YOUNG","DUBLIN","","Ireland","Y","Y",1411,"Y"
1993837,487468,"ERNST & YOUNG","DUBLIN","","Ireland","Y","Y",1411,"Y"
1993837,487467,"ERNST & YOUNG","DUBLIN","","Ireland","Y","Y",1411,"Y"
1993837,487486,"ERNST & YOUNG","DUBLIN","","Ireland","Y","Y",1411,"Y"
1993837,487427,"ERNST & YOUNG","DUBLIN","","Ireland","Y","Y",1411,"Y"
1993837,487430,"ERNST & YOUNG","DUBLIN","","Ireland","Y","Y",1411,"Y"
1993837,487434,"ERNST & YOUNG","DUBLIN","","Ireland","Y","Y",1411,"Y"
1993837,487412,"ERNST & YOUNG","DUBLIN","","Ireland","Y","Y",1411,"Y"
1993837,487445,"ERNST & YOUNG","DUBLIN","","Ireland","Y","Y",1411,"Y"
1993837,487446,"ERNST & YOUNG","DUBLIN","","Ireland","Y","Y",1411,"Y"
1993837,487419,"ERNST & YOUNG","DUBLIN","","Ireland","Y","Y",1411,"Y"
1993837,487420,"ERNST & YOUNG","DUBLIN","","Ireland","Y","Y",1411,"Y"
1993837,487448,"ERNST & YOUNG","DUBLIN","","Ireland","Y","Y",1411,"Y"
1993837,487450,"ERNST & YOUNG","DUBLIN","","Ireland","Y","Y",1411,"Y"
1993837,487453,"ERNST & YOUNG","DUBLIN","","Ireland","Y","Y",1411,"Y"
1993837,487477,"ERNST & YOUNG","DUBLIN","","Ireland","Y","Y",1411,"Y"
1993837,487415,"ERNST & YOUNG","DUBLIN","","Ireland","Y","Y",1411,"Y"
1993837,487416,"ERNST & YOUNG","DUBLIN","","Ireland","Y","Y",1411,"Y"
1993837,487421,"ERNST & YOUNG","DUBLIN","","Ireland","Y","Y",1411,"Y"
1993837,487422,"ERNST & YOUNG","DUBLIN","","Ireland","Y","Y",1411,"Y"
1993837,487447,"ERNST & YOUNG","DUBLIN","","Ireland","Y","Y",1411,"Y"
1993837,487428,"ERNST & YOUNG","DUBLIN","","Ireland","Y","Y",1411,"Y"
1993837,487449,"ERNST & YOUNG","DUBLIN","","Ireland","Y","Y",1411,"Y"
1993837,487452,"ERNST & YOUNG","DUBLIN","","Ireland","Y","Y",1411,"Y"
1993837,487455,"ERNST & YOUNG","DUBLIN","","Ireland","Y","Y",1411,"Y"
1993837,487456,"ERNST & YOUNG","DUBLIN","","Ireland","Y","Y",1411,"Y"
1993837,487462,"ERNST & YOUNG","DUBLIN","","Ireland","Y","Y",1411,"Y"
1993837,487463,"ERNST & YOUNG","DUBLIN","","Ireland","Y","Y",1411,"Y"
1993837,487464,"ERNST & YOUNG","DUBLIN","","Ireland","Y","Y",1411,"Y"
1993837,487487,"ERNST & YOUNG","DUBLIN","","Ireland","Y","Y",1411,"Y"
1993837,487488,"ERNST & YOUNG","DUBLIN","","Ireland","Y","Y",1411,"Y"
1993837,487489,"ERNST & YOUNG","DUBLIN","","Ireland","Y","Y",1411,"Y"
1993837,487490,"ERNST & YOUNG","DUBLIN","","Ireland","Y","Y",1411,"Y"
1993837,487458,"ERNST & YOUNG","DUBLIN","","Ireland","Y","Y",1411,"Y"
1993837,487457,"ERNST & YOUNG","DUBLIN","","Ireland","Y","Y",1411,"Y"
1993837,487414,"ERNST & YOUNG","DUBLIN","","Ireland","Y","Y",1411,"Y"
1993837,487418,"ERNST & YOUNG","DUBLIN","","Ireland","Y","Y",1411,"Y"
1993837,487425,"ERNST & YOUNG","DUBLIN","","Ireland","Y","Y",1411,"Y"
1993837,487413,"ERNST & YOUNG","DUBLIN","","Ireland","Y","Y",1411,"Y"
1993837,487469,"ERNST & YOUNG","DUBLIN","","Ireland","Y","Y",1411,"Y"
1993837,487470,"ERNST & YOUNG","DUBLIN","","Ireland","Y","Y",1411,"Y"
1993837,487471,"ERNST & YOUNG","DUBLIN","","Ireland","Y","Y",1411,"Y"
1993837,487459,"ERNST & YOUNG","DUBLIN","","Ireland","Y","Y",1411,"Y"
1993837,487473,"ERNST & YOUNG","DUBLIN","","Ireland","Y","Y",1411,"Y"
1993837,487474,"ERNST & YOUNG","DUBLIN","","Ireland","Y","Y",1411,"Y"
1993837,487461,"ERNST & YOUNG","DUBLIN","","Ireland","Y","Y",1411,"Y"
1993837,487479,"ERNST & YOUNG","DUBLIN","","Ireland","Y","Y",1411,"Y"
1993837,487476,"ERNST & YOUNG","DUBLIN","","Ireland","Y","Y",1411,"Y"
1993837,487482,"ERNST & YOUNG","DUBLIN","","Ireland","Y","Y",1411,"Y"
1989226,227466,"DELOITTE HASKINS & SELLS LLP","MUMBAI","","India","Y","Y",1180,"Y"
1989226,228559,"DELOITTE HASKINS & SELLS LLP","MUMBAI","","India","Y","Y",1180,"Y"
1992962,487241,"KPMG AZSA LLC","TOKYO","","Japan","Y","Y",1009,"Y"
1994362,368040,"GALAZ YAMAZAKI RUIZ URQUIZA SC","MONTERREY","","Mexico","Y","Y",1153,"Y"
1994362,367656,"GALAZ, YAMAZAKI, RUIZ URQUIZA, S.C.","MONTERREY","","Mexico","Y","Y",1153,"Y"
1994362,368060,"GALAZ YAMAZAKI RUIZ URQUIZA SC","MONTERREY","","Mexico","Y","Y",1153,"Y"
1986978,280858,"DELOITTE LLP","EDINBURGH","","United Kingdom","Y","Y",1147,"Y"
1985788,42919,"EISNERAMPER LLP","EDISON","New Jersey","United States","Y","Y",274,"Y"
1985788,42950,"EISNERAMPER LLP","EDISON","New Jersey","United States","Y","Y",274,"Y"
1986978,280859,"DELOITTE LLP","EDINBURGH","","United Kingdom","Y","Y",1147,"Y"
1986328,485555,"EISNERAMPER","NEW YORK","New York","United States","Y","N",,""
1986328,485554,"EISNERAMPER","NEW YORK","New York","United States","Y","Y",274,"Y"
1986328,175119,"HOOD AND STRONG","SAN FRANCISCO","California","United States","Y","N",,""
1986987,307367,"WEAVER AND TIDWELL, LLP","FORTH WORTH","Texas","United States","Y","Y",410,"Y"
1993059,187890,"PRICEWATERHOUSECOOPERS","GRAND CAYMAN","","Cayman Islands","Y","Y",1266,"Y"
1990529,248624,"GRANT THORNTON","GEORGE TOWN","","Cayman Islands","Y","Y",5346,"Y"
1993059,377639,"PRICEWATERHOUSECOOPERS","GRAND CAYMAN","","Cayman Islands","Y","Y",1266,"Y"
1993059,21636,"PRICEWATERHOUSECOOPERS","GRAND CAYMAN","","Cayman Islands","Y","Y",1266,"Y"
1993059,187889,"PRICEWATERHOUSECOOPERS","GRAND CAYMAN","","Cayman Islands","Y","Y",1266,"Y"
1993059,62898,"PRICEWATERHOUSECOOPERS","GRAND CAYMAN","","Cayman Islands","Y","Y",1266,"Y"
1993059,21649,"PRICEWATERHOUSECOOPERS","GRAND CAYMAN","","Cayman Islands","Y","Y",1266,"Y"
1993059,479477,"PRICEWATERHOUSECOOPERS","GRAND CAYMAN","","Cayman Islands","Y","Y",1266,"Y"
1993191,55001,"KPMG","ST PETER PORT","","Guernsey","Y","N",,""
1993191,34048,"KPMG","ST PETER PORT","","Guernsey","Y","N",,""
1993191,365136,"KPMG","ST. PETER PORT","","Guernsey","Y","N",,""
1993191,365215,"KPMG LUXEMBOURG","L-1855","","Luxembourg","Y","Y",2831,"Y"
1993191,365112,"KPMG","ST. PETER PORT","","Guernsey","Y","N",,""
1993191,191671,"KPMG","ST. PETER PORT","","Guernsey","Y","N",,""
1993191,191670,"KPMG","ST. PETER PORT","","Guernsey","Y","N",,""
1993191,178355,"KPMG","ST. PETER PORT","","Guernsey","Y","N",,""
1993191,158920,"KPMG","ST. PETER PORT","","Guernsey","Y","N",,""
1993191,24526,"KPMG","ST PETER PORT","","Guernsey","Y","N",,""
1993191,311465,"KPMG","ST. PETER PORT","","Guernsey","Y","N",,""
1993191,311455,"KPMG LUXEMBOURG","L-1855","","Luxembourg","Y","Y",2831,"Y"
1993191,311156,"KPMG","ST. PETER PORT","","Guernsey","Y","N",,""
1993191,24533,"KPMG","ST PETER PORT","","Guernsey","Y","N",,""
1993191,24537,"KPMG","ST PETER PORT","","Guernsey","Y","N",,""
1993191,24539,"KPMG","ST PETER PORT","","Guernsey","Y","N",,""
1993191,206270,"KPMG","ST. PETER PORT","","Guernsey","Y","N",,""
1993191,24529,"KPMG","ST PETER PORT","","Guernsey","Y","N",,""
1993191,246643,"KPMG","ST. PETER PORT","","Guernsey","Y","N",,""
1993191,246644,"KPMG","ST. PETER PORT","","Guernsey","Y","N",,""
1993191,421798,"KPMG","ST. PETER PORT","","Guernsey","Y","N",,""
1987288,194040,"KPMG","GRAND CAYMAN","","Cayman Islands","Y","Y",1323,"Y"
1987335,167453,"PRICEWATERHOUSE COOPERS, LTDA.","MONTEVIDEO","","Uruguay","Y","N",,""
1987335,230528,"PRICEWATERHOUSE COOPERS, LTDA.","MONTEVIDEO","","Uruguay","Y","N",,""
1987335,308063,"PRICEWATERHOUSE COOPERS, LTDA.","MONTEVIDEO","","Uruguay","Y","N",,""
1987335,308075,"PRICEWATERHOUSE COOPERS, LTDA.","MONTEVIDEO","","Uruguay","Y","N",,""
1987335,249409,"PRICEWATERHOUSE COOPERS, LTDA.","MONTEVIDEO","","Uruguay","Y","N",,""
1987335,308073,"PRICEWATERHOUSE COOPERS, LTDA.","MONTEVIDEO","","Uruguay","Y","N",,""
1987639,371963,"FORV/S, LLP","KANSAS CITY","Missouri","United States","Y","Y",686,"Y"
1986945,284355,"DELOITTE & TOUCHE LLP","SINGAPORE","","Singapore","Y","Y",1046,"Y"
1986945,437645,"KPMG LLP","SINGAPORE","","Singapore","Y","Y",1051,"Y"
1986945,283508,"KPMG LLP","SINGAPORE","","Singapore","Y","Y",1051,"Y"
1986945,284354,"DELOITTE & TOUCHE LLP","SINGAPORE","","Singapore","Y","Y",1046,"Y"
1986945,370817,"KPMG LLP","SINGAPORE","","Singapore","Y","Y",1051,"Y"
1986945,205360,"KPMG LLP","SINGAPORE","","Singapore","Y","Y",1051,"Y"
1986945,205366,"DELOITTE & TOUCHE LLP","SINGAPORE","","Singapore","Y","Y",1046,"Y"
1986945,251060,"KPMG LLP","SINGAPORE","","Singapore","Y","Y",1051,"Y"
1986945,283511,"KPMG LLP","SINGAPORE","","Singapore","Y","Y",1051,"Y"
1986945,370816,"DELOITTE & TOUCHE LLP","SINGAPORE","","Singapore","Y","Y",1046,"Y"
1986945,370818,"DELOITTE & TOUCHE LLP","SINGAPORE","","Singapore","Y","Y",1046,"Y"
1986945,283513,"KPMG LLP","SINGAPORE","","Singapore","Y","Y",1051,"Y"
1986945,235024,"KPMG LLP","SINGAPORE","","Singapore","Y","Y",1051,"Y"
1986945,235023,"KPMG LLP","SINGAPORE","","Singapore","Y","Y",1051,"Y"
1986945,283507,"KPMG LLP","SINGAPORE","","Singapore","Y","Y",1051,"Y"
1986553,438389,"ERNST & YOUNG LIMITED","GRAND CAYMAN","","Cayman Islands","Y","Y",1655,"Y"
1986553,361982,"GRANT THORNTON","GRAND CAYMAN","","Cayman Islands","Y","Y",5346,"Y"
1985698,438587,"KPMG LLP","GEORGETOWN","","Cayman Islands","Y","Y",1323,"Y"
1985698,378417,"KPMG LLP","GEORGE TOWN","","Cayman Islands","Y","Y",1323,"Y"
1985690,378364,"KPMG LLP","GEORGE TOWN","","Cayman Islands","Y","Y",1323,"Y"
1985690,438592,"KPMG LLP","GEORGETOWN","","Cayman Islands","Y","Y",1323,"Y"
1982210,232889,"BAKER TILLY US, LLP","SOUTHFIELD","Michigan","United States","Y","Y",23,"Y"
1982210,13459,"BAKER TILLY US, LLP","SOUTHFIELD","Michigan","United States","Y","Y",23,"Y"
1982210,172625,"BAKER TILLY US, LLP","SOUTHFIELD","Michigan","United States","Y","Y",23,"Y"
1986691,282937,"EISNER AMPER LLP","SAN FRANCISCO","California","United States","Y","Y",274,"Y"
1986691,184298,"EISNER AMPER LLP","SAN FRANCISCO","California","United States","Y","Y",274,"Y"
1987141,236617,"ERNST & YOUNG","LOS ANGELES","California","United States","Y","Y",42,"Y"
1987141,224456,"ERNST & YOUNG","LOS ANGELES","California","United States","Y","Y",42,"Y"
1987141,191498,"ERNST & YOUNG","LOS ANGELES","California","United States","Y","Y",42,"Y"
1987141,236725,"ERNST & YOUNG","LOS ANGELES","California","United States","Y","Y",42,"Y"
1987141,236736,"ERNST & YOUNG","LOS ANGELES","California","United States","Y","Y",42,"Y"
1987421,291813,"ERNST & YOUNG ET AUTRES","PARIS-LA DEFENSE","","France","Y","Y",1704,"Y"
1987421,192116,"ERNST & YOUNG ET AUTRES","PARIS-LA DÉFENSE","","France","Y","Y",1704,"Y"
1987421,361379,"ERNST & YOUNG ET AUTRES","PARIS-LA DEFENSE","","France","Y","Y",1704,"Y"
1986555,252056,"CHERRY BEKAERT LLP","RALEIGH","North Carolina","United States","Y","Y",677,"Y"
1982919,245566,"EISNERAMPER LLP","SAN FRANCISCO","California","United States","Y","Y",274,"Y"
1978969,484803,"KPMG MAURITIUS","EBÈNE","","Mauritius","Y","N",,""
1988070,375126,"ERNST & YOUNG S.A.","KIRCHBERG","","Luxembourg","Y","Y",1367,"Y"
1988070,68840,"DELOITTE AUDIT","LUXEMBOURG","","Luxembourg","Y","Y",1287,"Y"
1988070,233377,"DELOITTE AUDIT","LUXEMBOURG","","Luxembourg","Y","Y",1287,"Y"
1988070,202449,"DELOITTE AUDIT","LUXEMBOURG","","Luxembourg","Y","Y",1287,"Y"
1988070,68847,"DELOITTE AUDIT","LUXEMBOURG","","Luxembourg","Y","Y",1287,"Y"
1988105,425907,"DELOITTE & TOUCHE LLP","BOSTON","Massachusetts","United States","Y","Y",34,"Y"
1988258,246854,"EY CAYMAN LIMITED","GRAND CAYMAN","","Cayman Islands","Y","Y",1655,"Y"
1988258,244826,"EY CAYMAN LIMITED","GRAND CAYMAN","","Cayman Islands","Y","Y",1655,"Y"
1987679,231474,"ERNST & YOUNG","DUBLIN","","Ireland","Y","Y",1411,"Y"
1987679,231474,"ERNST & YOUNG  LTD.","GRAND CAYMAN","","Cayman Islands","Y","Y",1655,"Y"
1987679,193899,"ERNST & YOUNG","DUBLIN","","Ireland","Y","Y",1411,"Y"
1987679,181241,"ERNST & YOUNG","DUBLIN","","Ireland","Y","Y",1411,"Y"
1987679,231476,"ERNST & YOUNG  LTD.","GRAND CAYMAN","","Cayman Islands","Y","Y",1655,"Y"
1987679,231476,"ERNST & YOUNG","DUBLIN","","Ireland","Y","Y",1411,"Y"
1965147,254746,"FRANK, RIMERMAN + CO. LLP","PALO ALTO","California","United States","Y","Y",1596,"Y"
1985682,28567,"PRICEWATERHOUSECOOPERS CI LLP","ST HELIER","","Jersey","Y","N",,""
1988514,272492,"CITRIN COOPERMAN & COMPANY, LLP","NEW YORK","New York","United States","Y","Y",2468,"Y"
1988514,272496,"CITRIN COOPERMAN & COMPANY, LLP","NEW YORK","New York","United States","Y","Y",2468,"Y"
1988514,272490,"CITRIN COOPERMAN & COMPANY, LLP","NEW YORK","New York","United States","Y","Y",2468,"Y"
1988514,286749,"CITRIN COOPERMAN & COMPANY, LLP","NEW YORK","New York","United States","Y","Y",2468,"Y"
1962856,479390,"PKF BBA AUDIT AND ASSURANCE LIMITED","ST. HELIER","","Jersey","Y","N",,""
1947626,228628,"PRICEWATERHOUSECOOPERS","MOKA","","Mauritius","Y","N",,""
1947626,228629,"PRICEWATERHOUSECOOPERS","EBENE","","Mauritius","Y","N",,""
1962856,484617,"PKF BBA AUDIT AND ASSURANCE LIMITED","ST. HELIER","","Jersey","Y","N",,""
1988933,363808,"ERNST & YOUNG LLP","SAN FRANCISCO","California","United States","Y","Y",42,"Y"
1988933,363808,"ERNST & YOUNG LTD","GEORGETOWN","","Cayman Islands","Y","Y",1655,"Y"
1988305,360281,"DELOITTE & TOUCHE LLP","BOSTON","Massachusetts","United States","Y","Y",34,"Y"
1988305,480713,"DELOITTE & TOUCHE LLP","BOSTON","Massachusetts","United States","Y","Y",34,"Y"
1988305,9120,"DELOITTE & TOUCHE LLP","BOSTON","Massachusetts","United States","Y","Y",34,"Y"
1988305,52301,"DELOITTE & TOUCHE LLP","BOSTON","Massachusetts","United States","Y","Y",34,"Y"
1988305,9121,"DELOITTE & TOUCHE LLP","BOSTON","Massachusetts","United States","Y","Y",34,"Y"
1988305,9122,"DELOITTE & TOUCHE LLP","BOSTON","Massachusetts","United States","Y","Y",34,"Y"
1988332,486194,"DELOITTE LLP","ST PETER PORT","","Guernsey","N","Y",1147,"Y"
1988332,77650,"ERNST & YOUNG LLP","ST PETER PORT","","Guernsey","N","Y",1438,"Y"
1988342,252218,"KPMG","LUXEMBOURG","","Luxembourg","N","N",,""
1988342,252220,"KPMG","LUXEMBOURG","","Luxembourg","N","N",,""
1988342,214729,"KPMG","LUXEMBOURG","","Luxembourg","N","N",,""
1988342,284655,"KPMG","LUXEMBOURG","","Luxembourg","N","N",,""
1988342,376993,"KPMG","LUXEMBOURG","","Luxembourg","N","N",,""
1988342,183618,"DELOITTE","ST HELIER","","Jersey","N","N",,""
1988342,355712,"KPMG","LUXEMBOURG","","Luxembourg","N","N",,""
1988342,171065,"KPMG","LUXEMBOURG","","Luxembourg","N","N",,""
1988342,49374,"DELOITTE","ST HELIER","","Jersey","N","N",,""
1988342,449703,"KPMG","LUXEMBOURG","","Luxembourg","N","N",,""
1988342,449705,"KPMG","LUXEMBOURG","","Luxembourg","N","N",,""
1988342,476255,"KPMG","LUXEMBOURG","","Luxembourg","N","N",,""
1985628,65383,"PRICEWATERHOUSECOOPERS ZHONG TIAN LLP","SHANGHAI","","China","Y","Y",1424,"Y"
1985628,65381,"PRICEWATERHOUSECOOPERS ZHONG TIAN LLP","SHANGHAI","","China","Y","Y",1424,"Y"
1985628,197041,"PRICEWATERHOUSECOOPERS ZHONG TIAN LLP","SHANGHAI","","China","Y","Y",1424,"Y"
1985628,217440,"PRICEWATERHOUSECOOPERS","HONG KONG","","Hong Kong","Y","Y",1389,"Y"
1989522,159051,"ERNST & YOUNG","LONDON","","United Kingdom","Y","Y",1438,"Y"
1982793,252677,"ERNST & YOUNG LTD.","GEORGE TOWN","","Cayman Islands","Y","Y",1655,"Y"
1982793,167320,"ERNST & YOUNG LTD.","GEORGE TOWN","","Cayman Islands","Y","Y",1655,"Y"
1982793,187514,"ERNST & YOUNG LTD.","GEORGE TOWN","","Cayman Islands","Y","Y",1655,"Y"
1989533,314578,"RSM CAYMAN LTD","GRAND CAYMAN","","Cayman Islands","Y","Y",6894,"Y"
1989533,421626,"RSM CAYMAN LTD","GRAND CAYMAN","","Cayman Islands","Y","Y",6894,"Y"
1989284,486298,"BDO USA LP","PHILADELPHIA","Pennsylvania","United States","Y","Y",11880,"Y"
1989284,486295,"BDO USA LP","PHILADELPHIA","Pennsylvania","United States","Y","Y",11880,"Y"
1989284,486297,"BDO USA LP","PHILADELPHIA","Pennsylvania","United States","Y","Y",11880,"Y"
1989284,486296,"BDO USA LP","PHILADELPHIA","Pennsylvania","United States","Y","Y",11880,"Y"
1989284,486294,"BDO USA LP","PHILADELPHIA","Pennsylvania","United States","Y","Y",11880,"Y"
1989355,42571,"KPMG LLP","GEORGE TOWN","","Cayman Islands","Y","Y",1323,"Y"
1983671,170246,"PRICEWATERHOUSECOOPERS","LUXEMBOURG","","Luxembourg","Y","N",,""
1983671,191304,"PRICEWATERHOUSECOOPERS","LUXEMBOURG","","Luxembourg","Y","N",,""
1983671,420994,"PRICEWATERHOUSECOOPERS","LUXEMBOURG","","Luxembourg","Y","N",,""
1983929,256952,"PRICEWATERHOUSECOOPERS LLP","DENVER","Colorado","United States","Y","Y",238,"Y"
1989664,257165,"PWC","GRAND CAYMAN","","Cayman Islands","Y","Y",1266,"Y"
1989664,26600,"PWC","GRAND CAYMAN","","Cayman Islands","Y","Y",1266,"Y"
1989664,26603,"PWC","TAIPEI","","Taiwan,  Republic of China","Y","Y",1345,"Y"
1989664,26609,"PWC","TAIPEI","","Taiwan,  Republic of China","Y","Y",1345,"Y"
1989664,76383,"PWC","GRAND CAYMAN","","Cayman Islands","Y","Y",1266,"Y"
1989664,186645,"PRICEWATERHOUSECOOPERS, TAIWAN","TAIPEI","","Taiwan,  Republic of China","Y","Y",1345,"Y"
1989363,423109,"KPMG LLP","TORONTO, ON","","Canada","Y","Y",85,"Y"
1989363,423108,"KPMG LLP","TORONTO, ON","","Canada","Y","Y",85,"Y"
1983108,38208,"ERNST & YOUNG LLP","LONDON","","United Kingdom","Y","Y",1438,"Y"
1982168,279200,"RICHEY, MAY & CO., LLP","ENGLEWOOD","Colorado","United States","Y","Y",673,"Y"
1982168,279230,"RICHEY, MAY & CO., LLP","ENGLEWOOD","Colorado","United States","Y","Y",673,"Y"
1987705,479964,"FORVIS MAZARS","LISBON","","Portugal","Y","N",,""
1982388,286074,"BDO CAYMAN LTD.","GEORGE TOWN, GRAND CAYMAN","","Cayman Islands","Y","Y",2162,"Y"
1982388,336516,"BDO USA, P.C.","SAN FRANCISCO","California","United States","Y","Y",243,"Y"
1982388,286063,"BDO USA, P.C.","SAN FRANCISCO","California","United States","Y","Y",243,"Y"
1982388,336519,"BDO CAYMAN LTD.","GEORGE TOWN, GRAND CAYMAN","","Cayman Islands","Y","Y",2162,"Y"
1982388,336537,"BDO USA, P.C.","SAN FRANCISCO","California","United States","Y","Y",243,"Y"
1982388,286065,"BDO CAYMAN LTD.","GEORGE TOWN, GRAND CAYMAN","","Cayman Islands","Y","Y",2162,"Y"
1982388,205985,"BDO USA, P.C.","SAN FRANCISCO","California","United States","Y","Y",243,"Y"
1982388,216323,"BDO USA, P.C.","SAN FRANCISCO","California","United States","Y","Y",243,"Y"
1982388,205980,"BDO USA, P.C.","SAN FRANCISCO","California","United States","Y","Y",243,"Y"
1982388,231986,"BDO USA, P.C.","SAN FRANCISCO","California","United States","Y","Y",243,"Y"
1982388,231985,"BDO USA, P.C.","SAN FRANCISCO","California","United States","Y","Y",243,"Y"
1982388,286070,"BDO USA, P.C.","SAN FRANCISCO","California","United States","Y","Y",243,"Y"
1982388,205986,"BDO USA, P.C.","SAN FRANCISCO","California","United States","Y","Y",243,"Y"
1982388,336538,"BDO CAYMAN LTD.","GEORGE TOWN, GRAND CAYMAN","","Cayman Islands","Y","Y",2162,"Y"
1979521,484958,"PRICEWATERHOUSE COOPERS (PWC) CAYMAN  ISLANDS","GEORGE TOWN","","Cayman Islands","Y","N",,""
1992703,482014,"KPMG LLP","GEORGE TOWN","","Cayman Islands","Y","Y",185,"Y"
1992703,366215,"KPMG LLP","SHORT HILLS","New Jersey","United States","Y","Y",185,"Y"
1986692,427459,"PRICEWATERHOUSECOOPERS","GEORGE TOWN","","Cayman Islands","Y","Y",1266,"Y"
1990498,175648,"PRICEWATERHOUSECOOPERS SOCIETE COOPERATIVE","LUXEMBOURG","","Luxembourg","Y","Y",1328,"Y"
1990498,75460,"PRICEWATERHOUSECOOPERS LLP","LONDON","","United Kingdom","Y","Y",876,"Y"
1990498,219709,"PRICEWATERHOUSECOOPERS SOCIETE COOPERATIVE","LUXEMBOURG","","Luxembourg","Y","Y",1328,"Y"
1990498,318400,"PRICEWATERHOUSECOOPERS SOCIETE COOPERATIVE","LUXEMBOURG","","Luxembourg","Y","Y",1328,"Y"
1990498,75607,"PRICEWATERHOUSECOOPERS LLP","LONDON","","United Kingdom","Y","Y",876,"Y"
1990498,454378,"PRICEWATERHOUSECOOPERS SOCIETE COOPERATIVE","LUXEMBOURG","","Luxembourg","Y","Y",1328,"Y"
1990498,252832,"PRICEWATERHOUSECOOPERS LLP","LONDON","","United Kingdom","Y","Y",876,"Y"
1990498,186168,"PRICEWATERHOUSECOOPERS LLP","LONDON","","United Kingdom","Y","Y",876,"Y"
1990498,75602,"PRICEWATERHOUSECOOPERS LLP","LONDON","","United Kingdom","Y","Y",876,"Y"
1990498,198178,"PRICEWATERHOUSECOOPERS, SOCIÉTÉ COOPÉRATIVE","LUXEMBOURG","","Luxembourg","Y","Y",1328,"Y"
1990498,215615,"PRICEWATERHOUSECOOPERS SOCIETE COOPERATIVE","LUXEMBOURG","","Luxembourg","Y","Y",1328,"Y"
1985710,178426,"WEAVER & TIDWELL, LLP","MANHATTAN BEACH","California","United States","Y","Y",410,"Y"
1985710,178427,"WEAVER & TIDWELL, LLP","MANHATTAN BEACH","California","United States","Y","Y",410,"Y"
1985710,244037,"WEAVER & TIDWELL, LLP","MANHATTAN BEACH","California","United States","Y","Y",410,"Y"
1985710,244193,"WEAVER & TIDWELL, LLP","MANHATTAN BEACH","California","United States","Y","Y",410,"Y"
1985710,244199,"WEAVER & TIDWELL, LLP","MANHATTAN BEACH","California","United States","Y","Y",410,"Y"
1985710,244198,"WEAVER & TIDWELL, LLP","MANHATTAN BEACH","California","United States","Y","Y",410,"Y"
1985710,244185,"WEAVER & TIDWELL, LLP","LOS ANGELES","California","United States","Y","Y",410,"Y"
1985710,244041,"WEAVER & TIDWELL, LLP","MANHATTAN BEACH","California","United States","Y","Y",410,"Y"
1985710,320164,"WEAVER & TIDWELL, LLP","MANHATTAN BEACH","California","United States","Y","Y",410,"Y"
1985710,320166,"WEAVER & TIDWELL, LLP","MANHATTAN BEACH","California","United States","Y","Y",410,"Y"
1985710,297086,"WEAVER & TIDWELL, LLP","MANHATTAN BEACH","California","United States","Y","Y",410,"Y"
1986787,368433,"WEAVER AND TIDWELL LLP","FORT WORTH","Texas","United States","Y","Y",410,"Y"
1987292,203978,"DELOITTE & TOUCHE LLP","PARSIPPANY","New Jersey","United States","Y","Y",34,"Y"
1981471,254176,"PRICEWATERHOUSECOOPERS","GRAND CAYMAN","","Cayman Islands","Y","Y",1266,"Y"
1992307,426459,"KPMG LLP","PROSPECT","Connecticut","United States","Y","Y",185,"Y"
1989768,209181,"SPICER JEFFRIES, LLP","DENVER","Colorado","United States","Y","Y",349,"Y"
1989768,209180,"SPICER JEFFRIES LLP","DENVER","Colorado","United States","Y","Y",349,"Y"
1989768,209183,"SPICER JEFFERIES LLP","DENVER","Colorado","United States","Y","Y",349,"Y"
1985554,46886,"ERNST & YOUNG LLP","DUBLIN","","Ireland","Y","Y",1655,"Y"
1983109,312222,"FRANK RIMERMAN + CO LLP","SAN FRANCISCO","California","United States","Y","Y",1596,"Y"
1983109,312224,"FRANK RIMERMAN + CO LLP","SAN FRANCISCO","California","United States","Y","Y",1596,"Y"
1983109,312225,"FRANK RIMERMAN + CO LLP","SAN FRANCISCO","California","United States","Y","Y",1596,"Y"
1983568,318757,"ERNST & YOUNG LLP","CALGARY, AB","","Canada","Y","Y",1263,"Y"
1987451,357179,"KPMG (CAYMAN ISLANDS)","GRAND CAYMAN","","Cayman Islands","Y","Y",1323,"Y"
1987919,194736,"FRANK, RIMERMAN + CO. LLP","PALO ALTO","California","United States","Y","Y",1596,"Y"
1985350,268847,"ERNST & YOUNG LTD","GRAND CAYMAN","","Cayman Islands","Y","Y",42,"Y"
1987919,267997,"FRANK, RIMERMAN + CO. LLP","PALO ALTO","California","United States","Y","Y",1596,"Y"
1987919,357949,"FRANK, RIMERMAN + CO. LLP","PALO ALTO","California","United States","Y","Y",1596,"Y"
1988102,438155,"WHITLEY PENN LLP","FORT WORTH","Texas","United States","Y","Y",726,"Y"
1988102,438152,"WHITLEY PENN LLP","FORT WORTH","Texas","United States","Y","Y",726,"Y"
1988102,438154,"WHITLEY PENN LLP","FORT WORTH","Texas","United States","Y","Y",726,"Y"
1989811,310000,"PWC CAYMAN ISLANDS","GRAND CAYMAN","","Cayman Islands","Y","Y",1266,"Y"
1993416,319773,"BDO USA, P.C.","DALLAS","Texas","United States","Y","Y",243,"Y"
1993416,355031,"BDO USA, P.C.","DALLAS","Texas","United States","Y","Y",243,"Y"
1993692,256250,"COHNREZNICK LLP","MIAMI","Florida","United States","Y","Y",596,"Y"
1993692,256236,"COHNREZNICK LLP","MIAMI","Florida","United States","Y","Y",596,"Y"
1993692,256253,"COHNREZNICK LLP","MIAMI","Florida","United States","Y","Y",596,"Y"
1993254,254379,"CBIZ CPAS P.C.","NEW YORK","New York","United States","Y","Y",199,"Y"
1993254,246223,"CBIZ CPAS P.C.","NEW YORK","New York","United States","Y","Y",199,"Y"
1993254,358307,"CBIZ CPAS P.C.","NEW YORK","New York","United States","Y","Y",199,"Y"
1993676,435849,"ERNST & YOUNG","DUBLIN","","Ireland","Y","Y",1411,"Y"
1990012,475737,"CHERRY BEKAERT LLP","RALEIGH","North Carolina","United States","Y","Y",677,"Y"
1990012,309637,"MHA CAYMAN","GRAND CAYMAN","","Cayman Islands","Y","N",,""
1990012,371574,"CHERRY BEKAERT LLP","RALEIGH","North Carolina","United States","Y","Y",677,"Y"
1990012,475669,"MHA CAYMAN","GRAND CAYMAN","","Cayman Islands","Y","N",,""
1990060,449870,"BDO USA LLP","SAN FRANCISCO","California","United States","Y","Y",243,"Y"
1990060,449869,"BDO USA LLP","SAN FRANCISCO","California","United States","Y","Y",243,"Y"
1990060,449868,"BDO USA LLP","SAN FRANCISCO","California","United States","Y","Y",243,"Y"
1990060,68472,"FRANK, RIMERMAN & CO. LLP","SAN JOSE","California","United States","Y","Y",1596,"Y"
1983824,358190,"GRANT THORNTON LIMITED","ST. PETER PORT","","Guernsey","Y","Y",248,"Y"
1983824,279501,"GRANT THORNTON LIMITED","ST. PETER PORT","","Guernsey","Y","Y",248,"Y"
1983824,285194,"GRANT THORNTON LIMITED","ST. PETER PORT","","Guernsey","Y","Y",248,"Y"
1983824,358189,"GRANT THORNTON LIMITED","ST. PETER PORT","","Guernsey","Y","Y",248,"Y"
1983824,485453,"GRANT THORNTON","ST. PETER PORT","","Guernsey","Y","Y",248,"Y"
1983824,485454,"GRANT THORNTON","ST. PETER PORT","","Guernsey","Y","Y",248,"Y"
1983595,231093,"KPMG LLP","FORT WORTH","Texas","United States","Y","Y",185,"Y"
1983595,231092,"KPMG LLP","FORT WORTH","Texas","United States","Y","Y",185,"Y"
1983595,227679,"KPMG LLP","FORT WORTH","Texas","United States","Y","Y",185,"Y"
1983595,255958,"KPMG LLP","FORT WORTH","Texas","United States","Y","Y",185,"Y"
1989141,486272,"ERNST & YOUNG","SALT LAKE CITY","Utah","United States","Y","Y",42,"Y"
1989141,486274,"ERNST & YOUNG","SALT LAKE CITY","Utah","United States","Y","Y",42,"Y"
1989141,486275,"ERNST & YOUNG","SALT LAKE CITY","Utah","United States","Y","Y",42,"Y"
1989177,486282,"INDICATOR GLOBAL","NEW YORK","New York","United States","Y","N",,""
1989815,300174,"BAKER TILLY (CAYMAN) LTD.","GEORGE TOWN","","Cayman Islands","Y","N",,""
1989815,211229,"BAKER TILLY (CAYMAN) LTD.","GEORGE TOWN","","Cayman Islands","Y","N",,""
1989804,486407,"HYPERX FOUNDATION LTD","DENVER","Colorado","United States","Y","N",,""
1990196,214461,"PRICEWATERHOUSECOOPERS SOCIETE COOPERATIVE","LUXEMBOURG","","Luxembourg","Y","Y",1328,"Y"
1990196,201226,"DELOITTE & TOUCHE","GRAND CAYMAN","","Cayman Islands","Y","Y",1096,"Y"
1990196,175753,"PRICEWATERHOUSECOOPERS SOCIETE COOPERATIVE","LUXEMBOURG","","Luxembourg","Y","Y",1328,"Y"
1990196,42288,"ERNST & YOUNG","DUBLIN","","Ireland","Y","Y",1366,"Y"
1990196,41724,"DELOITTE & TOUCHE","GRAND CAYMAN","","Cayman Islands","Y","Y",1096,"Y"
1990196,42223,"DELOITTE & TOUCHE","GRAND CAYMAN","","Cayman Islands","Y","Y",1096,"Y"
1990196,42259,"ERNST & YOUNG","DUBLIN","","Ireland","Y","Y",1366,"Y"
1990196,214458,"PRICEWATERHOUSECOOPERS SOCIETE COOPERATIVE","LUXEMBOURG","","Luxembourg","Y","Y",1328,"Y"
1990196,42336,"ERNST & YOUNG","DUBLIN","","Ireland","Y","Y",1366,"Y"
1990196,250821,"DELOITTE & TOUCHE","GRAND CAYMAN","","Cayman Islands","Y","Y",1096,"Y"
1990196,175748,"PRICEWATERHOUSECOOPERS SOCIETE COOPERATIVE","LUXEMBOURG","","Luxembourg","Y","Y",1328,"Y"
1990196,41687,"DELOITTE & TOUCHE","GRAND CAYMAN","","Cayman Islands","Y","Y",1096,"Y"
1990196,175743,"PRICEWATERHOUSECOOPERS SOCIETE COOPERATIVE","LUXEMBOURG","","Luxembourg","Y","Y",1328,"Y"
1990196,41711,"DELOITTE & TOUCHE","GRAND CAYMAN","","Cayman Islands","Y","Y",1096,"Y"
1990196,214462,"DELOITTE","LUXEMBOURG","","Luxembourg","Y","Y",1287,"Y"
1990196,42319,"ERNST & YOUNG","DUBLIN","","Ireland","Y","Y",1366,"Y"
1990196,41676,"DELOITTE & TOUCHE","GRAND CAYMAN","","Cayman Islands","Y","Y",1096,"Y"
1990196,42301,"ERNST & YOUNG","DUBLIN","","Ireland","Y","Y",1366,"Y"
1990196,41661,"DELOITTE & TOUCHE","GRAND CAYMAN","","Cayman Islands","Y","Y",1096,"Y"
1990196,42347,"ERNST & YOUNG","DUBLIN","","Ireland","Y","Y",1366,"Y"
1990196,68657,"PRICEWATERHOUSECOOPERS","DUBLIN","","Ireland","Y","Y",1366,"Y"
1990196,250822,"DELOITTE & TOUCHE","GRAND CAYMAN","","Cayman Islands","Y","Y",1096,"Y"
1990196,42243,"DELOITTE & TOUCHE","GRAND CAYMAN","","Cayman Islands","Y","Y",1096,"Y"
1990196,486415,"DELOITTE & TOUCHE","GRAND CAYMAN","","Cayman Islands","Y","Y",1096,"Y"
1987974,362801,"MARCUM (CAYMAN)","GRAND CAYMAN","","Cayman Islands","Y","N",,""
1987974,362804,"MARCUM (CAYMAN)","GRAND CAYMAN","","Cayman Islands","Y","N",,""
1990331,216419,"KPMG LLP","SAN FRANCISCO","California","United States","Y","Y",185,"Y"
1990331,203738,"KPMG LLP","SAN FRANCISCO","California","United States","Y","Y",185,"Y"
1990331,378622,"KPMG LLP","SAN FRANCISCO","California","United States","Y","Y",185,"Y"
1990331,199967,"KPMG LLP","SAN FRANCISCO","California","United States","Y","Y",185,"Y"
1990331,178058,"KPMG LLP","SAN FRANCISCO","California","United States","Y","Y",185,"Y"
1990331,216883,"KPMG LLP","SAN FRANCISCO","California","United States","Y","Y",185,"Y"
1990331,197027,"KPMG LLP","SAN FRANCISCO","California","United States","Y","Y",185,"Y"
1989630,486333,"MARC EGORT, CPA, P.A.","FORT LAUDERDALE","Florida","United States","Y","N",,""
1987969,422396,"TOWN & FOREST","ST ALBANS","","United Kingdom","Y","N",,""
1987969,422394,"TOWN & FOREST","ST ALBANS","","United Kingdom","Y","N",,""
1987969,422395,"TOWN & FOREST","ST ALBANS","","United Kingdom","Y","N",,""
1985319,420413,"ERNST & YOUNG MALTA LTD","MSIDA","","Malta","Y","N",,""
1985319,229414,"ERNST & YOUNG MALTA LTD","MSIDA","","Malta","Y","N",,""
1985319,309549,"ERNST & YOUNG MALTA LTD","MSIDA","","Malta","Y","N",,""
1985319,309557,"ERNST & YOUNG MALTA LTD","MSIDA","","Malta","Y","N",,""
1985319,266630,"ERNST & YOUNG MALTA LTD","MSIDA","","Malta","Y","N",,""
1985319,309548,"ERNST & YOUNG MALTA LTD","MSIDA","","Malta","Y","N",,""
1985319,485524,"ERNST & YOUNG MALTA LTD","MSIDA","","Malta","Y","N",,""
1985319,309555,"ERNST & YOUNG MALTA LTD","MSIDA","","Malta","Y","N",,""
1985319,266624,"ERNST & YOUNG MALTA LTD","MSIDA","","Malta","Y","N",,""
1985319,266627,"ERNST & YOUNG MALTA LTD","MSIDA","","Malta","Y","N",,""
1985319,420412,"ERNST & YOUNG MALTA LTD","MSIDA","","Malta","Y","N",,""
1989329,418092,"FORVIS MAZARS, LLP","SPRINGFIELD","Missouri","United States","Y","Y",686,"Y"
1989329,388182,"FORVIS MAZARS, LLP","SPRINGFIELD","Missouri","United States","Y","Y",686,"Y"
1989329,396301,"FORVIS MAZARS, LLP","SPRINGFIELD","Missouri","United States","Y","Y",686,"Y"
1989329,460372,"FORVIS MAZARS, LLP","SPRINGFIELD","Missouri","United States","Y","Y",686,"Y"
1989329,460369,"FORVIS MAZARS, LLP","SPRINGFIELD","Missouri","United States","Y","Y",686,"Y"
1989329,460374,"FORVIS MAZARS, LLP","SPRINGFIELD","Missouri","United States","Y","Y",686,"Y"
1989329,417571,"FORVIS MAZARS, LLP","SPRINGFIELD","Missouri","United States","Y","Y",686,"Y"
1989329,287066,"FORVIS MAZARS, LLP","SPRINGFIELD","Missouri","United States","Y","Y",686,"Y"
1989329,287067,"FORVIS MAZARS, LLP","SPRINGFIELD","Missouri","United States","Y","Y",686,"Y"
1989329,210385,"FORVIS MAZARS, LLP","SPRINGFIELD","Missouri","United States","Y","Y",686,"Y"
1989329,355358,"WINDES","LONG BEACH","California","United States","Y","N",,""
1993242,369803,"MAYER HOFFMAN MCCANN P.C.","DENVER","Colorado","United States","Y","Y",199,"Y"
1993242,369804,"MAYER HOFFMAN MCCANN P.C.","DENVER","Colorado","United States","Y","Y",199,"Y"
1992861,202084,"PRICEWATERHOUSECOOPERS CI LLP","ST. PETER PORT","","Guernsey","Y","Y",1412,"Y"
1992861,26778,"PRICEWATERHOUSECOOPERS AG","ZURICH","","Switzerland","Y","Y",1358,"Y"
1992861,242938,"PRICEWATERHOUSECOOPERS AG","ZURICH","","Switzerland","Y","Y",1358,"Y"
1992861,242958,"PRICEWATERHOUSECOOPERS CAYMAN ISLANDS","GRAND CAYMAN","","Cayman Islands","Y","Y",1266,"Y"
1992861,26778,"PRICEWATERHOUSE COOPERS CI LLP","ST. PETER PORT","","Guernsey","Y","Y",1412,"Y"
1992861,26784,"PRICEWATERHOUSE COOPERS CI LLP","ST. PETER PORT","","Guernsey","Y","Y",1412,"Y"
1992861,202065,"PRICEWATERHOUSECOOPERS AG","ZURICH","","Switzerland","Y","Y",1358,"Y"
1992861,26791,"PRICEWATERHOUSE COOPERS CI LLP","ST. PETER PORT","","Guernsey","Y","Y",1412,"Y"
1992861,174573,"PRICEWATERHOUSECOOPERS CI LLP","ST. PETER PORT","","Guernsey","Y","Y",1412,"Y"
1992861,174193,"PRICEWATERHOUSECOOPERS AG","ZURICH","","Switzerland","Y","Y",1358,"Y"
1992861,372901,"PRICEWATERHOUSECOOPERS CI LLP","ST. PETER PORT","","Guernsey","Y","Y",1412,"Y"
1992861,73189,"PRICEWATERHOUSECOOPERS CI LLP","ST. PETER PORT","","Guernsey","Y","Y",1412,"Y"
1992861,26933,"PRICEWATERHOUSE COOPERS CI LLP","ST. PETER PORT","","Guernsey","Y","Y",1412,"Y"
1992861,59717,"PRICEWATERHOUSECOOPERS, SOCIÉTÉ COOPÉRATIVE","LUXEMBOURG","","Luxembourg","Y","Y",1328,"Y"
1992861,29150,"PRICEWATERHOUSE COOPERS CI LLP","ST. PETER PORT","","Guernsey","Y","Y",1412,"Y"
1992861,29124,"PRICEWATERHOUSE COOPERS CI LLP","ST. PETER PORT","","Guernsey","Y","Y",1412,"Y"
1992861,186526,"PRICEWATERHOUSECOOPERS AG","ZURICH","","Switzerland","Y","Y",1358,"Y"
1992861,30947,"PRICEWATERHOUSE COOPERS CI LLP","ST. PETER PORT","","Guernsey","Y","Y",1412,"Y"
1992861,50797,"PRICEWATERHOUSE COOPERS CI LLP","GLATEGNY ESPLANADE","","Guernsey","Y","Y",1412,"Y"
1992861,50886,"PRICEWATERHOUSECOOPERS AG","ZURICH","","Switzerland","Y","Y",1358,"Y"
1992861,50886,"PRICEWATERHOUSE COOPERS CI LLP","ST. PETER PORT","","Guernsey","Y","Y",1412,"Y"
1992861,50798,"PRICEWATERHOUSE COOPERS CI LLP","GLATEGNY ESPLANADE","","Guernsey","Y","Y",1412,"Y"
1992861,202069,"PRICEWATERHOUSECOOPERS CAYMAN ISLANDS","GRAND CAYMAN","","Cayman Islands","Y","Y",1266,"Y"
1992861,307353,"PRICEWATERHOUSECOOPERS AG","ZURICH","","Switzerland","Y","Y",1358,"Y"
1992861,186531,"PRICEWATERHOUSE COOPERS CI LLP","ST. PETER PORT","","Guernsey","Y","Y",1412,"Y"
1992861,259463,"PRICEWATERHOUSECOOPERS CAYMAN ISLANDS","GRAND CAYMAN","","Cayman Islands","Y","Y",1266,"Y"
1992861,26028,"PRICEWATERHOUSE COOPERS CI LLP","ST. PETER PORT","","Guernsey","Y","Y",1412,"Y"
1992861,59559,"PRICEWATERHOUSE COOPERS CI LLP","ST. PETER PORT","","Guernsey","Y","Y",1412,"Y"
1992861,259587,"PRICEWATERHOUSECOOPERS AG","ZURICH","","Switzerland","Y","Y",1358,"Y"
1992861,220835,"PRICEWATERHOUSECOOPERS CI LLP","ST. PETER PORT","","Guernsey","Y","Y",1412,"Y"
1992861,202055,"PRICEWATERHOUSECOOPERS AG","ZURICH","","Switzerland","Y","Y",1358,"Y"
1992861,26928,"PRICEWATERHOUSE COOPERS CI LLP","ST. PETER PORT","","Guernsey","Y","Y",1412,"Y"
1992861,220912,"PRICEWATERHOUSECOOPERS CI LLP","ST. PETER PORT","","Guernsey","Y","Y",1412,"Y"
1992861,202739,"PRICEWATERHOUSECOOPERS AG","ZURICH","","Switzerland","Y","Y",1358,"Y"
1992861,51123,"PRICEWATERHOUSE COOPERS CI LLP","ST. PETER PORT","","Guernsey","Y","Y",1412,"Y"
1992861,372902,"PRICEWATERHOUSECOOPERS CI LLP","ST. PETER PORT","","Guernsey","Y","Y",1412,"Y"
1992861,26829,"PRICEWATERHOUSE COOPERS CI LLP","ST. PETER PORT","","Guernsey","Y","Y",1412,"Y"
1992861,51121,"PRICEWATERHOUSE COOPERS CI LLP","ST. PETER PORT","","Guernsey","Y","Y",1412,"Y"
1992861,242961,"PRICEWATERHOUSECOOPERS CI LLP","ST. PETER PORT","","Guernsey","Y","Y",1412,"Y"
1992861,73183,"PRICEWATERHOUSE COOPERS CI LLP","ST. PETER PORT","","Guernsey","Y","Y",1412,"Y"
1992861,220885,"PRICEWATERHOUSECOOPERS CI LLP","ST. PETER PORT","","Guernsey","Y","Y",1412,"Y"
1992861,25198,"PRICEWATERHOUSECOOPERS AG","ZURICH","","Switzerland","Y","Y",1358,"Y"
1992861,25198,"PRICEWATERHOUSE COOPERS CI LLP","ST. PETER PORT","","Guernsey","Y","Y",1412,"Y"
1992861,26878,"PRICEWATERHOUSE COOPERS CI LLP","ST. PETER PORT","","Guernsey","Y","Y",1412,"Y"
1992861,373002,"PRICEWATERHOUSECOOPERS (CAYMAN)","GRAND CAYMAN","","Cayman Islands","Y","Y",1266,"Y"
1992861,26142,"PRICEWATERHOUSECOOPERS AG","ZURICH","","Switzerland","Y","Y",1358,"Y"
1992861,26142,"PRICEWATERHOUSE COOPERS CI LLP","ST. PETER PORT","","Guernsey","Y","Y",1412,"Y"
1992861,242944,"PRICEWATERHOUSECOOPERS AG","ZURICH","","Switzerland","Y","Y",1358,"Y"
1992861,174207,"PRICEWATERHOUSECOOPERS CI LLP","ST. PETER PORT","","Guernsey","Y","Y",1412,"Y"
1992861,362762,"PRICEWATERHOUSECOOPERS CAYMAN ISLANDS","GRAND CAYMAN","","Cayman Islands","Y","Y",1266,"Y"
1992861,202105,"PRICEWATERHOUSECOOPERS CI LLP","ST. PETER PORT","","Guernsey","Y","Y",1412,"Y"
1992861,372903,"PRICEWATERHOUSECOOPERS CI LLP","ST. PETER PORT","","Guernsey","Y","Y",1412,"Y"
1992861,372905,"PRICEWATERHOUSECOOPERS AG","ZURICH","","Switzerland","Y","Y",1358,"Y"
1992861,360751,"PRICEWATERHOUSECOOPERS CI LLP","ST. PETER PORT","","Guernsey","Y","Y",1412,"Y"
1992861,26110,"PRICEWATERHOUSE COOPERS CI LLP","ST. PETER PORT","","Guernsey","Y","Y",1412,"Y"
1992861,259598,"PRICEWATERHOUSECOOPERS AG","ZURICH","","Switzerland","Y","Y",1358,"Y"
1992861,73187,"PRICEWATERHOUSECOOPERS CI LLP","ST. PETER PORT","","Guernsey","Y","Y",1412,"Y"
1992861,73188,"PRICEWATERHOUSECOOPERS AG","ZURICH","","Switzerland","Y","Y",1358,"Y"
1992861,73188,"PRICEWATERHOUSECOOPERS CI LLP","ST. PETER PORT","","Guernsey","Y","Y",1412,"Y"
1992861,220905,"PRICEWATERHOUSECOOPERS CI LLP","ST. PETER PORT","","Guernsey","Y","Y",1412,"Y"
1992861,25941,"PRICEWATERHOUSE COOPERS CI LLP","ST. PETER PORT","","Guernsey","Y","Y",1412,"Y"
1992861,25091,"PRICEWATERHOUSE COOPERS CI LLP","ST. PETER PORT","","Guernsey","Y","Y",1412,"Y"
1992861,26149,"PRICEWATERHOUSE COOPERS CI LLP","ST. PETER PORT","","Guernsey","Y","Y",1412,"Y"
1992861,59716,"PRICEWATERHOUSECOOPERS, SOCIÉTÉ COOPÉRATIVE","LUXEMBOURG","","Luxembourg","Y","Y",1328,"Y"
1992861,259567,"PRICEWATERHOUSECOOPERS AG","ZURICH","","Switzerland","Y","Y",1358,"Y"
1992861,26803,"PRICEWATERHOUSE COOPERS CI LLP","ST. PETER PORT","","Guernsey","Y","Y",1412,"Y"
1992861,25978,"PRICEWATERHOUSE COOPERS CI LLP","ST. PETER PORT","","Guernsey","Y","Y",1412,"Y"
1992861,25978,"PRICEWATERHOUSECOOPERS AG","ZURICH","","Switzerland","Y","Y",1358,"Y"
1992861,202086,"PRICEWATERHOUSECOOPERS CI LLP","ST. PETER PORT","","Guernsey","Y","Y",1412,"Y"
1992861,26864,"PRICEWATERHOUSE COOPERS CI LLP","ST. PETER PORT","","Guernsey","Y","Y",1412,"Y"
1992861,456303,"PRICEWATERHOUSECOOPERS AG","ZURICH","","Switzerland","Y","Y",1358,"Y"
1992861,456487,"PRICEWATERHOUSECOOPERS, SOCIÉTÉ COOPÉRATIVE","LUXEMBOURG","","Luxembourg","Y","Y",1328,"Y"
1992861,456229,"PRICEWATERHOUSECOOPERS CAYMAN ISLANDS","GRAND CAYMAN","","Cayman Islands","Y","Y",1226,"Y"
1992861,456466,"PRICEWATERHOUSECOOPERS, SOCIÉTÉ COOPÉRATIVE","LUXEMBOURG","","Luxembourg","Y","Y",1328,"Y"
1992861,456171,"PRICEWATERHOUSECOOPERS CAYMAN ISLANDS","GRAND CAYMAN","","Cayman Islands","Y","Y",1226,"Y"
1992861,456361,"PRICEWATERHOUSECOOPERS AG","ZURICH","","Switzerland","Y","Y",1358,"Y"
1992861,456526,"PRICEWATERHOUSE COOPERS CI LLP","ST. PETER PORT","","Guernsey","Y","Y",1412,"Y"
1992861,456242,"PRICEWATERHOUSECOOPERS CAYMAN ISLANDS","GRAND CAYMAN","","Cayman Islands","Y","Y",1266,"Y"
1993380,339721,"RSM US LLP","CHICAGO","Illinois","United States","Y","Y",49,"Y"
1993380,187464,"DELOITTE & TOUCHE LTD.","HAMILTON","","Bermuda","Y","Y",5230,"Y"
1994272,2283,"RSM US LLP","NEW YORK","New York","United States","Y","Y",49,"Y"
1993606,313394,"SENSIBA SAN FILIPPO LLP","PLEASANTON","California","United States","Y","Y",854,"Y"
1994409,275832,"SANVILLE & COMPANY","ABINGTON","Pennsylvania","United States","Y","Y",169,"Y"
1992527,42323,"ERNST & YOUNG","EBENE","","Mauritius","Y","N",,""
1992527,480299,"ERNST & YOUNG","EBENE","","Mauritius","Y","N",,""
1992406,369067,"KPMG LLP","SAN FRANCISCO","California","United States","Y","Y",185,"Y"
1994634,484009,"CHERRY BEKAERT","RICHMOND","Virginia","United States","Y","Y",677,"Y"
1994804,267921,"BDO, USA, LLP","FORT WORTH","Texas","United States","Y","Y",243,"Y"
1994126,232105,"KPMG - CAYMAN","GRAND CAYMAN","","Cayman Islands","Y","Y",1323,"Y"
1994116,311864,"KPMG - CAYMAN","GEORGE TOWN","","Cayman Islands","Y","Y",1323,"Y"
1979036,378236,"ERNST & YOUNG","PARIS","","France","Y","Y",1692,"Y"
1979036,288881,"ERNST & YOUNG","PARIS","","France","Y","Y",1692,"Y"
1986593,357162,"KPMG LLP","KANSAS CITY","Missouri","United States","Y","Y",185,"Y"
1983581,44680,"BDO CAYMAN LIMITED","GRAND CAYMAN","","Cayman Islands","Y","Y",2162,"Y"
1986733,422177,"SPICER JEFFRIES LLP","GREENWOOD VILLAGE,","Colorado","United States","Y","Y",349,"Y"
1985639,214828,"FRANK, RIMERMAN & CO. LLP","PALO ALTO","California","United States","Y","Y",1596,"Y"
1985639,231976,"FRANK, RIMERMAN & CO. LLP","PALO ALTO","California","United States","Y","Y",1596,"Y"
1985639,214827,"FRANK, RIMERMAN & CO. LLP","PALO ALTO","California","United States","Y","Y",1596,"Y"
1985639,214831,"FRANK, RIMERMAN & CO. LLP","PALO ALTO","California","United States","Y","Y",1596,"Y"
1985639,231978,"FRANK, RIMERMAN & CO. LLP","PALO ALTO","California","United States","Y","Y",1596,"Y"
1985639,308986,"FRANK, RIMMERMAN & CO. LLP","PALO ALTO","California","United States","Y","Y",1596,"Y"
1985639,308968,"FRANK, RIMERMAN & CO. LLP","PALO ALTO","California","United States","Y","Y",1596,"Y"
1985639,308970,"FRANK, RIMERMAN & CO. LLP","PALO ALTO","California","United States","Y","Y",1596,"Y"
1985639,308969,"FRANK, RIMERMAN & CO. LLP","PALO ALTO","California","United States","Y","Y",1596,"Y"
1985639,308972,"FRANK, RIMERMAN & CO. LLP","PALO ALTO","California","United States","Y","Y",1596,"Y"
1985639,231977,"FRANK, RIMERMAN & CO. LLP","PALO ALTO","California","United States","Y","Y",1596,"Y"
1985639,231980,"FRANK, RIMERMAN & CO. LLP","PALO ALTO","California","United States","Y","Y",1596,"Y"
1985639,214829,"FRANK, RIMERMAN & CO. LLP","PALO ALTO","California","United States","Y","Y",1596,"Y"
1985639,371735,"FRANK, RIMERMAN & CO. LLP","PALO ALTO","California","United States","Y","Y",1596,"Y"
1985639,371968,"FRANK, RIMERMAN & CO. LLP","PALO ALTO","California","United States","Y","Y",1596,"Y"
1985639,371782,"FRANK, RIMERMAN & CO. LLP","PALO ALTO","California","United States","Y","Y",1596,"Y"
1985639,371737,"FRANK, RIMERMAN & CO. LLP","PALO ALTO","California","United States","Y","Y",1596,"Y"
1986541,480979,"ERNST & YOUNG LUXEMBOURG S.A","LUXEMBOURG","","Luxembourg","Y","Y",1367,"Y"
1986541,481013,"DELOITTE IRELAND","DUBLIN","","Ireland","Y","Y",1193,"Y"
1986541,481073,"DELOITTE IRELAND","DUBLIN","","Ireland","Y","Y",1193,"Y"
1986541,480975,"DELOITTE IRELAND LLP","DUBLIN","","Ireland","Y","Y",1193,"N"
1986541,481360,"DELOITTE IRELAND LLP","DUBLIN","","Ireland","N","Y",1193,"Y"
1986541,375846,"DELOITTE IRELAND","DUBLIN","","Ireland","Y","Y",1193,"Y"
1986541,375655,"DELOITTE IRELAND","DUBLIN","","Ireland","Y","Y",1193,"Y"
1986541,375830,"DELOITTE IRELAND","DUBLIN","","Ireland","Y","Y",1193,"Y"
1986541,38079,"PRICEWATERHOUSECOOPERS LLP","LONDON","","United Kingdom","Y","Y",876,"Y"
1986541,372641,"PRICEWATERHOUSECOOPERS, SOCIETE COOPERATIVE","LUXEMBOURG","","Luxembourg","Y","Y",1328,"Y"
1986541,375841,"DELOITTE IRELAND","DUBLIN","","Ireland","Y","Y",1193,"Y"
1986541,481374,"ERNST & YOUNG LUXEMBOURG S.A","LUXEMBOURG","","Luxembourg","Y","Y",1367,"Y"
1986541,481341,"ERNST & YOUNG LUXEMBOURG S.A","LUXEMBOURG","","Luxembourg","Y","Y",1367,"Y"
1986541,480995,"ERNST & YOUNG LUXEMBOURG S.A","LUXEMBOURG","","Luxembourg","Y","Y",1367,"Y"
1986948,215981,"PRICEWATERHOUSECOOPERS, SOCIETE COOPERATIVE","LUXEMBOURG","","Luxembourg","Y","Y",1328,"Y"
1986948,196685,"PRICEWATERHOUSECOOPERS LLP","LONDON","","United Kingdom","Y","Y",876,"Y"
1986948,172296,"PRICEWATERHOUSECOOPERS LLP","LONDON","","United Kingdom","Y","Y",876,"Y"
1987601,245906,"ERNST & YOUNG LTD","GRAND CAYMAN","","Cayman Islands","Y","Y",1665,"Y"
1987601,245907,"KPMG LLP","GRAND CAYMAN","","Cayman Islands","Y","Y",1323,"Y"
1940143,305812,"BDO LLP","LONDON, ENGLAND","","United Kingdom","Y","Y",1295,"Y"
1940143,190381,"BDO LLP","LONDON, ENGLAND","","United Kingdom","Y","Y",1295,"Y"
1940143,190380,"BDO LLP","LONDON, ENGLAND","","United Kingdom","Y","Y",1295,"Y"
1987995,421504,"FRAZIER & DEETER","ATLANTA","Georgia","United States","Y","Y",215,"Y"
1987995,422470,"EY AUDIT LTDA.","SANTIAGO","","Chile","Y","N",,""
1986557,297137,"CBIZ CPAS P.C.","NEW YORK","New York","United States","Y","Y",199,"Y"
1965352,230206,"DELOITTE  LUXEMBOURG","LUXEMBOURG","","Luxembourg","Y","Y",1287,"Y"
1965352,420748,"DELOITTE LUXEMBOURG","LUXEMBOURG","","Luxembourg","Y","Y",1287,"Y"
1965352,229625,"KPMG GRAND CAYMAN","GEORGE TOWN","","Cayman Islands","Y","Y",1323,"Y"
1965352,314415,"DELOITTE  LUXEMBOURG","LUXEMBOURG","","Luxembourg","Y","Y",1287,"Y"
1965352,309181,"DELOITTE  LUXEMBOURG","LUXEMBOURG","","Luxembourg","Y","Y",1287,"Y"
1965352,312822,"KPMG GRAND CAYMAN","GEORGE TOWN","","Cayman Islands","Y","Y",1323,"Y"
1965352,195343,"DELOITTE LUXEMBOURG","LUXEMBOURG","","Luxembourg","Y","Y",1287,"Y"
1985951,370344,"WEAVER AND TIDWELL, LLP","NEW YORK","New York","United States","Y","Y",410,"Y"
1986567,215435,"KPMG LLP","LONDON","","United Kingdom","Y","Y",1118,"Y"
1986567,215437,"KPMG AUDIT S.À R.L.","LUXEMBOURG","","Luxembourg","Y","Y",2831,"Y"
1986567,215424,"KPMG LLP","LONDON","","United Kingdom","Y","Y",1118,"Y"
1986567,197706,"KPMG LLP","LONDON","","United Kingdom","Y","Y",1118,"Y"
1986567,197560,"KPMG LLP","LONDON","","United Kingdom","Y","Y",1118,"Y"
1986567,197563,"KPMG LLP","LONDON","","United Kingdom","Y","Y",1118,"Y"
1986567,197561,"KPMG LLP","LONDON","","United Kingdom","Y","Y",1118,"Y"
1986567,288880,"KPMG LLP","LONDON","","United Kingdom","Y","Y",1118,"Y"
1986567,288877,"KPMG LLP","LONDON","","United Kingdom","Y","Y",1118,"Y"
1986567,355514,"KPMG AUDIT S.À R.L.","LUXEMBOURG","","Luxembourg","Y","Y",2831,"Y"
1986567,478291,"KPMG LLP","LONDON","","United Kingdom","Y","Y",1118,"Y"
1986567,478290,"KPMG LLP","LONDON","","United Kingdom","Y","Y",1118,"Y"
1986567,478292,"KPMG LLP","LONDON","","United Kingdom","Y","Y",1118,"Y"
1986567,478294,"KPMG LLP","LONDON","","United Kingdom","Y","Y",1118,"Y"
1986567,374743,"KPMG LLP","LONDON","","United Kingdom","Y","Y",1118,"Y"
1986567,373491,"KPMG LLP","LONDON","","United Kingdom","Y","Y",1118,"Y"
1986567,372633,"KPMG LLP","LONDON","","United Kingdom","Y","Y",1118,"Y"
1986567,374722,"KPMG AUDIT S.À R.L.","LUXEMBOURG","","Luxembourg","Y","Y",2831,"Y"
1986567,288878,"KPMG LLP","LONDON","","United Kingdom","Y","Y",1118,"Y"
1986567,197383,"KPMG LLP","LONDON","","United Kingdom","Y","Y",1118,"Y"
1986567,288879,"KPMG LLP","LONDON","","United Kingdom","Y","Y",1118,"Y"
1986567,254844,"KPMG LLP","LONDON","","United Kingdom","Y","Y",1118,"Y"
1986567,197704,"KPMG LLP","LONDON","","United Kingdom","Y","Y",1118,"Y"
1986567,197562,"KPMG LLP","LONDON","","United Kingdom","Y","Y",1118,"Y"
1986567,215436,"KPMG LLP","LONDON","","United Kingdom","Y","Y",1118,"Y"
1986567,197564,"KPMG LLP","LONDON","","United Kingdom","Y","Y",1118,"Y"
1986567,235800,"KPMG LLP","LONDON","","United Kingdom","Y","Y",1118,"Y"
1986567,235798,"KPMG LLP","LONDON","","United Kingdom","Y","Y",1118,"Y"
1986567,254853,"KPMG LLP","LONDON","","United Kingdom","Y","Y",1118,"Y"
1986567,477106,"KPMG LLP","LONDON","","United Kingdom","Y","Y",1118,"Y"
1986567,477161,"KPMG LLP","LONDON","","United Kingdom","Y","Y",1118,"Y"
1986567,355513,"KPMG LLP","LONDON","","United Kingdom","Y","Y",1118,"Y"
1986567,476076,"KPMG AUDIT S.À R.L.","LUXEMBOURG","","Luxembourg","Y","Y",2831,"Y"
1987027,276858,"FRANK RIMERMAN & CO. LLP","SAN FRANCISCO","California","United States","Y","Y",1596,"Y"
1987027,337154,"FRANK RIMERMAN & CO. LLP","SAN FRANCISCO","California","United States","Y","Y",1596,"Y"
1987036,433086,"DELOITTE & TOUCHE LLP","NEW YORK","New York","United States","Y","Y",34,"Y"
1986790,27469,"KPMG","BOSTON","Massachusetts","United States","Y","Y",1323,"Y"
1969857,281005,"EISNERAMPER LLP","NEW YORK","New York","United States","Y","Y",274,"Y"
1982000,313812,"WEAVER AND TIDWELL, L.L.P.","MANHATTAN BEACH","California","United States","Y","Y",410,"Y"
1985597,426459,"KPMG LLP","PROSPECT","Connecticut","United States","Y","Y",185,"Y"
1975685,422019,"KPMG AUDIT LLC","DOUGLAS","","Isle of Man","Y","N",,""
1975685,66759,"KPMG AUDIT LLC","DOUGLAS","","Isle of Man","Y","N",,""
1981805,435043,"CLIFTON LARSON ALLEN","MINNEAPOLIS","Minnesota","United States","Y","Y",655,"Y"
1985370,209709,"PWC","SÃO PAULO","","Brazil","Y","N",,""
1985370,243849,"PWC","SÃO PAULO","","Brazil","Y","N",,""
1985370,398295,"PWC","SÃO PAULO","","Brazil","Y","N",,""
1983258,285046,"ERNST & YOUNG LTD","GRAND CAYMAN","","Cayman Islands","Y","Y",1655,"Y"
1989601,194734,"DELOITTE (IRELAND)","DUBLIN","","Ireland","Y","Y",1193,"Y"
1989601,256895,"DELOITTE (IRELAND)","DUBLIN","","Ireland","Y","Y",1193,"Y"
1989601,256449,"DELOITTE (CAYMAN ISLANDS)","GEORGE TOWN","","Cayman Islands","Y","Y",1096,"Y"
1989601,284211,"DELOITTE (CAYMAN ISLANDS)","GEORGE TOWN","","Cayman Islands","Y","Y",1096,"Y"
1989601,284211,"DELOITTE (IRELAND)","DUBLIN","","Ireland","Y","Y",1193,"Y"
1989601,256454,"DELOITEE (CAYMAN ISLANDS)","GEORGE TOWN","","Cayman Islands","Y","Y",1096,"Y"
1989601,358545,"DELOITTE IRELAND LLP","DUBLIN","","Ireland","Y","Y",1193,"Y"
1989601,336841,"DELOITTE (CAYMAN ISLANDS)","GEORGE TOWN","","Cayman Islands","Y","Y",1096,"Y"
1989601,336841,"DELOITTE (IRELAND)","DUBLIN","","Ireland","Y","Y",1193,"Y"
1989601,358530,"DELOITTE IRELAND LLP","DUBLIN","","Ireland","Y","Y",1193,"Y"
1989601,358719,"DELOITTE IRELAND LLP","DUBLIN","","Ireland","Y","Y",1193,"Y"
1989601,358709,"DELOITTE IRELAND LLP","DUBLIN","","Ireland","Y","Y",1193,"Y"
1989601,328287,"DELOITTE (CAYMAN ISLANDS)","GEORGE TOWN","","Cayman Islands","Y","Y",1096,"Y"
1989601,328287,"DELOITTE (IRELAND)","DUBLIN","","Ireland","Y","Y",1193,"Y"
1989601,215575,"DELOITTE (CAYMAN ISLANDS)","GEORGE TOWN","","Cayman Islands","Y","Y",1096,"Y"
1989601,215575,"DELOITTE (IRELAND)","DUBLIN","","Ireland","Y","Y",1193,"Y"
1989601,372703,"DELOITTE IRELAND LLP","DUBLIN","","Ireland","Y","Y",1193,"Y"
1989601,464536,"DELOITTE IRELAND LLP","DUBLIN","","Ireland","Y","Y",1193,"Y"
1979940,14534,"ERNST & YOUNG","AUSTIN","Texas","United States","Y","Y",42,"Y"
1979940,14548,"ERNST & YOUNG","AUSTIN","Texas","United States","Y","Y",42,"Y"
1988475,43517,"RICHEY MAY","ENGLEWOOD","Colorado","United States","Y","Y",673,"Y"
1988475,43518,"RICHEY MAY","ENGLEWOOD","Colorado","United States","Y","Y",673,"Y"
1988475,41026,"RICHEY MAY","ENGLEWOOD","Colorado","United States","Y","Y",673,"Y"
1988475,61125,"RICHEY MAY","ENGLEWOOD","Colorado","United States","Y","Y",673,"Y"
1973348,186107,"KPMG CHANNEL ISLANDS LIMITED","ST PETER PORT","","Guernsey","Y","Y",6188,"N"
1973348,483124,"KPMG LUXEMBOURG","LUXEMBOURG","","Luxembourg","Y","Y",2831,"Y"
1973348,358795,"KPMG LUXEMBOURG","LUXEMBOURG","","Luxembourg","Y","Y",2831,"Y"
1973348,201813,"KPMG LUXEMBOURG","LUXEMBOURG","","Luxembourg","Y","Y",2831,"Y"
1973348,52082,"KPMG CHANNEL ISLANDS LIMITED","ST PETER PORT","","Guernsey","Y","Y",6188,"N"
1988828,478293,"PRICEWATERHOUSECOOPERS CI LLP","ST. PETERS PORT","","Guernsey","Y","Y",1412,"Y"
1988828,282025,"PRICEWATERHOUSECOOPERS","QORMI","","Malta","Y","Y",1412,"Y"
1988828,334609,"PRICEWATERHOUSECOOPERS","QORMI","","Malta","Y","Y",1412,"Y"
1988828,334610,"PRICEWATERHOUSECOOPERS","QORMI","","Malta","Y","Y",1412,"Y"
1986766,281005,"EISNERAMPER LLP","NEW YORK","New York","United States","Y","Y",274,"Y"
1975865,355206,"EISNERAMPER","ISELAN","New Jersey","United States","Y","Y",926,"Y"
1975865,355213,"EISNERAMPER","ISELAN","New Jersey","United States","Y","Y",926,"Y"
1975865,309115,"EISNERAMPER","ISELAN","New Jersey","United States","Y","Y",926,"Y"
1975865,485904,"EISNERAMPER","ISELAN","New Jersey","United States","Y","Y",926,"Y"
1994566,248711,"COHNREZNICK LLP","BOSTON","Massachusetts","United States","Y","Y",596,"Y"
1994566,337490,"COHN REZNICK","NEW YORK","New York","United States","Y","Y",596,"Y"
1994566,476388,"COHN REZNICK","NEW YORK","New York","United States","Y","Y",596,"Y"
1994566,476376,"COHN REZNICK","NEW YORK","New York","United States","Y","Y",596,"Y"
1994566,295450,"COHNREZNICK LLP","BOSTON","Massachusetts","United States","Y","Y",596,"Y"
1989647,199967,"KPMG LLP","SAN FRANCISCO","California","United States","Y","Y",185,"Y"
1989647,178058,"KPMG LLP","SAN FRANCISCO","California","United States","Y","Y",185,"Y"
1989647,216883,"KPMG LLP","SAN FRANCISCO","California","United States","Y","Y",185,"Y"
1989647,197027,"KPMG LLP","SAN FRANCISCO","California","United States","Y","Y",185,"Y"
1989647,216419,"KPMG LLP","SAN FRANCISCO","California","United States","Y","Y",185,"Y"
1989647,203738,"KPMG LLP","SAN FRANCISCO","California","United States","Y","Y",185,"Y"
1989647,378622,"KPMG LLP","SAN FRANCISCO","California","United States","Y","Y",185,"Y"
1989078,48010,"KPMG AG WIRTSCHAFTSPRUEFUNGSGESELLSCHAFT","MUNICH","","Germany","Y","Y",1021,"Y"
1988630,364637,"GELLERRAGANS","ORLANDO","Florida","United States","Y","Y",6602,"Y"
1988630,364636,"CROWE LLP","TAMPA","Florida","United States","Y","Y",173,"Y"
1989022,192156,"DELOITTE & TOUCHE (CAYMAN)","GRAND CAYMAN","","Cayman Islands","Y","Y",1096,"Y"
1986564,65292,"PKF LITTLEJOHN LLP","LONDON","","United Kingdom","Y","Y",2814,"Y"
1987937,486178,"ERNST & YOUNG LTD.","GRAND CAYMAN","","Cayman Islands","Y","Y",1655,"Y"
1931679,460248,"KPMG LLP","GEORGE TOWN","","Cayman Islands","Y","Y",1323,"Y"
1988254,486203,"RICHEY, MAY & CO., LLP","ENGLEWOOD","Colorado","United States","Y","Y",673,"Y"
1988802,313574,"RSM US LLP","BOSTON","Massachusetts","United States","Y","Y",49,"Y"
1989065,479832,"CROWE, LLP","OAK BROOK","Illinois","United States","Y","Y",173,"Y"
1989065,62208,"CROWE, LLP","OAK BROOK","Illinois","United States","Y","Y",173,"Y"
1989065,46751,"CROWE, LLP","OAK BROOK","Illinois","United States","Y","Y",173,"Y"
1989065,217452,"CROWE, LLP","OAK BROOK","Illinois","United States","Y","Y",173,"Y"
1986347,425589,"ERNST & YOUNG","SALT LAKE CITY","Utah","United States","Y","Y",42,"Y"
1986347,425590,"ERNST & YOUNG","SALT LAKE CITY","Utah","United States","Y","Y",42,"Y"
1986347,425591,"ERNST & YOUNG","SALT LAKE CITY","Utah","United States","Y","Y",42,"Y"
1991905,369397,"SENSIBA LLP","SAN JOSE","California","United States","Y","Y",854,"Y"
1991905,310461,"SENSIBA LLP","SAN JOSE","California","United States","Y","Y",854,"Y"
1991905,311984,"SENSIBA  LLP","SAN JOSE","California","United States","Y","Y",854,"Y"
1991905,476862,"SENSIBA LLP","SAN JOSE","California","United States","Y","Y",854,"Y"
1991905,369399,"SENSIBA LLP","SAN JOSE","California","United States","Y","Y",854,"Y"
1990128,195016,"S.R. BATLIBOI & CO. LLP (AFFILIATED TO ERNST & YOUNG)","MUMBAI","","India","Y","N",,""
1990128,195018,"ERNST & YOUNG, MAURITIUS","EBENE","","Mauritius","Y","N",,""
1988311,245171,"ELLIOTT DAVIS LLC","CHATTANOOGA","Tennessee","United States","Y","Y",149,"Y"
1988311,438383,"ELLIOTT DAVIS LLC","CHATTANOOGA","Tennessee","United States","Y","Y",149,"Y"
1988311,245156,"ELLIOTT DAVIS LLC","CHATTANOOGA","Tennessee","United States","Y","Y",149,"Y"
1977796,315275,"KPMG","GRAND CAYMAN","","Cayman Islands","Y","Y",1323,"Y"
1989153,309635,"KPMG","SAN FRANCISCO","California","United States","Y","Y",185,"Y"
1989153,309636,"KPMG","SAN FRACISCO","California","United States","Y","Y",185,"Y"
1989153,449815,"KPMG","SAN FRANCISCO","California","United States","Y","Y",185,"Y"
1993072,294403,"EMERALD CAPITAL CPA & CO.","HONG KONG","","China","Y","N",,""
1993072,169926,"PRICEWATERHOUSECOOPERS","HONG KONG","","China","Y","Y",1389,"Y"
1993072,196924,"PRICEWATERHOUSECOOPERS","HONG KONG","","China","Y","Y",1389,"Y"
1993072,379138,"PRICEWATERHOUSECOOPERS","HONG KONG","","China","Y","Y",1389,"Y"
1993072,477052,"EMERALD CAPITAL CPA & CO.","HONG KONG","","China","Y","N",,""
1987455,280041,"PRICEWATERHOUSECOOPERS","GEORGE TOWN","","Cayman Islands","Y","Y",1266,"Y"
1987572,310628,"DELOITTE & TOUCHE LLP","GRAND CAYMAN","","Cayman Islands","Y","Y",34,"Y"
1987572,229434,"PRICEWATERHOUSECOOPERS LLP","LOS ANGELES","California","United States","Y","Y",238,"Y"
1992137,166274,"RSM UK AUDIT LLP","LEEDS","","United Kingdom","Y","N",,""
1992137,38056,"RSM UK AUDIT LLP","LEEDS","","United Kingdom","Y","N",,""
1992137,227892,"FORD CAMPBELL FREEDMAN","LEEDS","","United Kingdom","Y","N",,""
1992137,269596,"RSM UK AUDIT LLP","LEEDS","","United Kingdom","Y","N",,""
1992137,310537,"FORD CAMPBELL FREEDMAN","LEEDS","","United Kingdom","Y","N",,""
1992272,417529,"COHNREZNICK LLP","NEW YORK","New York","United States","Y","Y",596,"Y"
1992272,211425,"COHNREZNICK LLP","NEW YORK","New York","United States","Y","Y",596,"Y"
1992272,245220,"COHNREZNICK LLP","NEW YORK","New York","United States","Y","Y",596,"Y"
1992272,211588,"COHNREZNICK LLP","NEW YORK","New York","United States","Y","Y",596,"Y"
1986952,120734,"PRICEWATERHOUSE COOPERS","GRAND CAYMAN","","Cayman Islands","Y","Y",1266,"Y"
1986952,212239,"ERNST & YOUNG LTD.","GRAND CAYMAN","","Cayman Islands","Y","Y",1655,"Y"
1984835,485490,"MARCUM LP","NEW YORK","New York","United States","Y","Y",688,"Y"
1986067,428348,"BERKOWER","ISELIN","New Jersey","United States","Y","Y",217,"Y"
1987308,239691,"PRICEWATERHOUSECOOPERS, SOCIÉTÉ COOPÉRATIVE","LUXEMBOURG","","Luxembourg","Y","Y",1328,"Y"
1963950,477720,"ERNST & YOUNG LTD.","CAMANA BAY","","Cayman Islands","Y","N",,""
1976062,231114,"KPMG AUDIT LLC","DOUGLAS","","Isle of Man","Y","N",,""
1974345,229385,"PRICEWATERHOUSE COOPERS DUBLIN","DUBLIN","","Ireland","Y","Y",1366,"Y"
1988548,231824,"ERNST & YOUNG LTD.","GEORGE TOWN","","Cayman Islands","Y","Y",1655,"Y"
1986888,243077,"MOSS ADAMS LLP","DALLAS","Texas","United States","Y","Y",659,"Y"
1986888,178955,"GRANT THORNTON","DALLAS","Texas","United States","Y","Y",42,"Y"
1986888,178998,"GRANT THORNTON","DALLAS","Texas","United States","Y","Y",42,"Y"
1986888,178956,"GRANT THORNTON","DALLAS","Texas","United States","Y","Y",42,"Y"
1986888,198138,"GRANT THORNTON","DALLAS","Texas","United States","Y","Y",42,"Y"
1988256,361529,"ERNST & YOUNG LLP","CAYMAN ISLANDS","","Cayman Islands","Y","Y",1655,"Y"
1988256,238063,"ERNST & YOUNG LLP","CAYMAN ISLANDS","","Cayman Islands","Y","Y",1655,"Y"
1985438,277344,"PRICEWATERHOUSECOOPERS LLP","LONDON","","United Kingdom","Y","Y",876,"Y"
1985438,277340,"PRICEWATERHOUSECOOPERS LLP","LONDON","","United Kingdom","Y","Y",876,"Y"
1989860,364211,"PKF LITTLEJOHN LLP","LONDON","","United Kingdom","Y","Y",2814,"Y"
1989860,269996,"PKF LITTLEJOHN LLP","LONDON","","United Kingdom","Y","Y",2814,"Y"
1989979,310952,"HAYNIE AND COMPANY","SALT LAKE CITY","Utah","United States","Y","Y",457,"Y"
1989979,266945,"J DAY CONSULTING","HURST","Texas","United States","N","N",,""
1976288,484610,"ELLIOT DAVIS LLC","CHATTANOOGA","Tennessee","United States","Y","Y",149,"Y"
1987688,310899,"DELOITTE & TOUCHE LLP","DALLAS","Texas","United States","Y","Y",34,"Y"
1981434,269263,"KPMG LLP","FORT WORTH","Texas","United States","Y","Y",185,"Y"
1981434,269267,"KPMG LLP","FORT WORTH","Texas","United States","Y","Y",185,"Y"
1979977,364137,"KPMG","GRAND CAYMAN","","Cayman Islands","N","N",,""
1980997,250009,"DELOITTE MAURITIUS","EBENE","","Mauritius","Y","N",,""
1987888,231087,"GRASSI & CO.","NEW YORK","New York","United States","Y","Y",606,"Y"
1987888,437605,"GRASSI & CO","NEW YORK","New York","United States","Y","Y",606,"Y"
1988346,249078,"RSM US LLP","BLUE BELL","Pennsylvania","United States","Y","Y",49,"Y"
1988346,249077,"RSM US LLP","BLUE BELL","Pennsylvania","United States","Y","Y",49,"Y"
1988346,476810,"RSM US LLP","BLUE BELL","Pennsylvania","United States","Y","Y",49,"Y"
1982867,485273,"ERNST & YOUNG","SALT LAKE CITY","Utah","United States","Y","Y",42,"Y"
1982867,485274,"ERNST & YOUNG","SALT LAKE CITY","Utah","United States","Y","Y",42,"Y"
1982867,485275,"ERNST & YOUNG","SALT LAKE CITY","Utah","United States","Y","Y",42,"Y"
1982867,485276,"ERNST & YOUNG","SALT LAKE CITY","Utah","United States","Y","Y",42,"Y"
1989607,422929,"PRICEWATERHOUSECOOPERS","GRAND CAYMAN","","Cayman Islands","Y","Y",1266,"Y"
1959385,364701,"KPMG LLP, SINGAPORE","SINGAPORE","","Singapore","Y","Y",1247,"Y"
1959386,32408,"ERNST AND YOUNG, MAURITIUS","EBENE","","Mauritius","Y","N",,""
1959385,310092,"ERNST & YOUNG, SINGAPORE","SINGAPORE","","Singapore","Y","Y",1247,"Y"
1959385,157776,"ERNST & YOUNG, SINGAPORE","SINGAPORE","","Singapore","Y","Y",1247,"Y"
1985773,420988,"RSM US LLP","SAN FRANCISCO","California","United States","Y","N",,""
1989599,422079,"ERNST & YOUNG S.A.","LUXEMBOURG","","Luxembourg","Y","Y",1655,"Y"
1989599,365469,"EY LIMITED","GRAN CAYMAN","","Cayman Islands","Y","Y",1655,"Y"
1989599,310870,"ERNST & YOUNG S.A.","LUXEMBOURG","","Luxembourg","Y","Y",1655,"Y"
1989599,254163,"ERNST & YOUNG S.A.","LUXEMBOURG","","Luxembourg","Y","Y",1655,"Y"
1991879,3011,"RSM US LLP","BOSTON","Massachusetts","United States","Y","Y",49,"Y"
1991879,2807,"RSM US LLP","BOSTON","Massachusetts","United States","Y","Y",49,"Y"
1992052,191505,"FRANK, RIMERMAN + CO. LLP","SAN JOSE","California","United States","Y","Y",1596,"Y"
1992052,232474,"FRANK, RIMERMAN + CO. LLP","SAN JOSE","California","United States","Y","Y",1596,"Y"
1990121,319909,"ERNST AND YOUNG","SINGAPORE","","Singapore","Y","Y",1247,"Y"
1990121,319904,"ERNST AND YOUNG","SINGAPORE","","Singapore","Y","Y",1247,"Y"
1990121,257255,"ERNST AND YOUNG","SINGAPORE","","Singapore","Y","Y",1247,"Y"
1982677,485196,"PRICE WATERHOUSE COOPERS","PARIS","","France","Y","N",,""
1982677,485197,"PRICE WATERHOUSE COOPERS","LUXEMBOURG","","Luxembourg","Y","N",,""
1987078,216293,"EISNERAMPER LLP","NEW YORK","New York","United States","Y","Y",274,"Y"
1987078,216291,"EISNERAMPER LLP","NEW YORK","New York","United States","Y","Y",274,"Y"
1987078,172587,"EISNERAMPER LLP","NEW YORK","New York","United States","Y","Y",274,"Y"
1987078,358775,"EISNERAMPER LLP","NEW YORK","New York","United States","Y","Y",274,"Y"
1987078,418927,"EISNERAMPER LLP","NEW YORK","New York","United States","Y","Y",274,"Y"
1994410,237419,"PWC LUXEMBOURG","LUXEMBOURG","","Luxembourg","Y","Y",1328,"Y"
1994410,397306,"PWC LUXEMBOURG","LUXEMBOURG","","Luxembourg","Y","Y",1328,"Y"
1994410,285697,"EY LUXEMBOURG","LUXEMBOURG","","Luxembourg","Y","Y",1367,"Y"
1994410,436478,"DELOITTE AUDIT","LUXEMBOURG","","Luxembourg","Y","Y",1287,"Y"
1994410,284615,"PWC LUXEMBOURG","LUXEMBOURG","","Luxembourg","Y","Y",1328,"Y"
1994410,362544,"PWC LUXEMBOURG","LUXEMBOURG","","Luxembourg","Y","Y",1328,"Y"
1994410,396641,"PWC","LUXEMBOURG","","Luxembourg","Y","Y",1328,"N"
1993246,368635,"ERNST & YOUNG LTD.","NASSAU","","Bahamas, The","Y","Y",42,"Y"
1992779,487232,"PRICEWATERHOUSECOOPERS","GRAND CAYMAN","","Cayman Islands","Y","Y",1266,"Y"
1992779,487230,"PRICEWATERHOUSECOOPERS","GRAND CAYMAN","","Cayman Islands","Y","Y",1266,"Y"
1992743,311845,"MOSS ADAMS LLP","SAN FRANCISCO","California","United States","Y","Y",659,"Y"
1985420,311934,"RANKIN BERKOWER (CAYMAN) LTD","GRAND CAYMAN","","Cayman Islands","Y","Y",217,"Y"
1980241,255168,"BDO USA LLP","DENVER","Colorado","United States","Y","Y",243,"Y"
1986838,67421,"SENSIBA SAN FILIPPO LLP","PLEASANTON","California","United States","Y","Y",854,"Y"
1986838,214010,"SENSIBA SAN FILIPPO LLP","PLEASANTON","California","United States","Y","Y",854,"Y"
1986838,485630,"SENSIBA SAN FILIPPO LLP","PLEASANTON","California","United States","Y","Y",854,"Y"
1978876,35401,"ERNST & YOUNG LLP","CALGARY","","Canada","Y","Y",1263,"Y"
1969540,477110,"ERNST & YOUNG LTD.","HONG KONG","","Hong Kong","Y","Y",1409,"Y"
1969540,477109,"ERNST & YOUNG LTD.","HONG KONG","","Hong Kong","Y","Y",1409,"Y"
1969540,73499,"PRICEWATERHOUSE COOPERS","HONG KONG","","Hong Kong","Y","Y",1389,"Y"
1969540,73493,"PRICEWATERHOUSE COOPERS","HONG KONG","","Hong Kong","Y","Y",1389,"Y"
1969540,73482,"PRICEWATERHOUSE COOPERS","HONG KONG","","Hong Kong","Y","Y",1389,"Y"
1969540,359448,"ERNST & YOUNG LTD.","HONG KONG","","Hong Kong","Y","Y",1409,"Y"
1992997,69012,"SPICER JEFFRIES","GREENWOOD VILLAGE","Colorado","United States","Y","Y",349,"Y"
1992997,69074,"SPICER JEFFRIES","GREENWOOD VILLAGE","Colorado","United States","Y","Y",349,"Y"
1993007,178934,"BSR & CO LLP","MUMBAI","","India","Y","N",,""
1993007,246325,"BSR & CO LLP","MUMBAI","","India","Y","N",,""
1994497,428234,"PRICEWATERHOUSECOOPERS, SOCIÉTÉ COOPÉRATIVE","LUXEMBOURG","","Luxembourg","Y","Y",1328,"Y"
1994248,373394,"KPMG LLP","GEORGE TOWN","","Cayman Islands","Y","Y",1323,"Y"
1979333,484941,"RSM US LLP","CHICAGO","Illinois","United States","Y","Y",49,"Y"
1979333,294047,"RSM US LLP","CHICAGO","Illinois","United States","Y","Y",49,"Y"
1979333,294085,"RSM US LLP","CHICAGO","Illinois","United States","Y","Y",49,"Y"
1979333,46049,"RSM US LLP","CHICAGO","Illinois","United States","Y","Y",49,"Y"
1979333,169560,"RSM US LLP","CHICAGO","Illinois","United States","Y","Y",49,"Y"
1964643,425994,"KPMG LLP","GEORGE TOWN","","Cayman Islands","Y","Y",1323,"Y"
1964643,425998,"KPMG LLP","GEORGE TOWN","","Cayman Islands","Y","Y",1323,"Y"
1964643,425995,"KPMG LLP","GEORGE TOWN","","Cayman Islands","Y","Y",1323,"Y"
1987703,368515,"CBIZ, CPA'S","MELVILLE","New York","United States","Y","Y",199,"Y"
1987703,368514,"CBIZ, CPA'S","MELVILLE","New York","United States","Y","Y",199,"Y"
1987703,367294,"CBIZ, CPA'S","MELVILLE","New York","United States","Y","Y",199,"Y"
1987703,372308,"CBIZ, CPA'S","MELVILLE","New York","United States","Y","Y",199,"Y"
1990309,285625,"DELOITTE & TOUCHE","GRAND CAYMAN","","Cayman Islands","Y","Y",1096,"Y"
1990466,194855,"RSM US LLP","DENVER","Colorado","United States","Y","Y",49,"Y"
1990466,467961,"RSM US LLP","DENVER","Colorado","United States","Y","Y",49,"Y"
1975928,484591,"EY","DALLAS","Texas","United States","Y","Y",42,"Y"
1985724,363457,"RSM US, LLP","CHICAGO","Illinois","United States","Y","Y",49,"Y"
1990139,216815,"KPMG","EBENE","","Mauritius","Y","N",,""
1990139,77731,"KPMG","EBENE","","Mauritius","Y","N",,""
1990139,476085,"KPMG","EBENE","","Mauritius","Y","N",,""
1990139,57744,"KPMG","EBENE","","Mauritius","Y","N",,""
1990139,286310,"KPMG","EBENE","","Mauritius","Y","N",,""
1990139,164164,"KPMG","EBENE","","Mauritius","Y","N",,""
1988539,269649,"E&Y","ST. PETER PORT","","Guernsey","Y","Y",1438,"Y"
1988539,210375,"E&Y","ST. PETER PORT","","Guernsey","Y","Y",1438,"Y"
1988539,421259,"E&Y","ST. PETER PORT","","Guernsey","Y","Y",1438,"Y"
1991821,227990,"ERNST & YOUNG CHARTERED ACCOUNTANTS","DUBLIN","","Ireland","Y","Y",1411,"Y"
1992190,397306,"PWC LUXEMBOURG","LUXEMBOURG","","Luxembourg","Y","Y",1328,"Y"
1992190,285697,"EY LUXEMBOURG","LUXEMBOURG","","Luxembourg","Y","Y",1367,"Y"
1992190,436478,"DELOITTE AUDIT","LUXEMBOURG","","Luxembourg","Y","Y",1287,"Y"
1992190,237419,"PWC LUXEMBOURG","LUXEMBOURG","","Luxembourg","Y","Y",1328,"Y"
1992190,284615,"PWC LUXEMBOURG","LUXEMBOURG","","Luxembourg","Y","Y",1328,"Y"
1992190,362544,"PWC LUXEMBOURG","LUXEMBOURG","","Luxembourg","Y","Y",1328,"Y"
1992190,396641,"PWC","LUXEMBOURG","","Luxembourg","Y","Y",1328,"N"
1986546,312871,"ERNST & YOUNG (IRELAND)","DUBLIN","","Ireland","Y","N",,""
1986546,312870,"ERNST & YOUNG (IRELAND)","DUBLIN","","Ireland","Y","N",,""
1986595,364211,"PKF LITTLEJOHN LLP","LONDON","","United Kingdom","Y","Y",2814,"Y"
1986595,269996,"PKF LITTLEJOHN LLP","LONDON","","United Kingdom","Y","Y",2814,"Y"
1980399,484868,"ERNST & YOUNG LTD","GRAND CAYMAN","","Cayman Islands","Y","Y",1655,"Y"
1991777,135736,"BDO LLP","LONDON","","United Kingdom","Y","Y",1295,"Y"
1991777,248545,"BDO LLP","LONDON","","United Kingdom","Y","Y",1295,"Y"
1991777,135737,"BDO LLP","LONDON","","United Kingdom","Y","Y",1295,"Y"
1988075,183531,"SENSIBA SAN FILIPPO LLP","SAN JOSE","California","United States","Y","Y",854,"Y"
1988075,183597,"SENSIBA SAN FILIPPO LLP","SAN JOSE","California","United States","Y","Y",854,"Y"
1988075,188244,"SENSIBA SAN FILIPPO LLP","SAN JOSE","California","United States","Y","Y",854,"Y"
1988075,262767,"SENSIBA SAN FILIPPO LLP","SAN JOSE","California","United States","Y","Y",854,"Y"
1988075,183528,"SENSIBA SAN FILIPPO LLP","SAN JOSE","California","United States","Y","Y",854,"Y"
1988075,183829,"SENSIBA SAN FILIPPO LLP","SAN JOSE","California","United States","Y","Y",854,"Y"
1988075,183509,"SENSIBA SAN FILIPPO LLP","SAN JOSE","California","United States","Y","Y",854,"Y"
1988075,188248,"SENSIBA SAN FILIPPO LLP","SAN JOSE","California","United States","Y","Y",854,"Y"
1978599,418908,"EISNERAMPER LLP","PHILADELPHIA","Pennsylvania","United States","Y","Y",274,"Y"
1988158,426036,"KPMG CAYMAN ISLANDS","GRAND CAYMAN","","Cayman Islands","Y","Y",1323,"Y"
1988167,316339,"SPICER JEFFRIES LLP","GREENWOOD VILLAGE","Colorado","United States","Y","Y",349,"Y"
1988168,232001,"SPICER JEFFRIES LLP","GREENWOOD VILLAGE","Colorado","United States","Y","Y",349,"Y"
1994378,247198,"ERNST & YOUNG LLP","MINNEAPOLIS","Minnesota","United States","Y","Y",42,"Y"
