"FilingID","Fund Name","Fund ID","Adviser Name","Adviser SEC Number","Clients Solicited?"
1997423,"EXCHANGE PLACE LP",805-3891503385,"GOLDMAN SACHS ASSET MANAGEMENT, L.P.","801-37591","Y"
1997423,"EXCHANGE PLACE: ALL CAP LP",805-4027616710,"GOLDMAN SACHS ASSET MANAGEMENT, L.P.","801-37591","Y"
1997547,"I-94 PARTNERS FUND LP",805-6169791570,"WALLEYE CAPITAL LLC","801-113731","N"
1997547,"BEMAP MASTER FUND LTD",805-1733608039,"BLACKSTONE ALTERNATIVE ASSET MANAGEMENT L.P.","801-52559","N"
1996038,"CMAP TREND TCYP FUND LIMITED",805-1265595974,"WILSHIRE","801-36233","N"
1997378,"CARLYLE-MRE REAL ESTATE SERIES SERIES INTERESTS OF THE SALI MUTLI-SERIES FUND, L.P.",805-9196716988,"SALI FUND SERVICES","801-61702","N"
1997378,"TERRA, L.P.",805-3067484756,"THE CARLYLE GROUP","801-52462","N"
1992004,"CVC CAPITAL PARTNERS VI (B) L.P.",805-5490868125,"CVC ADVISERS JERSEY LIMITED","802-113037","N"
1997989,"COMPASS SAV LLC",805-3009451271,"MIO PARTNERS, INC.","801-41495","N"
1992004,"CVC CAPITAL PARTNERS VI (A) L.P.",805-9827738207,"CVC ADVISERS JERSEY LIMITED","802-113037","N"
1992004,"CVC CAPITAL PARTNERS VI (C) L.P.",805-2728633912,"CVC ADVISERS JERSEY LIMITED","802-113037","N"
1992004,"CVC GROWTH PARTNERS L.P.",805-7232005204,"CVC ADVISERS JERSEY LIMITED","802-113037","N"
1992004,"CVC CAPITAL PARTNERS VI (D) S.L.P.",805-3488114003,"CVC ADVISERS JERSEY LIMITED","802-113037","N"
1992004,"CVC CAPITAL PARTNERS VII (A) L.P.",805-4001314431,"CVC ADVISERS JERSEY LIMITED","802-113037","N"
1992004,"CVC CAPITAL PARTNERS STRATEGIC OPPORTUNITIES B L.P.",805-7174575612,"CVC ADVISERS JERSEY LIMITED","802-113037","N"
1992004,"CVC CAPITAL PARTNERS STRATEGIC OPPORTUNITIES COMPOUNDING CAPITAL L.P.",805-2457967287,"CVC ADVISERS JERSEY LIMITED","802-113037","N"
1992004,"CVC CAPITAL PARTNERS STRATEGIC OPPORTUNITIES D L.P.",805-7039588309,"CVC ADVISERS JERSEY LIMITED","802-113037","N"
1992004,"CVC CAPITAL PARTNERS STRATEGIC OPPORTUNITIES A L.P.",805-3222548029,"CVC ADVISERS JERSEY LIMITED","802-113037","N"
1992004,"CVC CAPITAL PARTNERS STRATEGIC OPPORTUNITIES II L.P.",805-4765926024,"CVC ADVISERS JERSEY LIMITED","802-113037","N"
1992004,"CVC GROWTH PARTNERS II L.P.",805-4772558431,"CVC ADVISERS JERSEY LIMITED","802-113037","N"
1992004,"CVC CAPITAL PARTNERS VIII (A) L.P.",805-3571199055,"CVC ADVISERS JERSEY LIMITED","802-113037","N"
1992004,"CVC CAPITAL PARTNERS IX (A) L.P.",805-3995413255,"CVC ADVISERS JERSEY LIMITED","802-113037","N"
1992004,"CVC CAPITAL PARTNERS IX (B) SCSP",805-2092650456,"CVC ADVISERS JERSEY LIMITED","802-113037","N"
1992004,"CVC CAPITAL PARTNERS STRATEGIC OPPORTUNITIES III (A) L.P.",805-3627175368,"CVC ADVISERS JERSEY LIMITED","802-113037","N"
1992004,"CVC CAPITAL PARTNERS STRATEGIC OPPORTUNITIES III (B) SCSP",805-9043870356,"CVC ADVISERS JERSEY LIMITED","802-113037","N"
1999825,"EMERGING MARKETS EQUITY FUND, A SERIES OF ABRDN INSTITUTIONAL COMMINGLED FUNDS, LLC",805-5981061768,"ABRDN INC.","801-49966","N"
1995743,"801 WEST INSURANCE FUND SERIES INTERESTS OF THE SALI MULTI-SERIES FUND, L.P.",805-7190044191,"SALI FUND SERVICES","801-61702","N"
1999289,"TAG MASTER RELATIVE VALUE FUND LLC",805-8562456358,"TAG ASSOCIATES LLC","801-60908","N"
1981106,"HINES RIALTO CREDIT PARTNERS, LP",805-6052125476,"RIALTO CAPITAL MANAGEMENT, LLC","801-74178","Y"
1999825,"EMERGING MARKETS EX-CHINA EQUITY FUND, A SERIES OF THE ABRDN INSTITUTIONAL COMMINGLED FUNDS, LLC",805-8488418835,"ABRDN INC.","801-49966","N"
1999825,"EMERGING MARKETS BOND FUND, A SERIES OF ABRDN INSTITUTIONAL COMMINGLED FUNDS, LLC",805-1194366500,"ABRDN INC.","801-49966","N"
1999825,"EMERGING MARKETS DEBT LOCAL AND HARD CURRENCY FUND, A SERIES OF ABRDN INSTITUTIONAL COMMINGLED FUNDS, LLC",805-6419123773,"ABRDN INC.","801-49966","N"
1999825,"EMERGING MARKETS SMALLER COMPANIES FUND, A SERIES OF ABRDN INSTITUTIONAL COMMINGLED FUNDS, LLC",805-1105580182,"ABRDN INC.","801-49966","N"
1999868,"TAG MASTER RELATIVE VALUE FUND LLC",805-8562456358,"TAG ASSOCIATES LLC","801-60908","N"
1999955,"CENTERBRIDGE SEAPORT ACQUISITION FUND, L.P.",805-1990934849,"CENTERBRIDGE PARTNERS, L.P.","801-73876","N"
1999937,"CENTERBRIDGE SEAPORT ACQUISITION FUND, L.P.",805-1990934849,"CENTERBRIDGE PARTNERS, L.P.","801-73876","N"
1998759,"TAULA MASTER FUND",805-6405185426,"TAULA CAPITAL MANAGEMENT (JERSEY) LIMITED","801-129646","N"
1999887,"CARDINAL ADVISOR SERIES - MULTI-MANAGER INTERNATIONAL EQUITY LP",805-7938242776,"ICAPITAL ADVISORS, LLC","801-106690","Y"
2000017,"ABS DIRECT EQUITY FUND LLC - EUROPE SERIES 1",805-9587563757,"ABS GLOBAL INVESTMENTS","801-62188","N"
1998837,"BLACKSTONE PRIVATE STRATEGIES IDF SERIES INTERESTS OF THE SALI MULTI-SERIES FUND, L.P.",805-6358961693,"SALI FUND SERVICES","801-61702","N"
1998837,"BLACKSTONE DIVERSIFIED ALTERNATIVES IDF SERIES INTERESTS OF THE SALI MULTI-SERIES FUND, L.P.",805-1141058477,"SALI FUND SERVICES","801-61702","N"
1981322,"THE SCHIEHALLION FUND LIMITED",805-6439194666,"BAILLIE GIFFORD & CO LIMITED","802-116796","Y"
2000441,"CORUNDUM MANAGED EQUITY FUND AI LLC",805-6927558559,"CORUNDUM GROUP, INC.","801-42281","N"
2000441,"CORUNDUM MANAGED EQUITY FUND QP LLC",805-6780062866,"CORUNDUM GROUP, INC.","801-42281","N"
2000441,"CORUNDUM INCOME FUND QP LLC",805-8196921760,"CORUNDUM GROUP, INC.","801-42281","N"
1998328,"FORESIGHT ENERGY INFRASTRUCTURE PARTNERS GP S.A.R.L",805-9589482678,"FORESIGHT GROUP LUXEMBOURG S.A.","802-132701","N"
1981322,"BAILLIE GIFFORD PRIVATE COMPANIES FUND II L.P.",805-4486878877,"BAILLIE GIFFORD INTERNATIONAL LLC","801-118239","N"
1981322,"BAILLIE GIFFORD CO-INVEST (NO.1) FUND LP",805-4477561583,"BAILLIE GIFFORD INTERNATIONAL LLC","801-118239","N"
2000151,"GREENVALE CAPITAL (CAYMAN) MASTER FUND LIMITED",805-5523974483,"GREENVALE CAPITAL LP","801-122286","N"
1995148,"BC EUROPEAN CAPITAL - ARGOS CO-INVESTMENT - 1 LP",805-5583515659,"BC PARTNERS LLP","802-114565","N"
1996626,"COMMONFUND OCIO GLOBAL EQUITY, LLC",805-5403411443,"COMMONFUND OCIO, INC.","801-56548","N"
1996626,"CF DIVERSE EQUITY OPPORTUNITIES, LLC",805-4607042774,"COMMONFUND OCIO, INC.","801-56548","N"
1999055,"DEUTSCHE REAL ASSETS FUND: CAYMAN REAL ASSETS FUND, LTD",805-3785921345,"DWS INVESTMENT MANAGEMENT AMERICAS, INC.","801-252","N"
1999055,"DB REAL ESTATE GLOBAL OPPORTUNITIES IB, LP",805-2005396818,"DWS INVESTMENT MANAGEMENT AMERICAS, INC.","801-252","N"
1995148,"BC EUROPEAN CAPITAL IX  - 1 L.P",805-8779711952,"BC PARTNERS LLP","802-114565","N"
1995148,"BC EUROPEAN CAPITAL X - 1 L.P.",805-4809242208,"BC PARTNERS LLP","802-114565","N"
1995148,"BC PARTNERS XI GD - 1 L.P.",805-6596930012,"BC PARTNERS LLP","802-114565","N"
1995148,"BC PARTNERS XI GD - 2 L.P.",805-3868023271,"BC PARTNERS LLP","802-114565","N"
1995148,"BC EUROPEAN CAPITAL - ARGOS CO-INVESTMENT - 2 LP",805-4772828163,"BC PARTNERS LLP","802-114565","N"
1995148,"BC EUROPEAN CAPITAL - HERCULES CO-INVESTMENT - LP",805-6673913390,"BC PARTNERS LLP","802-114565","N"
1995148,"BC EUROPEAN CAPITAL IX - 10 LP",805-1962818504,"BC PARTNERS LLP","802-114565","N"
1995148,"BC EUROPEAN CAPITAL IX - 11 LP",805-6835741960,"BC PARTNERS LLP","802-114565","N"
1995148,"BC EUROPEAN CAPITAL IX - 2 LP",805-1839845915,"BC PARTNERS LLP","802-114565","N"
1995148,"BC EUROPEAN CAPITAL IX - 3 LP",805-9683757801,"BC PARTNERS LLP","802-114565","N"
1995148,"BC EUROPEAN CAPITAL IX - 4 LP",805-1720049045,"BC PARTNERS LLP","802-114565","N"
1995148,"BC EUROPEAN CAPITAL IX - 5 LP",805-9126906525,"BC PARTNERS LLP","802-114565","N"
1995148,"BC EUROPEAN CAPITAL IX - 6 LP",805-7374389009,"BC PARTNERS LLP","802-114565","N"
1995148,"BC EUROPEAN CAPITAL IX - 7 LP",805-9880824811,"BC PARTNERS LLP","802-114565","N"
1995148,"BC EUROPEAN CAPITAL IX - 8 LP",805-9276081251,"BC PARTNERS LLP","802-114565","N"
1995148,"BC EUROPEAN CAPITAL IX - 9 LP",805-7771159691,"BC PARTNERS LLP","802-114565","N"
1995148,"BC EUROPEAN CAPITAL IX LIMITED",805-9639319907,"BC PARTNERS LLP","802-114565","N"
1995148,"BC EUROPEAN CAPITAL X - 10 LP",805-8771542288,"BC PARTNERS LLP","802-114565","N"
1995148,"BC EUROPEAN CAPITAL X - 2 LP",805-8451486975,"BC PARTNERS LLP","802-114565","N"
1995148,"BC EUROPEAN CAPITAL X - 3 LP",805-7595302123,"BC PARTNERS LLP","802-114565","N"
1995148,"BC EUROPEAN CAPITAL X - 4 LP",805-3161751005,"BC PARTNERS LLP","802-114565","N"
1995148,"BC EUROPEAN CAPITAL X - 5 LP",805-7060474492,"BC PARTNERS LLP","802-114565","N"
1995148,"BC EUROPEAN CAPITAL X - 5A LP",805-6648240160,"BC PARTNERS LLP","802-114565","N"
1995148,"BC EUROPEAN CAPITAL X - 6 LP",805-1034296190,"BC PARTNERS LLP","802-114565","N"
1995148,"BC EUROPEAN CAPITAL X - 7 LP",805-7969074019,"BC PARTNERS LLP","802-114565","N"
1995148,"BC EUROPEAN CAPITAL X - 8 LP",805-6442089750,"BC PARTNERS LLP","802-114565","N"
1995148,"BC EUROPEAN CAPITAL X - 9 LP",805-1350442858,"BC PARTNERS LLP","802-114565","N"
1995148,"BC EUROPEAN CAPITAL X - BETTY CO-INVESTMENT (1) LP",805-8236138533,"BC PARTNERS LLP","802-114565","N"
1995148,"BC EUROPEAN CAPITAL X - BETTY CO-INVESTMENT (2) LP",805-6613701979,"BC PARTNERS LLP","802-114565","N"
1995148,"BC EUROPEAN CAPITAL X - GW CO-INVESTMENT (1) LP",805-2213013116,"BC PARTNERS LLP","802-114565","N"
1995148,"BC EUROPEAN CAPITAL X - HULK CO-INVESTMENT (1) LP",805-9978268392,"BC PARTNERS LLP","802-114565","N"
1995148,"BC EUROPEAN CAPITAL X - HULK CO-INVESTMENT (2) LP",805-9281590384,"BC PARTNERS LLP","802-114565","N"
1995148,"BC EUROPEAN CAPITAL X - NAVIGATOR CO-INVESTMENT (1) LP",805-7605662602,"BC PARTNERS LLP","802-114565","N"
1995148,"BC EUROPEAN CAPITAL X - NAVIGATOR CO-INVESTMENT (2) LP",805-5321616987,"BC PARTNERS LLP","802-114565","N"
1995148,"BC EUROPEAN CAPITAL X - PORT CO-INVESTMENT (1) LP",805-2577981815,"BC PARTNERS LLP","802-114565","N"
1995148,"BC EUROPEAN CAPITAL X - PORT CO-INVESTMENT (2) LP",805-6641074959,"BC PARTNERS LLP","802-114565","N"
1995148,"BC EUROPEAN CAPITAL X-SAINT CO-INVESTMENT (1) LP",805-9687972583,"BC PARTNERS LLP","802-114565","N"
1995148,"BC PARTNERS BEST CO-INVESTMENT LP",805-5366104304,"BC PARTNERS LLP","802-114565","N"
1995148,"BC PARTNERS CLAY CO-INVESTMENT (2) LP",805-5835696891,"BC PARTNERS LLP","802-114565","N"
1995148,"BC PARTNERS CLAY CO-INVESTMENT (3) LP",805-5541484090,"BC PARTNERS LLP","802-114565","N"
1995148,"BC PARTNERS CLAY CO-INVESTMENT LP",805-5459669813,"BC PARTNERS LLP","802-114565","N"
1995148,"BC PARTNERS DORY CO-INVESTMENT (2) LP",805-4982712555,"BC PARTNERS LLP","802-114565","N"
1995148,"BC PARTNERS DORY CO-INVESTMENT LP",805-5067109302,"BC PARTNERS LLP","802-114565","N"
1995148,"BC PARTNERS ELECTRON CO-INVESTMENT LP",805-4416920430,"BC PARTNERS LLP","802-114565","N"
1995148,"BC PARTNERS EURO CO-INVESTMENT LP",805-3448086947,"BC PARTNERS LLP","802-114565","N"
1995148,"BC PARTNERS GLENGARRY CO-INVESTMENT LP",805-2246818850,"BC PARTNERS LLP","802-114565","N"
1995148,"BC PARTNERS JJ CO-INVESTMENT LP",805-5547024195,"BC PARTNERS LLP","802-114565","N"
1995148,"BC PARTNERS METRO CO-INVESTMENT (2) LP",805-2947230408,"BC PARTNERS LLP","802-114565","N"
1995148,"BC PARTNERS TURING CO-INVESTMENT LP",805-4543988463,"BC PARTNERS LLP","802-114565","N"
1995148,"BC PARTNERS XI GD - 3 L.P.",805-3243962551,"BC PARTNERS LLP","802-114565","N"
1995148,"BC PARTNERS XI GE - 1 L.P.",805-2804415127,"BC PARTNERS LLP","802-114565","N"
1995148,"BC PARTNERS XI GE - 2 L.P.",805-3115679395,"BC PARTNERS LLP","802-114565","N"
1995148,"BC PARTNERS XI LE - 1 SCSP",805-5656013997,"BC PARTNERS LLP","802-114565","N"
1995148,"BC PARTNERS XI LE - 2 SCSP",805-7851785959,"BC PARTNERS LLP","802-114565","N"
1995148,"BC PARTNERS XI LE - 3 SCSP",805-6363185322,"BC PARTNERS LLP","802-114565","N"
1995148,"BCEC X ASTON CO-INVESTMENT (1) LP",805-8919867141,"BC PARTNERS LLP","802-114565","N"
1995148,"BCEC X LUX SCSP",805-2568664787,"BC PARTNERS LLP","802-114565","N"
1995148,"BCEC X METRO CO-INVESTMENT - LP",805-8998517826,"BC PARTNERS LLP","802-114565","N"
1995148,"BCEC X VOLUNTEER CO-INVESTMENT - LP",805-3688685801,"BC PARTNERS LLP","802-114565","N"
1995148,"BCEC X STAMINA CO-INVESTMENT (1) LP",805-1078798884,"BC PARTNERS LLP","802-114565","N"
1995148,"BC PARTNERS ASKLEPIOS LP",805-5073130571,"BC PARTNERS LLP","802-114565","N"
1995148,"BC PARTNERS SCALIGER COINVESTMENT LP",805-2688140734,"BC PARTNERS LLP","802-114565","N"
1995148,"BC PARTNERS SCALIGER COINVESTMENT SCSP",805-8175782731,"BC PARTNERS LLP","802-114565","N"
1995148,"BC PARTNERS GALILEO (1) LP",805-6360394445,"BC PARTNERS LLP","802-114565","N"
1995148,"BC PARTNERS GALILEO (2) LP",805-4805573413,"BC PARTNERS LLP","802-114565","N"
1995148,"BC PARTNERS GALILEO (3) LP",805-5887684394,"BC PARTNERS LLP","802-114565","N"
1995148,"BC PARTNERS AQUA COINVESTMENT LP",805-4942528529,"BC PARTNERS LLP","802-114565","N"
1995148,"BC PARTNERS AQUA SCSP",805-2921414334,"BC PARTNERS LLP","802-114565","N"
1995148,"BC PARTNERS DEFENDER COINVESTMENT LP",805-2408746272,"BC PARTNERS LLP","802-114565","N"
1995148,"BC PARTNERS DEFENDER (2) COINVESTMENT LP",805-7199886155,"BC PARTNERS LLP","802-114565","N"
1995148,"BC EUROPEAN CAPITAL X - SUMMER COINVESTMENT (1) LP",805-3721946082,"BC PARTNERS LLP","802-114565","N"
1995634,"TJU NQ REAL ASSETS FUND",805-3686761958,"RUSSELL INVESTMENTS","801-56576","N"
1995256,"WILLIS TOWERS WATSON GROUP TRUST - GLOBAL EQUITY FOCUS FUND",805-6837945052,"TOWERS WATSON INVESTMENT SERVICES, INC.","801-46008","N"
1995634,"FIRST SENTIER GLOBAL LISTED INFRASTRUCTURE FUND",805-7223614191,"FIRST SENTIER INVESTORS (US) LLC","801-93167","N"
1995634,"FIRST SENTIER PROPERTY SECURITIES FUND",805-1228692954,"FIRST SENTIER INVESTORS (US) LLC","801-93167","N"
1995634,"STEWART INVESTORS GLOBAL EMERGING MARKETS SUSTAINABILITY LEADERS FUND (DST)",805-3347513734,"FIRST SENTIER INVESTORS (UK) FUNDS LIMITED","801-79806","N"
1995634,"STEWART INVESTORS WORLDWIDE SUSTAINABILITY FUND (DST)",805-6337881770,"FIRST SENTIER INVESTORS (UK) FUNDS LIMITED","801-79806","N"
1995634,"SUSTAINABLE MULTI-ASSET GROWTH FUND",805-4485157311,"RUSSELL INVESTMENTS","801-56576","N"
1995634,"GLOBAL LISTED INFRASTRUCTURE FUND",805-9407781128,"RUSSELL INVESTMENTS","801-56576","N"
1995634,"TJU DB REAL ASSETS FUND",805-7912276886,"RUSSELL INVESTMENTS","801-56576","N"
1995896,"EXCHANGE PLACE LP",805-3891503385,"GOLDMAN SACHS ASSET MANAGEMENT, L.P.","801-37591","Y"
1995896,"EXCHANGE PLACE: ALL CAP LP",805-4027616710,"GOLDMAN SACHS ASSET MANAGEMENT, L.P.","801-37591","Y"
1992097,"MOLECULE MASTER LP",805-9090725513,"PAAMCO PRISMA, LLC","801-57416","N"
1990277,"COMPASS SAV LLC",805-3009451271,"MIO PARTNERS, INC.","801-41495","N"
1996886,"PFL CORPORATE ACCOUNT ONE",805-7595651830,"AEGON ASSET MANAGEMENT US","801-60667","N"
1996921,"FUND A",805-5663558974,"BOOTHBAY FUND MANAGEMENT","801-80018","N"
1996921,"FUND B",805-3035644699,"BOOTHBAY FUND MANAGEMENT","801-80018","N"
1996921,"EAGLE HARBOR MULTI-STRATEGY MASTER FUND LIMITED",805-5201965961,"LIGHTHOUSE INVESTMENT PARTNERS, LLC","801-64978","N"
1995398,"SERENGETI OKAPI FUND LP",805-7598191232,"SERENGETI ASSET MANAGEMENT LP","801-73476","N"
1995398,"SERENGETI OPPORTUNITIES MM LP",805-6671912684,"SERENGETI ASSET MANAGEMENT LP","801-73476","N"
1995398,"ALTERNATIVE CAPITAL INVESTMENTS, LP",805-2951703883,"ALTERNATIVE CAPITAL FUND MANAGEMENT LLC","801-130074","N"
1995398,"SERENGETI MASTER CARACAL FUND II LP",805-6203436470,"SERENGETI ASSET MANAGEMENT LP","801-73476","N"
1995398,"SERENGETI LYCAON MM LP",805-8393122955,"SERENGETI ASSET MANAGEMENT LP","801-73476","N"
1995398,"SERENGETI MULTI-SERIES MASTER LLC - SERIES USF",805-5019822454,"SERENGETI ASSET MANAGEMENT LP","801-73476","N"
1995398,"SERENGETI MULTI-SERIES MASTER LLC-SERIES USF II",805-5166865216,"SERENGETI ASSET MANAGEMENT LP","801-73476","N"
1995398,"SERENGETI MULTI-SERIES MASTER LLC - SERIES S",805-1569026084,"SERENGETI ASSET MANAGEMENT LP","801-73476","N"
1995398,"SERENGETI CARACAL MASTER FUND LP",805-4765324695,"SERENGETI ASSET MANAGEMENT LP","801-73476","N"
1995398,"SERENGETI CARACAL MULTI SERIES MASTER LLC - SERIES EC",805-3808375060,"SERENGETI ASSET MANAGEMENT LP","801-73476","N"
1995398,"SERENGETI CARACAL MULTI SERIES MASTER LLC - SERIES AL",805-6848836629,"SERENGETI ASSET MANAGEMENT LP","801-73476","N"
1995398,"ABACUS PRIVATE CREDIT FUND L.P. - SECOND SERIES",805-7540300601,"AKSIA LLC","801-67661","N"
1996071,"DB REAL ESTATE GLOBAL OPPORTUNITIES IB. L.P.",805-2005396818,"DWS INVESTMENT MANAGEMENT AMERICAS, INC.","801-252","N"
1996071,"PAN-EUROPEAN INFRASTRUCTURE FUND III SCSP",805-9992626654,"DWS INVESTMENT S.A.","802-115197","N"
1996071,"INFRAMEWA CO-INVEST, SCSP",805-4497877732,"DWS INVESTMENT S.A.","802-115197","N"
1996071,"COMPASS EUROPEAN INFRASTRUCTURE SCSP",805-3125330400,"DWS INVESTMENT S.A.","802-115197","N"
1996071,"SUSTAINABLE GROWTH INFRASTRUCTURE FUND SCSP SICAV-RAIF",805-4177389056,"DWS INVESTMENT S.A.","802-115197","N"
1996071,"PAN EUROPEAN INFRASTRUCTURE FUND IV SCSP",805-7495348269,"DWS INVESTMENT S.A.","802-115197","N"
1996071,"MELODY MASTER JERSEY LP",805-1240915329,"MELODY GP LIMITED","802-132440","N"
1995680,"LEXINGTON PARTNERS VI HOLDINGS, L.P.",805-7289871578,"LEXINGTON ADVISORS LLC","801-51739","N"
1989752,"CLEARLAKE CAPITAL INSURANCE DEDICATED FUND, A SERIES OF THE SALI MULTI-SERIES FUND, L.P.",805-2014810507,"SALI FUND SERVICES","801-61702","N"
1995680,"LEXINGTON CAPITAL PARTNERS V, L.P.",805-6001828242,"LEXINGTON ADVISORS LLC","801-51739","N"
1979592,"MAN TARGETRISK GLOBAL EQUITIES",805-2509561831,"MAN SOLUTIONS LIMITED","801-57108","Y"
1998360,"BOOTHBAY ABSOLUTE RETURN STRATEGIES, LP",805-5663558974,"BOOTHBAY FUND MANAGEMENT","801-80018","N"
1998360,"BOOTHBAY DIVERSIFIED ALPHA MASTER FUND LP",805-3035644699,"BOOTHBAY FUND MANAGEMENT","801-80018","N"
1998360,"MOLECULE MASTER, LP",805-9090725513,"PAAMCO PRISMA, LLC","801-57416","N"
1998360,"EAGLE HARBOR MULTI-STRATEGY FUND LIMITED",805-7854630736,"LIGHTHOUSE INVESTMENT PARTNERS, LLC","801-64978","N"
1997695,"HUDSON BAY INSURANCE DEDICATED FUND OF SALI MULTI-SERIES FUND V, L.P.",805-1615422999,"SALI FUND SERVICES","801-61702","N"
1995680,"LEXINGTON MIDDLE MARKET INVESTORS, L.P.",805-6006781375,"LEXINGTON ADVISORS LLC","801-51739","N"
1995680,"CO-INVESTMENT PARTNERS, L.P.",805-9310690805,"LEXINGTON ADVISORS LLC","801-51739","N"
1995680,"CO-INVESTMENT PARTNERS 2005, L.P.",805-9361581580,"LEXINGTON ADVISORS LLC","801-51739","N"
1995680,"CO-INVESTMENT PARTNERS (NY), L.P.",805-1929017268,"LEXINGTON ADVISORS LLC","801-51739","N"
1995680,"CO-INVESTMENT PARTNERS EUROPE, L.P.",805-5556842099,"LEXINGTON ADVISORS LLC","801-51739","N"
1995680,"LEXINGTON PARTNERS-HAMILTON LANE 2000, LLC",805-1474550448,"LEXINGTON ADVISORS LLC","801-51739","N"
1994798,"BLUE OWL DIRECT LENDING INSURANCE DEDICATED FUND SERIES INTERESTS OF THE SALI MULTI-SERIES FUND, L.P.",805-7468124633,"SALI FUND SERVICES","801-61702","N"
1999240,"BALLYROCK CLO 2018-1 LTD",805-3716629542,"BALLYROCK INVESTMENT ADVISORS LLC","801-60583","N"
1999240,"BALLYROCK CLO 2019-1 LTD",805-2853395054,"BALLYROCK INVESTMENT ADVISORS LLC","801-60583","N"
1999240,"BALLYROCK CLO 2019-2 LTD",805-1233337106,"BALLYROCK INVESTMENT ADVISORS LLC","801-60583","N"
1999240,"BALLYROCK CLO 2020-2 LTD.",805-4635050298,"BALLYROCK INVESTMENT ADVISORS LLC","801-60583","N"
1999240,"BALLYROCK CLO 14 LTD.",805-3323393528,"BALLYROCK INVESTMENT ADVISORS LLC","801-60583","N"
1999240,"BALLYROCK CLO 15 LTD.",805-8511473929,"BALLYROCK INVESTMENT ADVISORS LLC","801-60583","N"
1999240,"BALLYROCK CLO 16 LTD.",805-5796288672,"BALLYROCK INVESTMENT ADVISORS LLC","801-60583","N"
1999240,"BALLYROCK CLO 17 LTD.",805-9698481812,"BALLYROCK INVESTMENT ADVISORS LLC","801-60583","N"
1999240,"BALLYROCK CLO 18 LTD.",805-7616883177,"BALLYROCK INVESTMENT ADVISORS LLC","801-60583","N"
1999240,"BALLYROCK CLO 19 LTD.",805-8541802712,"BALLYROCK INVESTMENT ADVISORS LLC","801-60583","N"
1999240,"BALLYROCK CLO 20 LTD.",805-1014955587,"BALLYROCK INVESTMENT ADVISORS LLC","801-60583","N"
1999240,"BALLYROCK CLO 21 LTD.",805-5152179001,"BALLYROCK INVESTMENT ADVISORS LLC","801-60583","N"
1999240,"BALLYROCK CLO 22 LTD.",805-3950975220,"BALLYROCK INVESTMENT ADVISORS LLC","801-60583","N"
1999240,"BALLYROCK CLO 23 LTD.",805-2059276391,"BALLYROCK INVESTMENT ADVISORS LLC","801-60583","N"
1999240,"BALLYROCK CLO 24 LTD.",805-9635629400,"BALLYROCK INVESTMENT ADVISORS LLC","801-60583","N"
1999240,"BALLYROCK CLO 25 LTD.",805-6813561052,"BALLYROCK INVESTMENT ADVISORS LLC","801-60583","N"
1999240,"BALLYROCK CLO 26 LTD.",805-5283476730,"BALLYROCK INVESTMENT ADVISORS LLC","801-60583","N"
1999240,"BALLYROCK CLO 27 LTD.",805-7267233230,"BALLYROCK INVESTMENT ADVISORS LLC","801-60583","N"
1999240,"BALLYROCK CLO 28 LTD.",805-7456764985,"BALLYROCK INVESTMENT ADVISORS LLC","801-60583","N"
1999240,"BALLYROCK CLO 29 LTD.",805-9170146066,"BALLYROCK INVESTMENT ADVISORS LLC","801-60583","N"
1992445,"OBERON USA CREDIT INVESTMENT FUND S.C.A. SICAV-RAIF",805-9857128943,"FIVE ARROWS","802-96178","N"
1998423,"INTERNATIONAL EQUITY TRUST II",805-9497925844,"MORGAN STANLEY INVESTMENT MANAGEMENT INC.","801-15757","N"
2000320,"VIC500 VANGUARD GLOBAL CREDIT BOND",805-8228800020,"VANGUARD INVESTMENTS CANADA INC.","802-107926","N"
2000320,"VIC600 VANGUARD GLOBAL EQUITY",805-7354267689,"VANGUARD INVESTMENTS CANADA INC.","802-107926","N"
1998409,"BOLTHOUSE EQUITY LIMITED PARTNERSHIP",805-2758781897,"BOLTHOUSE INVESTMENT MANAGEMENT SERVICES","801-73757","N"
1998648,"WM ALTERNATIVES WNT TREND FUND LTD",805-8270223960,"WILSHIRE","801-36233","N"
1998648,"WNT SPC - CMAP TREND WNT FUND SP",805-8088460831,"WILSHIRE","801-36233","N"
1998423,"INTERNATIONAL EQUITY TRUST",805-2570052662,"MORGAN STANLEY INVESTMENT MANAGEMENT INC.","801-15757","N"
1998421,"OFFSHORE EMERGING MARKETS FUND",805-9133149976,"MORGAN STANLEY INVESTMENT MANAGEMENT INC.","801-15757","N"
1998421,"EMERGING MARKETS TRUST",805-3044775149,"MORGAN STANLEY INVESTMENT MANAGEMENT INC.","801-15757","N"
1998421,"EMERGING MARKETS LEADERS TRUST",805-4149615117,"MORGAN STANLEY INVESTMENT MANAGEMENT INC.","801-15757","N"
1998779,"BLACKROCK ALTERNATIVE FUNDS S.C.A., SICAV-RAIF",805-6197436763,"BLACKROCK INVESTMENT MANAGEMENT, LLC","801-56972","N"
1998771,"BLACKROCK DIVERSIFIED PRIVATE DEBT FUND FEEDER LP",805-5192275396,"BLACKROCK FINANCIAL MANAGEMENT, INC","801-48433","N"
1998771,"BLACKROCK DIVERSIFIED PRIVATE DEBT FUND MASTER LP",805-6157731219,"BLACKROCK FINANCIAL MANAGEMENT, INC","801-48433","N"
1998779,"BLACKROCK ALTERNATIVE FUNDS S.C.A., SICAV-RAIF - BLACKROCK PRIVATE INFRASTRUCTURE OPPORTUNITIES ELTIF",805-8320307560,"BLACKROCK FINANCIAL MANAGEMENT, INC","801-48433","N"
1998809,"TCP DIRECT LENDING FUND VIII-L (IRELAND)",805-8848373214,"TENNENBAUM CAPITAL PARTNERS, LLC","801-60384","N"
1998815,"GOLDPOINT CORE OPPORTUNITIES LP FUND OF SALI MULTI-SERIES FUND LP",805-9056642895,"SALI FUND SERVICES","801-61702","N"
1998815,"TAXABLE FIXED INCOME MANAGERS: PORTFOLIO 1 OFFSHORE L.P.",805-8897813261,"GOLDMAN SACHS ASSET MANAGEMENT, L.P.","801-37591","N"
1998815,"BLACKROCK ENERGY OPPORTUNITY MASTER FUND, L.P.",805-7212440311,"BLACKROCK CAPITAL MANAGEMENT, INC.","801-57038","N"
1998815,"NORTH HAVEN ALTERNATIVES INSURANCE FUND A SERIES INTERESTS OF THE SALI MULTI-SERIES FUND, L.P.",805-9416645313,"SALI FUND SERVICES","801-61702","N"
1998815,"MLP-SD",805-6663806228,"MILLENNIUM MANAGEMENT LLC","801-73884","N"
1998815,"ASCENSION ALPHA FUND, LLC",805-2714848130,"ASCENSION INVESTMENT MANAGEMENT","801-73295","N"
1998815,"CARLYLE METROPOLITAN REAL ESTATE SSI OF THE SALI MS FUND, L.P.",805-9777969361,"SALI FUND SERVICES","801-61702","N"
1998815,"ELLIOTT INTERNATIONAL L.P.",805-2276824265,"ELLIOTT COVE CAPITAL MANAGEMENT","801-63436","N"
1998815,"CARLYLE PRIVATE EQUITY SER SR INT SALI MULTI-S LP",805-4055604880,"SALI FUND SERVICES","801-61702","N"
1998815,"TETRA OPPORTUNITIES PARTNERS L.P. SERIES - SALI MULTI-SERIES FUND",805-7766641566,"SALI FUND SERVICES","801-61702","N"
1998815,"CARLYLE REAL ASSETS SER IDF SERIES INTERESTS OF THE SALI MULTI-SERIES FND",805-1130702733,"SALI FUND SERVICES","801-61702","N"
1998815,"CRESTVIEW JUPITER LLC",805-4261340918,"CRESTVIEW PARTNERS","801-73897","N"
1998815,"CARLYLE PRIVATE EQ SER II IDF SERIES INTERESTS OF THE SALI MULTI-SERIES FND",805-7338555726,"SALI FUND SERVICES","801-61702","N"
1998815,"GLOBAL CREDIT OPPORTUNITIES (CANADA) LP - AGGREGATE",805-3541135987,"BLACKROCK ASSET MANAGEMENT CANADA LIMITED","802-76230","N"
1998815,"MASTER ASSET VEHICLE III",805-8729128659,"BLACKROCK ASSET MANAGEMENT CANADA LIMITED","802-76230","N"
1998815,"TAXABLE FIXED INCOME MANAGERS: PORTFOLIO 1 [SERIES]",805-9060653631,"GOLDMAN SACHS ASSET MANAGEMENT, L.P.","801-37591","N"
1998815,"SAB1",805-9345986752,"LINCOLN FINANCIAL INVESTMENTS CORPORATION","801-23411","N"
1998815,"YUKON PARTNERS IDF SERIES INTERESTS OF THE SALI MUTI-SERIES FUND, L.P",805-1038541620,"SALI FUND SERVICES","801-61702","N"
1998815,"PEM GROWTH INSURANCE DEDICATED FUND SERIES INTERESTS OF THE SALI MULTI-SERIES FUND, L.P.",805-5624410177,"SALI FUND SERVICES","801-61702","N"
1998815,"TETRA OPPORTUNITIES PARTNERS L.P. SERIES INTERESTS OF THE SALI SVW MULTI-SERIES FUND, L.P.",805-2934600168,"SALI FUND SERVICES","801-61702","N"
1998815,"ONE ROCK CAPITAL PARTNERS INSURANCE ACCESS FUND SERIES INTERESTS OF THE SALI MULTI-SERIES FUND, L.P.",805-7079225370,"SALI FUND SERVICES","801-61702","N"
1998815,"DYNAMIC EQUITY (GLOBAL EQUITY) MANAGERS: PORTFOLIO 5 [SERIES]",805-6809364692,"GOLDMAN SACHS ASSET MANAGEMENT, L.P.","801-37591","N"
1998815,"GOLDPOINT CORE OPPORTUNITIES LP FUND SERIES INTERESTS OF SALI MULTI-SERIES FUND, LP",805-9292652169,"SALI FUND SERVICES","801-61702","N"
1998815,"BGO STRATEGIC CAPITAL PARTNERS TACTICAL REAL ESTATE SERIES INTERESTS OF THE SALL MULTI-SERIES FUND, LP",805-3425889339,"SALI FUND SERVICES","801-61702","N"
1998815,"MILLENNIUM GLOBAL ESTATE LP",805-9843377684,"MILLENNIUM MANAGEMENT LLC","801-73884","N"
1998815,"STEPSTONE REAL ESTATE INSURANCE FUND SERIES INTERESTS OF THE SALI MULTI-SERIES FUND, L.P.",805-1597921366,"SALI FUND SERVICES","801-61702","N"
1998815,"MASTER ASSET VEHICLE III",805-4281701222,"BLACKROCK ASSET MANAGEMENT CANADA LIMITED","802-76230","N"
1998815,"GLENDOWER CAPITAL INSURANCE INVESTOR FUND SERIES INTERESTS OF THE SALI MULTI-SERIES FUND, L.P.",805-2959933190,"SALI FUND SERVICES","801-61702","N"
1998815,"CARLYLE PRIVATE EQUITY SERIES II INSURANCE DEDICATED FUND SERIES INTERESTS OF THE SALI MULTI-SERIES FUND, L.P.",805-8489984572,"SALI FUND SERVICES","801-61702","N"
1998815,"CARLYLE PRIVATE EQUITY SERIES SERIES INTERESTS OF THE SALI MULTI-SERIES FUND, L.P.",805-1024991103,"SALI FUND SERVICES","801-61702","N"
1998815,"CARLYLE REAL ASSETS SERIES I INSURANCE DEDICATED FUND SERIES INTERESTS OF THE SALI MULTI-SERIES FUND, L.P.",805-5010008544,"SALI FUND SERVICES","801-61702","N"
1998815,"BGO STRATEGIC CAPITAL PARTNERS REAL ESTATE SERIES INTERESTS OF THE SALI MULTI-SERIES FUND, LP",805-9196716988,"SALI FUND SERVICES","801-61702","N"
1998815,"ELLIOTT INTERNATIONAL L.P.",805-1428688771,"ELLIOTT INVESTMENT MANAGEMENT L.P.","801-119969","N"
1998441,"ABS DIRECT EQUITY FUND LLC - INDIA SERIES 1",805-7098903637,"ABS GLOBAL INVESTMENTS","801-62188","N"
1995166,"APAX EUROPE VII-B L.P",805-4757500349,"APAX PARTNERS LLP","802-76186","N"
1995166,"APAX EUROPE VI-1 L.P.",805-4110382366,"APAX PARTNERS LLP","802-76186","N"
1995166,"APAX EUROPE VI-A L.P.",805-8848710876,"APAX PARTNERS LLP","802-76186","N"
1995166,"APAX EUROPE VII-1 L.P.",805-5336302266,"APAX PARTNERS LLP","802-76186","N"
1995166,"APAX EUROPE VII-A L.P.",805-6037980581,"APAX PARTNERS LLP","802-76186","N"
1995166,"APAX VIII-A L.P.",805-7489282636,"APAX PARTNERS LLP","802-76186","N"
1995166,"APAX VIII-B L.P.",805-8045917510,"APAX PARTNERS LLP","802-76186","N"
1995166,"AMI OPPORTUNITIES - A L.P",805-3189335081,"APAX PARTNERS LLP","802-76186","N"
1995166,"APAX GLOBAL ALPHA, LTD",805-9068353589,"APAX PARTNERS LLP","802-76186","N"
1995166,"APAX IX EUR L.P.",805-8134654118,"APAX PARTNERS LLP","802-76186","N"
1995166,"APAX IX USD L.P.",805-8463470837,"APAX PARTNERS LLP","802-76186","N"
1995166,"APAX DIGITAL L.P.",805-1827409651,"APAX PARTNERS LLP","802-76186","N"
1995166,"APAX X EUR L.P.",805-8128138448,"APAX PARTNERS LLP","802-76186","N"
1995166,"APAX X USD LP",805-1370510574,"APAX PARTNERS LLP","802-76186","N"
1995166,"APAX DIGITAL II L.P.",805-9438045253,"APAX PARTNERS LLP","802-76186","N"
1995166,"APAX CREDIT OPPORTUNITIES SCSP",805-2187946416,"APAX PARTNERS LLP","802-76186","N"
1995166,"APAX GLOBAL IMPACT L.P.",805-4632419949,"APAX PARTNERS LLP","802-76186","N"
1995166,"APAX GLOBAL IMPACT SCSP",805-6183927688,"APAX PARTNERS LLP","802-76186","N"
1995166,"APAX XI USD LP",805-7865452900,"APAX PARTNERS LLP","802-76186","N"
1995166,"AMI OPPORTUNITIES II-A LP",805-9000636288,"APAX PARTNERS LLP","802-76186","N"
1995166,"APAX XI EUR L.P.",805-9996164155,"APAX PARTNERS LLP","802-76186","N"
1995166,"APAX CREDIT EDGE III L.P.",805-8202417694,"APAX PARTNERS LLP","802-76186","N"
1998166,"RUFFER ABSOLUTE MASTER FUND LIMITED",805-7524793993,"RUFFER AIFM LIMITED","802-122091","Y"
1988032,"MACQUARIE GREEN ENERGY TRANSITION SOLUTIONS SCSP",805-4593889676,"MACQUARIE INFRASTRUCTURE AND REAL ASSETS (EUROPE) LIMITED","802-76319","N"
1995750,"JCRED IDF SERIES INTERESTS OF THE SALI MULTI-SERIES FUND XIII, LP",805-5763652232,"SALI FUND SERVICES","801-61702","N"
1993342,"GUGGENHEIM ALPHA SEGREGATED PORTFOLIO - WILSHIRE INSTITUTIONAL MASTER FUND SPC",805-2305664067,"WILSHIRE","801-36233","Y"
1993342,"GWL REAL ESTATE PLUS II L.P.",805-2362386300,"SAGARD REAL ESTATE ADVISORS","801-78724","N"
1993342,"GWL REAL ESTATE PLUS L.P.",805-9095316747,"SAGARD REAL ESTATE ADVISORS","801-78724","N"
1994388,"INTERNATIONAL SELECT EQUITY FUND, LLC",805-8695657739,"NIKKO ASSET MANAGEMENT AMERICAS, INC.","801-60881","N"
2000216,"MAP 287, A SEGREGATED PORTFOLIO OF LMA SPC",805-6814105614,"LIGHTHOUSE INVESTMENT PARTNERS, LLC","801-64978","N"
1988032,"MACQUARIE GIG RENEWABLE ENERGY FUND 2 SCSP",805-8805408475,"MACQUARIE INFRASTRUCTURE AND REAL ASSETS (EUROPE) LIMITED","802-76319","N"
1988032,"MACQUARIE GLOBAL INFRASTRUCTURE FUND SCSP",805-1438417255,"MACQUARIE INFRASTRUCTURE AND REAL ASSETS (EUROPE) LIMITED","802-76319","N"
1988032,"MACQUARIE GREEN ENERGY CLIMATE OPPORTUNITIES SCSP",805-4305334248,"MACQUARIE INFRASTRUCTURE AND REAL ASSETS (EUROPE) LIMITED","802-76319","N"
1988032,"MACQUARIE INSURANCE DEDICATED INFRASTRUCTURE FUND SERIES INTERESTS OF THE SALI MULTI-SERIES FUND, LP",805-6859270119,"SALI FUND SERVICES","801-61702","N"
2000992,"BRINSON PARTNERSHIP FUND - 1999 PRIMARY FUND, L.P.",805-8619399962,"ADAMS STREET PARTNERS, LLC","801-58169","N"
2000992,"BRINSON PARTNERSHIP FUND - 2000 PRIMARY FUND, L.P.",805-8434179876,"ADAMS STREET PARTNERS, LLC","801-58169","N"
2000992,"BRINSON PARTNERSHIP FUND - 2001 PRIMARY FUND, L.P.",805-7744933893,"ADAMS STREET PARTNERS, LLC","801-58169","N"
2000992,"BRINSON PARTNERSHIP FUND - 2002 PRIMARY FUND, L.P.",805-7512809557,"ADAMS STREET PARTNERS, LLC","801-58169","N"
2000992,"BRINSON PARTNERSHIP FUND - 2002 SECONDARY FUND, L.P.",805-3101260968,"ADAMS STREET PARTNERS, LLC","801-58169","N"
2000992,"BRINSON PARTNERSHIP FUND - 2003 PRIMARY FUND, L.P.",805-1075408312,"ADAMS STREET PARTNERS, LLC","801-58169","N"
2000992,"BRINSON PARTNERSHIP FUND - 2003 SECONDARY FUND, L.P.",805-5810060534,"ADAMS STREET PARTNERS, LLC","801-58169","N"
2000992,"BRINSON PARTNERSHIP FUND - 2004 PRIMARY FUND, L.P.",805-4718208786,"ADAMS STREET PARTNERS, LLC","801-58169","N"
2000992,"BRINSON NON-U.S. PARTNERSHIP FUND - 2002 PRIMARY FUND, L.P.",805-9839804767,"ADAMS STREET PARTNERS, LLC","801-58169","N"
2000992,"BRINSON NON-U.S. PARTNERSHIP FUND - 2004 PRIMARY FUND, L.P.",805-8602953397,"ADAMS STREET PARTNERS, LLC","801-58169","N"
2000992,"BRINSON NON-U.S. PARTNERSHIP FUND - 2004 SECONDARY FUND, L.P.",805-7569234166,"ADAMS STREET PARTNERS, LLC","801-58169","N"
2000992,"BRINSON NON-U.S. PARTNERSHIP FUND - 2000 PRIMARY FUND, L.P.",805-4483810759,"ADAMS STREET PARTNERS, LLC","801-58169","N"
2000992,"ARCHMORE INTERNATIONAL INFRASTRUCTURE FUND",805-3874288255,"UBS ASSET MANAGEMENT FUNDS LTD","802-88212","N"
2000992,"ARCHMORE INTERNATIONAL INFRASTRUCTURE FUND II",805-9131788844,"UBS ASSET MANAGEMENT FUNDS LTD","802-88212","N"
1997913,"HSBC EQUITY PARTNERS USA, L.P.",805-4762239329,"HSBC SECURITIES (USA) INC.","801-64563","N"
1997913,"452 LATIN AMERICA INSTITUTIONAL FUND L.P.",805-4419011058,"HSBC SECURITIES (USA) INC.","801-64563","N"
1997913,"452 LATIN AMERICA PARTNERS L.P.",805-6086835745,"HSBC SECURITIES (USA) INC.","801-64563","N"
1997913,"452 LATIN AMERICA PRIVATE EQUITY INVESTORS L.P.",805-7678392023,"HSBC SECURITIES (USA) INC.","801-64563","N"
1997913,"HSBC LATIN AMERICAN COINVESTMENT PARTNERS, L.P.",805-7182968992,"HSBC SECURITIES (USA) INC.","801-64563","N"
1997913,"452 PRIVATE EQUITY ACCESS FUND, L.P.",805-4080440268,"HSBC SECURITIES (USA) INC.","801-64563","N"
1997913,"452 PRIVATE EQUITY INVESTORS CAYMAN L.P.",805-5020494132,"HSBC SECURITIES (USA) INC.","801-64563","N"
1997913,"452 PRIVATE EQUITY PARTNERS II USA L.P.",805-4823322082,"HSBC SECURITIES (USA) INC.","801-64563","N"
1997913,"HSBC REAL ESTATE EQUITY PARTNERS USA, L.P.",805-5559597369,"HSBC SECURITIES (USA) INC.","801-64563","N"
2000905,"TOLLESON INSURANCE FUND SERIES OF THE SALI MULTI-SERIES FUND, L.P.",805-7097699129,"SALI FUND SERVICES","801-61702","Y"
1999447,"WHITNEY CAPITAL SERIES FUND LLC",805-3974373214,"SCHONFELD STRATEGIC ADVISORS LLC","801-106963","N"
1999447,"DUKE CAPITAL SERIES FUND LLC",805-8694674034,"SCHONFELD STRATEGIC ADVISORS LLC","801-106963","N"
2000358,"MARS EVOLUTION FUND SPC",805-3283483805,"SECOR INVESTMENT ADVISORS, LP","801-71897","N"
1996109,"JCRED IDF SERIES INTERESTS OF THE SALI MULTI-SERIES FUND XIII, LP",805-5763652232,"SALI FUND SERVICES","801-61702","N"
1992444,"ABS DIRECT EQUITY FUND LLC, ASIA SERIES 14",805-9721453407,"ABS GLOBAL INVESTMENTS","801-62188","N"
1998080,"TAG MASTER RELATIVE VALUE FUND LLC",805-8562456358,"TAG ASSOCIATES LLC","801-60908","N"
1996242,"MOLECULE MASTER FUND, LP",805-9090725513,"PAAMCO PRISMA, LLC","801-57416","N"
1997336,"PROFICIO STRATEGIC OPPORTUNITIES IDF",805-4228687978,"SALI FUND SERVICES","801-61702","Y"
1997336,"PROFICIO UNCORRELATED FUND SERIES OF SALI MULTI-SERIES FUND, L.P.",805-5931171232,"SALI FUND SERVICES","801-61702","Y"
1997408,"PROFICIO STRATEGIC OPPORTUNITIES IDF",805-4228687978,"SALI FUND SERVICES","801-61702","Y"
1997408,"PROFICIO UNCORRELATED FUND SERIES OF SALI MULTI-SERIES FUND, L.P.",805-5931171232,"SALI FUND SERVICES","801-61702","Y"
1987486,"TAG MASTER RELATIVE VALUE FUND LLC",805-8562456358,"TAG ASSOCIATES LLC","801-60908","N"
1997679,"MAP 240, A SEGREGATED PORTFOLIO OF LMA SPC",805-7823283326,"LIGHTHOUSE INVESTMENT PARTNERS, LLC","801-64978","N"
1997679,"SELECT MARKET ACCESS FUND LTD.",805-7432327029,"TANGENCY CAPITAL INVESTMENT ADVISORY LTD.","801-122403","N"
1997679,"SELECT MARKET OPPORTUNITIES FUND LTD",805-7025203011,"TANGENCY CAPITAL INVESTMENT ADVISORY LTD.","801-122403","N"
1997679,"SELECT TOP LAYER FUND LTD.",805-9227086188,"TANGENCY CAPITAL INVESTMENT ADVISORY LTD.","801-122403","N"
1997679,"HIVEMIND VALIDATION MASTER FUND LP",805-1887956186,"HIVEMIND CAPITAL PARTNERS LLC","801-127830","N"
1997679,"405 MSTV I LP",805-4028788721,"NEW HOLLAND CAPITAL, LLC","801-74244","N"
1997679,"NEW HOLLAND TACTICAL ALPHA FUND LP",805-4079867382,"NEW HOLLAND CAPITAL, LLC","801-74244","N"
1997691,"PFL CORPORATE ACCOUNT ONE",805-7595651830,"AEGON ASSET MANAGEMENT US","801-60667","N"
1996051,"SCHONFELD EXT MASTER FUND LP",805-9523817841,"SCHONFELD STRATEGIC ADVISORS LLC","801-106963","N"
1990285,"MOLECULE MASTER LP",805-9090725513,"PAAMCO PRISMA, LLC","801-57416","N"
1997686,"PFL CORPORATE ACCOUNT ONE",805-7595651830,"AEGON ASSET MANAGEMENT US","801-60667","N"
1996039,"DEUTSCHE REAL ASSETS FUND: CAYMAN REAL ASSETS FUND, LTD",805-3785921345,"DWS INVESTMENT MANAGEMENT AMERICAS, INC.","801-252","N"
1996039,"DB REAL ESTATE GLOBAL OPPORTUNITIES IB, LP",805-2005396818,"DWS INVESTMENT MANAGEMENT AMERICAS, INC.","801-252","N"
1996462,"BROOKLINE VALUE INVESTMENT FUND LLC",805-7093787287,"BROOKLINE INVESTMENTS, INC.","801-57057","N"
1998768,"BLACKROCK NEW FRONTIERS FUND LLC",805-4839524705,"BLACKROCK FINANCIAL MANAGEMENT, INC","801-48433","N"
1998768,"BLACKROCK NEW FRONTIERS MASTER FUND LIMITED",805-8759258024,"BLACKROCK FINANCIAL MANAGEMENT, INC","801-48433","N"
1998774,"ASIA PACIFIC CREDIT FUNDING LLC (ASIA PACIFIC CREDIT PORTFOLIO - SERIES VII",805-9953019510,"BLACKROCK FINANCIAL MANAGEMENT, INC","801-48433","N"
1998774,"THE OBSIDIAN FUND",805-9384485105,"BLACKROCK FINANCIAL MANAGEMENT, INC","801-48433","N"
1998774,"OBSIDIAN RELATIVE VALUE STRATEGY MASTER FUND, LTD.",805-1847176631,"BLACKROCK FINANCIAL MANAGEMENT, INC","801-48433","N"
1998774,"BLACKROCK EMERGING FRONTIERS FUND LTD",805-3948069616,"BLACKROCK INVESTMENT MANAGEMENT (UK) LIMITED","802-76129","N"
1998774,"BLACKROCK EMERGING FRONTIERS FUND LTD - MASTER",805-8132009582,"BLACKROCK INVESTMENT MANAGEMENT (UK) LIMITED","802-76129","N"
1993920,"IIF LUXEMBOURG 1 HEDGED SCSP",805-2246313003,"J.P. MORGAN INVESTMENT MANAGEMENT INC.","801-21011","Y"
1993920,"IIF LUXEMBOURG 1 SCSP",805-7026626929,"J.P. MORGAN INVESTMENT MANAGEMENT INC.","801-21011","Y"
1993920,"IIF UK 1 HEDGED LP",805-4889690382,"J.P. MORGAN INVESTMENT MANAGEMENT INC.","801-21011","Y"
1993920,"IIF UK 1 LP",805-5651832720,"J.P. MORGAN INVESTMENT MANAGEMENT INC.","801-21011","Y"
1993920,"LYNSTONE SPECIAL SITUATIONS MASTER FUND SCSP",805-8296782912,"JPMORGAN FUNDS LIMITED","801-80071","Y"
1993920,"LYNSTONE SPECIAL SITUATIONS FUND (LUX) SCSP",805-8593333133,"JPMORGAN FUNDS LIMITED","801-80071","Y"
1993920,"LYNSTONE SPECIAL SITUATIONS FUND II (NO.1) SCSP",805-1279046832,"J.P. MORGAN INVESTMENT MANAGEMENT INC.","801-21011","Y"
1993920,"LYNSTONE SPECIAL SITUATIONS FUND II (NO.2) SCSP",805-6644702452,"J.P. MORGAN INVESTMENT MANAGEMENT INC.","801-21011","Y"
1993920,"LYNSTONE SPECIAL SITUATIONS II",805-3618947259,"J.P. MORGAN INVESTMENT MANAGEMENT INC.","801-21011","Y"
1993920,"LYNSTONE CAPITAL OPPORTUNITIES SICAV - RAIF SCSP",805-6522491519,"J.P. MORGAN INVESTMENT MANAGEMENT INC.","801-21011","Y"
1993920,"LYNSTONE CAPITAL OPPORTUNITIES FUND (NO.1) SCSP",805-7169021788,"J.P. MORGAN INVESTMENT MANAGEMENT INC.","801-21011","Y"
1993920,"LYNSTONE CAPITAL OPPORTUNITIES FUND (NO.2) SCSP",805-1343373850,"J.P. MORGAN INVESTMENT MANAGEMENT INC.","801-21011","Y"
1993920,"LYNSTONE CAPITAL OPPORTUNITIES FUND (NO.3) SCSP",805-5005650202,"J.P. MORGAN INVESTMENT MANAGEMENT INC.","801-21011","Y"
1993920,"LYNSTONE CAPITAL OPPORTUNITIES FUND (NO.4) SCSP",805-5523575262,"J.P. MORGAN INVESTMENT MANAGEMENT INC.","801-21011","Y"
1993920,"LYNSTONE CAPITAL OPPORTUNITIES FUND (NO.5) SCSP",805-7951743667,"J.P. MORGAN INVESTMENT MANAGEMENT INC.","801-21011","Y"
1993920,"QSMA TORUS SP",805-7075573687,"QUBE RESEARCH & TECHNOLOGIES LIMITED","802-116999","N"
1998740,"PRIME EFFICIENCY FUND I, LLC",805-1369683416,"PRIME FINANCE ADVISOR, L.P.","801-73438","N"
1998778,"BLACKROCK EMERGING FRONTIERS MASTER FUND LIMITED",805-8132009582,"BLACKROCK INVESTMENT MANAGEMENT (UK) LIMITED","802-76129","N"
1998778,"BLACKROCK EMERGING FRONTIERS FUND LIMITED",805-3948069616,"BLACKROCK INVESTMENT MANAGEMENT (UK) LIMITED","802-76129","N"
1998804,"BLACKROCK DIVERSIFIED PRIVATE DEBT FUND FEEDER LP",805-5192275396,"BLACKROCK FINANCIAL MANAGEMENT, INC","801-48433","N"
1998804,"BLACKROCK LISI CREDIT FUND, LP",805-6369522045,"BLACKROCK FINANCIAL MANAGEMENT, INC","801-48433","N"
1998804,"BLACKROCK DIVERSIFIED PRIVATE DEBT FUND MASTER LP",805-6157731219,"BLACKROCK FINANCIAL MANAGEMENT, INC","801-48433","N"
2000682,"AMI OPPORTUNITIES - A L.P",805-3189335081,"APAX PARTNERS LLP","802-76186","N"
2000284,"WIL STRATEGIC PARTNERS I, L.P.",805-3237831723,"WIL, LLC","801-124771","N"
2000284,"WIL STRATEGIC PARTNERS II, L.P.",805-4823575908,"WIL, LLC","801-124771","N"
2000931,"CARDINAL ADVISOR SERIES - MULTI-MANAGER INTERNATIONAL EQUITY LP",805-7938242776,"ICAPITAL ADVISORS, LLC","801-106690","Y"
2000682,"APAX EUROPE VI-1 L.P.",805-4110382366,"APAX PARTNERS LLP","802-76186","N"
2000682,"APAX EUROPE VI-A L.P.",805-8848710876,"APAX PARTNERS LLP","802-76186","N"
2000682,"APAX EUROPE VII-1 L.P.",805-5336302266,"APAX PARTNERS LLP","802-76186","N"
2000682,"APAX EUROPE VII-A L.P.",805-6037980581,"APAX PARTNERS LLP","802-76186","N"
2000682,"APAX EUROPE VII-B L.P",805-4757500349,"APAX PARTNERS LLP","802-76186","N"
2000682,"APAX VIII-A L.P.",805-7489282636,"APAX PARTNERS LLP","802-76186","N"
2000682,"APAX VIII-B L.P.",805-8045917510,"APAX PARTNERS LLP","802-76186","N"
2000682,"APAX GLOBAL ALPHA, LTD",805-9068353589,"APAX PARTNERS LLP","802-76186","N"
2000682,"APAX IX EUR L.P.",805-8134654118,"APAX PARTNERS LLP","802-76186","N"
2000682,"APAX IX USD L.P.",805-8463470837,"APAX PARTNERS LLP","802-76186","N"
2000682,"APAX DIGITAL L.P.",805-1827409651,"APAX PARTNERS LLP","802-76186","N"
2000682,"APAX X EUR L.P.",805-8128138448,"APAX PARTNERS LLP","802-76186","N"
2000682,"APAX X USD LP",805-1370510574,"APAX PARTNERS LLP","802-76186","N"
2000682,"APAX DIGITAL II L.P.",805-9438045253,"APAX PARTNERS LLP","802-76186","N"
2000682,"APAX CREDIT OPPORTUNITIES SCSP",805-2187946416,"APAX PARTNERS LLP","802-76186","N"
2000682,"APAX GLOBAL IMPACT L.P.",805-4632419949,"APAX PARTNERS LLP","802-76186","N"
2000682,"APAX GLOBAL IMPACT SCSP",805-6183927688,"APAX PARTNERS LLP","802-76186","N"
2000682,"APAX XI USD LP",805-7865452900,"APAX PARTNERS LLP","802-76186","N"
2000682,"AMI OPPORTUNITIES II-A LP",805-9000636288,"APAX PARTNERS LLP","802-76186","N"
2000682,"APAX XI EUR L.P.",805-9996164155,"APAX PARTNERS LLP","802-76186","N"
2000682,"APAX CREDIT EDGE III L.P.",805-8202417694,"APAX PARTNERS LLP","802-76186","N"
1995226,"EVENT DRIVEN MANAGERS (IRELAND)",805-2095318167,"GOLDMAN SACHS ASSET MANAGEMENT, L.P.","801-37591","Y"
1995226,"GLOBAL OPPORTUNITIES OFFSHORE LTD.",805-6824633477,"GOLDMAN SACHS ASSET MANAGEMENT, L.P.","801-37591","Y"
1995226,"LIBERTY HARBOR OFFSHORE, LTD.",805-2118491652,"GOLDMAN SACHS ASSET MANAGEMENT, L.P.","801-37591","Y"
1995226,"GLOBAL LONG SHORT PARTNERS OFFSHORE LP",805-2172092561,"GOLDMAN SACHS ASSET MANAGEMENT, L.P.","801-37591","Y"
1995226,"EQUITY LONG/SHORT MANAGERS PLC",805-6921860051,"GOLDMAN SACHS ASSET MANAGEMENT, L.P.","801-37591","Y"
1995226,"GLOBAL TACTICAL TRADING MANAGERS PLC",805-5675671804,"GOLDMAN SACHS ASSET MANAGEMENT, L.P.","801-37591","Y"
1995226,"TACTICAL TRADING MANAGERS (MANAGED FUTURES) LTD",805-7783301193,"GOLDMAN SACHS ASSET MANAGEMENT, L.P.","801-37591","Y"
1995226,"HEDGE FUND OPPORTUNITIES LTD",805-2921046364,"GOLDMAN SACHS ASSET MANAGEMENT, L.P.","801-37591","Y"
1995226,"HEDGE FUND MANAGERS (DIVERSIFIED) (IRELAND)",805-1259176047,"GOLDMAN SACHS ASSET MANAGEMENT, L.P.","801-37591","Y"
1995226,"PRINCETON FUND LTD",805-3537710810,"GOLDMAN SACHS ASSET MANAGEMENT, L.P.","801-37591","Y"
1995226,"TRISTAN EPISO 4 ACCESS OFFSHORE SCSP",805-6893885912,"GOLDMAN SACHS ASSET MANAGEMENT, L.P.","801-37591","Y"
1995226,"PRIVATE EQUITY CO-INVESTMENT PARTNERS OFFSHORE SCSP",805-3401407487,"GOLDMAN SACHS ASSET MANAGEMENT, L.P.","801-37591","Y"
1995226,"PRIVATE EQUITY MANAGERS (2015) OFFSHORE SCSP",805-2102624590,"GOLDMAN SACHS ASSET MANAGEMENT, L.P.","801-37591","Y"
1995226,"PRIVATE EQUITY MANAGERS (2016) OFFSHORE SCSP",805-7266304135,"GOLDMAN SACHS ASSET MANAGEMENT, L.P.","801-37591","Y"
1995226,"VINTAGE VII OFFSHORE SCSP",805-6547033606,"GOLDMAN SACHS ASSET MANAGEMENT, L.P.","801-37591","Y"
1995226,"VINTAGE VII AIV OFFSHORE SCSP",805-4377763309,"GOLDMAN SACHS ASSET MANAGEMENT, L.P.","801-37591","N"
1995226,"PRIVATE EQUITY MANAGERS (2017) OFFSHORE SCSP",805-9471498809,"GOLDMAN SACHS ASSET MANAGEMENT, L.P.","801-37591","Y"
1995226,"GLOBAL PRIVATE OPPORTUNITIES PARTNERS II OFFSHORE SCSP",805-5404352627,"GOLDMAN SACHS ASSET MANAGEMENT, L.P.","801-37591","Y"
1995226,"GLOBAL PRIVATE OPPORTUNITIES PARTNERS III OFFSHORE SCSP",805-7601285001,"GOLDMAN SACHS ASSET MANAGEMENT, L.P.","801-37591","Y"
1995226,"PETERSHILL PRIVATE EQUITY SEEDING OFFSHORE SCSP",805-2778038113,"GOLDMAN SACHS ASSET MANAGEMENT, L.P.","801-37591","Y"
1995226,"PRIVATE EQUITY CO-INVESTMENT PARTNERS II OFFSHORE SCSP",805-9871937714,"GOLDMAN SACHS ASSET MANAGEMENT, L.P.","801-37591","Y"
1995226,"PRIVATE EQUITY MANAGERS (2018) OFFSHORE SCSP",805-6640851882,"GOLDMAN SACHS ASSET MANAGEMENT, L.P.","801-37591","Y"
1995226,"LAUNCH OPPORTUNITIES OFFSHORE SCSP",805-2366986710,"GOLDMAN SACHS ASSET MANAGEMENT, L.P.","801-37591","Y"
1995226,"VINTAGE VIII B OFFSHORE SCSP",805-2518619066,"GOLDMAN SACHS ASSET MANAGEMENT, L.P.","801-37591","Y"
1995226,"PETERSHILL IV OFFSHORE SCSP",805-6789804255,"GOLDMAN SACHS ASSET MANAGEMENT, L.P.","801-37591","Y"
1995226,"PRIVATE TECHNOLOGY OPPORTUNITIES OFFSHORE  SCSP",805-1578606710,"GOLDMAN SACHS ASSET MANAGEMENT, L.P.","801-37591","Y"
1995226,"VINTAGE VIII OFFSHORE SCSP",805-4824756158,"GOLDMAN SACHS ASSET MANAGEMENT, L.P.","801-37591","Y"
1995226,"TRISTAN EPISO 5 ACCESS OFFSHORE SCSP",805-8329658384,"GOLDMAN SACHS ASSET MANAGEMENT, L.P.","801-37591","Y"
1995226,"PRIVATE EQUITY MANAGERS (2019) OFFSHORE SCSP",805-9522957969,"GOLDMAN SACHS ASSET MANAGEMENT, L.P.","801-37591","Y"
1995226,"PRIVATE CREDIT MANAGERS (EUROPE) OFFSHORE SCSP",805-4495099248,"GOLDMAN SACHS ASSET MANAGEMENT, L.P.","801-37591","Y"
1995226,"VINTAGE REAL ESTATE PARTNERS II (INTERNATIONAL) OFFSHORE SCSP",805-2619023330,"GOLDMAN SACHS ASSET MANAGEMENT, L.P.","801-37591","Y"
1995226,"PRIVATE EQUITY MANAGERS (2020) OFFSHORE SCSP",805-2041148246,"GOLDMAN SACHS ASSET MANAGEMENT, L.P.","801-37591","Y"
1995226,"B&B INVESTORS OFFSHORE, SLP",805-6513788594,"GOLDMAN SACHS & CO. LLC","801-16048","Y"
1995226,"BROAD STREET LOAN PARTNERS IV OFFSHORE - UNLEVERED B, SLP",805-6593404122,"GOLDMAN SACHS ASSET MANAGEMENT, L.P.","801-37591","Y"
1995226,"BYDC INVESTORS OFFSHORE, SLP",805-9092446392,"GOLDMAN SACHS & CO. LLC","801-16048","Y"
1995226,"CHINA-U.S. INDUSTRIAL COOPERATION (UNLEVERED) EUROPEAN PARTNERSHIP, SLP",805-3480404248,"GOLDMAN SACHS & CO. LLC","801-16048","Y"
1995226,"CHINA-U.S. INDUSTRIAL COOPERATION EUROPEAN PARTNERSHIP, SLP",805-1924542098,"GOLDMAN SACHS & CO. LLC","801-16048","Y"
1995226,"HORIZON ENERGY STORAGE EUROPE, SLP",805-6363159554,"GOLDMAN SACHS & CO. LLC","801-16048","Y"
1995226,"HORIZON ENVIRONMENT & CLIMATE SOLUTIONS PARTNERS I EUROPE, SLP",805-2298378983,"GOLDMAN SACHS & CO. LLC","801-16048","Y"
1995226,"HORIZON ENVIRONMENT & CLIMATE SOLUTIONS PARTNERS I OFFSHORE, L.P.",805-2716857178,"GOLDMAN SACHS & CO. LLC","801-16048","Y"
1995226,"MYEYEDR INVESTMENTS OFFSHORE, SLP",805-6304072308,"GOLDMAN SACHS & CO. LLC","801-16048","Y"
1995226,"NORGINE INVESTMENTS, SLP",805-3814639925,"GOLDMAN SACHS & CO. LLC","801-16048","Y"
1995226,"SODOR LONDON BRIDGE CO-INVEST LIMITED",805-4078058557,"GOLDMAN SACHS & CO. LLC","801-16048","Y"
1995226,"NORTHVOLT INVESTMENTS, SLP",805-9746268427,"GOLDMAN SACHS & CO. LLC","801-16048","Y"
1995226,"WEST STREET CAPITAL PARTNERS CO-INVEST A, SLP",805-7040045571,"GOLDMAN SACHS & CO. LLC","801-16048","Y"
1995226,"WEST STREET CAPITAL PARTNERS VII EUROPE, SLP",805-2361307964,"GOLDMAN SACHS & CO. LLC","801-16048","Y"
1995226,"WEST STREET CAPITAL PARTNERS VIII EUROPE, SLP",805-4180360281,"GOLDMAN SACHS & CO. LLC","801-16048","Y"
1995226,"WEST STREET EMS PARTNERS, SLP",805-1925116323,"GOLDMAN SACHS & CO. LLC","801-16048","Y"
1995226,"WEST STREET EUROPEAN INFRASTRUCTURE PARTNERS III, L.P.",805-5510603047,"GOLDMAN SACHS & CO. LLC","801-16048","Y"
1995226,"WEST STREET EUROPEAN INFRASTRUCTURE PARTNERS IV, SLP",805-3232096394,"GOLDMAN SACHS & CO. LLC","801-16048","Y"
1995226,"WEST STREET EUROPEAN LOGISTICS PARTNERS, SLP",805-3109182163,"GOLDMAN SACHS & CO. LLC","801-16048","Y"
1995226,"WEST STREET GENERALI PARTNERS II, SLP",805-6616004617,"GOLDMAN SACHS ASSET MANAGEMENT, L.P.","801-37591","Y"
1995226,"WEST STREET GENERALI PARTNERS, SLP",805-7982475953,"GOLDMAN SACHS ASSET MANAGEMENT, L.P.","801-37591","Y"
1995226,"WEST STREET GLOBAL GROWTH PARTNERS EUROPE, SLP",805-6620246272,"GOLDMAN SACHS & CO. LLC","801-16048","Y"
1995226,"WEST STREET GLOBAL GROWTH PARTNERS OFFSHORE, L.P.",805-7395961029,"GOLDMAN SACHS & CO. LLC","801-16048","Y"
1995226,"WEST STREET TFL CREDIT PARTNERS, SLP",805-5356457255,"GOLDMAN SACHS ASSET MANAGEMENT, L.P.","801-37591","Y"
1995226,"WEST STREET EUROPEAN RE PARTNERS (P), SLP",805-7927560693,"GOLDMAN SACHS & CO. LLC","801-16048","Y"
1995226,"WEST STREET MEZZANINE PARTNERS VIII EUROPE, SLP",805-9351643912,"GOLDMAN SACHS ASSET MANAGEMENT, L.P.","801-37591","Y"
1995226,"WEST STREET MEZZANINE PARTNERS VIII TREATY, SLP",805-8778752329,"GOLDMAN SACHS ASSET MANAGEMENT, L.P.","801-37591","Y"
1995226,"WEST STREET MEZZANINE PARTNERS VIII UNLEVERED II, SLP",805-9034973128,"GOLDMAN SACHS ASSET MANAGEMENT, L.P.","801-37591","Y"
1995226,"WEST STREET MEZZANINE PARTNERS VIII UNLEVERED III, SLP",805-1053290358,"GOLDMAN SACHS ASSET MANAGEMENT, L.P.","801-37591","Y"
1995226,"WEST STREET MEZZANINE PARTNERS VIII UNLEVERED, SLP",805-9959653655,"GOLDMAN SACHS ASSET MANAGEMENT, L.P.","801-37591","Y"
1995226,"WEST STREET OFFSHORE INFRASTRUCTURE PARTNERS IV, L.P.",805-6659211443,"GOLDMAN SACHS & CO. LLC","801-16048","Y"
1995226,"WEST STREET PKA PARTNERS, SLP",805-8610215002,"GOLDMAN SACHS ASSET MANAGEMENT, L.P.","801-37591","Y"
1995226,"WEST STREET PRIVATE MARKETS 2022 OFFSHORE, SLP",805-6912871275,"GOLDMAN SACHS & CO. LLC","801-16048","Y"
1995226,"WEST STREET PRIVATE MARKETS 2023 OFFSHORE, SLP",805-5947865987,"GOLDMAN SACHS & CO. LLC","801-16048","Y"
1995226,"WEST STREET REAL ESTATE CREDIT PARTNERS IV OFFSHORE, SLP",805-5281467314,"GOLDMAN SACHS & CO. LLC","801-16048","Y"
1995226,"WEST STREET REAL ESTATE INVESTMENT PARTNERS EUROPE, SLP",805-2526855861,"GOLDMAN SACHS & CO. LLC","801-16048","Y"
1995226,"WEST STREET STRATEGIC SOLUTIONS EUROPE FUND I, SLP",805-3174811606,"GOLDMAN SACHS ASSET MANAGEMENT, L.P.","801-37591","Y"
1995226,"WEST STREET STRATEGIC SOLUTIONS OFFSHORE FUND I, L.P.",805-5463615769,"GOLDMAN SACHS ASSET MANAGEMENT, L.P.","801-37591","Y"
1996382,"UNLESS ALPHA ACCESS LP",805-6313770783,"UNLESS MANAGEMENT LP","802-123629","N"
1999194,"EAGLE HARBOR MULTI-STRATEGY MASTER FUND LIMITED (CAYMAN DOMICILED)",805-5201965961,"LIGHTHOUSE INVESTMENT PARTNERS, LLC","801-64978","N"
1999262,"J. STERN & CO. WORLD STARS GLOBAL EQUITY FUND, LP",805-5258685353,"J. STERN & CO., LLC","801-129253","N"
1996471,"BROOKLINE VALUE INVESTMENT FUND LLC",805-7093787287,"BROOKLINE INVESTMENTS, INC.","801-57057","N"
1999292,"TAG MASTER RELATIVE VALUE FUND LLC",805-8562456358,"TAG ASSOCIATES LLC","801-60908","N"
1998789,"INFRARED ENERGY TRANSITION FUND A LP",805-4112190769,"INFRARED CAPITAL PARTNERS LIMITED","802-75863","N"
1998789,"INFRARED ENERGY TRANSITION FUND B LP",805-4147964682,"INFRARED CAPITAL PARTNERS LIMITED","802-75863","N"
1998789,"INFRARED INFRASTRUCTURE III (NO 1) L.P.",805-9756478095,"INFRARED CAPITAL PARTNERS LIMITED","802-75863","N"
1998789,"INFRARED INFRASTRUCTURE V (1) LP",805-9909815985,"INFRARED CAPITAL PARTNERS LIMITED","802-75863","N"
1998789,"INFRARED INFRASTRUCTURE V (2) LP",805-2638638149,"INFRARED CAPITAL PARTNERS LIMITED","802-75863","N"
1998789,"INFRARED INFRASTRUCTURE VI (1) LP",805-6275640102,"INFRARED CAPITAL PARTNERS LIMITED","802-75863","N"
1998789,"INFRARED INFRASTRUCTURE VI (2) LP",805-2295124562,"INFRARED CAPITAL PARTNERS LIMITED","802-75863","N"
1998789,"INFRARED INFRASTRUCTURE VI (1) SCSP",805-9379032913,"INFRARED CAPITAL PARTNERS LIMITED","802-75863","N"
1998789,"INFRARED CIV (US  RENEWABLES) LP",805-8058898288,"INFRARED CAPITAL PARTNERS LIMITED","802-75863","N"
1978161,"NEW HOLLAND TACTICAL ALPHA FUND LP",805-4079867382,"NEW HOLLAND CAPITAL, LLC","801-74244","N"
2000681,"APAX VIII-A L.P.",805-7489282636,"APAX PARTNERS LLP","802-76186","N"
2000681,"APAX EUROPE VI-1 L.P.",805-4110382366,"APAX PARTNERS LLP","802-76186","N"
2000681,"APAX EUROPE VI-A L.P.",805-8848710876,"APAX PARTNERS LLP","802-76186","N"
2000681,"APAX EUROPE VII-1 L.P.",805-5336302266,"APAX PARTNERS LLP","802-76186","N"
2000681,"APAX EUROPE VII-A L.P.",805-6037980581,"APAX PARTNERS LLP","802-76186","N"
2000681,"APAX EUROPE VII-B L.P",805-4757500349,"APAX PARTNERS LLP","802-76186","N"
2000681,"APAX VIII-B L.P.",805-8045917510,"APAX PARTNERS LLP","802-76186","N"
2000681,"AMI OPPORTUNITIES - A L.P",805-3189335081,"APAX PARTNERS LLP","802-76186","N"
2000681,"APAX GLOBAL ALPHA, LTD",805-9068353589,"APAX PARTNERS LLP","802-76186","N"
2000681,"APAX IX EUR L.P.",805-8134654118,"APAX PARTNERS LLP","802-76186","N"
2000681,"APAX IX USD L.P.",805-8463470837,"APAX PARTNERS LLP","802-76186","N"
2000681,"APAX DIGITAL L.P.",805-1827409651,"APAX PARTNERS LLP","802-76186","N"
2000681,"APAX X EUR L.P.",805-8128138448,"APAX PARTNERS LLP","802-76186","N"
2000681,"APAX X USD LP",805-1370510574,"APAX PARTNERS LLP","802-76186","N"
2000681,"APAX DIGITAL II L.P.",805-9438045253,"APAX PARTNERS LLP","802-76186","N"
2000681,"APAX CREDIT OPPORTUNITIES SCSP",805-2187946416,"APAX PARTNERS LLP","802-76186","N"
2000681,"APAX GLOBAL IMPACT L.P.",805-4632419949,"APAX PARTNERS LLP","802-76186","N"
2000681,"APAX GLOBAL IMPACT SCSP",805-6183927688,"APAX PARTNERS LLP","802-76186","N"
2000681,"APAX XI USD LP",805-7865452900,"APAX PARTNERS LLP","802-76186","N"
2000681,"AMI OPPORTUNITIES II-A LP",805-9000636288,"APAX PARTNERS LLP","802-76186","N"
2000681,"APAX XI EUR L.P.",805-9996164155,"APAX PARTNERS LLP","802-76186","N"
2000681,"APAX CREDIT EDGE III L.P.",805-8202417694,"APAX PARTNERS LLP","802-76186","N"
1997048,"PEPPERTREE CAPITAL INSURANCE FUND SERIES INTERESTS OF THE SALI MULTI-SERIES FUND, L.P.",805-1844017349,"SALI FUND SERVICES","801-61702","N"
1996283,"CORNER PROTAGONIST HLCN SPV I LP",805-3852767217,"PROTAGONIST MANAGEMENT LLC","802-126860","N"
1996283,"CORNER PROTAGONIST TEN SPV I LP",805-1257886867,"PROTAGONIST MANAGEMENT LLC","802-126860","N"
1996283,"CORNER PROTAGONIST TEN SPV I-C LP",805-4745173400,"PROTAGONIST MANAGEMENT LLC","802-126860","N"
1999018,"CENTERBRIDGE SEAPORT ACQUISITION FUND, L.P.",805-1990934849,"CENTERBRIDGE PARTNERS, L.P.","801-73876","N"
1998726,"SCHF (M) PV, L.P.",805-7919466515,"SCHF (GPE), LLC","801-73343","N"
1997445,"ABS DIRECT EQUITY FUND LLC - ASIA SERIES 10",805-6074055271,"ABS GLOBAL INVESTMENTS","801-62188","N"
1995115,"RLP FUND, LP",805-5209709759,"APOGEM CAPITAL LLC","801-118844","N"
1995115,"RLP CO-INVESTMENT FUND, LP",805-8356474669,"APOGEM CAPITAL LLC","801-118844","N"
1995115,"RLP FUND II, LP",805-5661981893,"APOGEM CAPITAL LLC","801-118844","N"
1996834,"BLACKSTONE ANNEX MASTER FUND L.P.",805-4135193975,"BLACKSTONE ALTERNATIVE ASSET MANAGEMENT L.P.","801-52559","N"
1998020,"NEW HOLLAND TACTICAL ALPHA FUND LP",805-4079867382,"NEW HOLLAND CAPITAL, LLC","801-74244","N"
1992359,"BLUE OWL NET LEASE INSURANCE DEDICATED FUND SERIES INTERESTS OF THE SALI MULTI-SERIES FUND, L.P.",805-6409048613,"SALI FUND SERVICES","801-61702","N"
1992359,"TOWNSEND CORE REAL ESTATE FUND-US, L.P.",805-6715902965,"TOWNSEND HOLDINGS LLC","801-72968","N"
1995427,"WM ALTERNATIVES WNT TREND FUND LTD",805-8270223960,"WILSHIRE","801-36233","N"
1995427,"WNT SPC - CMAP TREND WNT FUND SP",805-8088460831,"WILSHIRE","801-36233","N"
1996896,"ANDURAND CLIMATE AND ENERGY TRANSITION MASTER FUND",805-3591872910,"ANDURAND CAPITAL MANAGEMENT LTD.","802-126981","N"
1996896,"ANDURAND COMMODITIES DISCRETIONARY MASTER FUND LTD",805-3782957430,"ANDURAND CAPITAL MANAGEMENT LTD.","802-126981","N"
1996896,"ANDURAND CLIMATE AND ENERGY TRANSITION FUND LP",805-4077789982,"ANDURAND CAPITAL MANAGEMENT LTD.","802-126981","N"
1996896,"ANDURAND CLIMATE AND ENERGY TRANSITION FUND LTD",805-4571189369,"ANDURAND CAPITAL MANAGEMENT LTD.","802-126981","N"
1996896,"ANDURAND COMMODITIES DISCRETIONARY ENHANCED FUND LP",805-7018503601,"ANDURAND CAPITAL MANAGEMENT LTD.","802-126981","N"
1996896,"ANDURAND COMMODITIES DISCRETIONARY ENHANCED FUND LTD",805-5936668356,"ANDURAND CAPITAL MANAGEMENT LTD.","802-126981","N"
1996896,"ANDURAND COMMODITIES DISCRETIONARY FUND LP",805-3585669936,"ANDURAND CAPITAL MANAGEMENT LTD.","802-126981","N"
1996896,"ANDURAND COMMODITIES DISCRETIONARY FUND LTD",805-6714914335,"ANDURAND CAPITAL MANAGEMENT LTD.","802-126981","N"
1996896,"ANDURAND COMMODITIES MASTER FUND LTD",805-2566209192,"ANDURAND CAPITAL MANAGEMENT LTD.","802-126981","N"
1996896,"ANDURAND COMMODITIES FUND LP",805-3277477704,"ANDURAND CAPITAL MANAGEMENT LTD.","802-126981","N"
1996896,"ANDURAND COMMODITIES FUND LTD",805-5367376639,"ANDURAND CAPITAL MANAGEMENT LTD.","802-126981","N"
1995858,"GLOBAL MANAGER FOCUSED GROWTH SEGREGATED PORTFOLIO",805-3824555850,"UNIMAR","801-108974","N"
1990156,"HUDSON EDGE TRINITY STREET INTERNATIONAL EQUITY FUND, LP",805-4754226569,"HUDSON EDGE INVESTMENT PARTNERS, INC.","801-19314","N"
2000011,"BOOTHBAY ABSOLUTE RETURN STRATEGIES, LP",805-5663558974,"BOOTHBAY FUND MANAGEMENT","801-80018","N"
2000011,"CORBIN OPPORTUNITY FUND, L.P.",805-6674336634,"CORBIN CAPITAL PARTNERS, L.P.","801-63358","N"
2000011,"CORBIN HEDGED EQUITY FUND, L.P.",805-4142684909,"CORBIN CAPITAL PARTNERS, L.P.","801-63358","N"
2000011,"BOOTHBAY DIVERSIFIED ALPHA MASTER FUND LP",805-3035644699,"BOOTHBAY FUND MANAGEMENT","801-80018","N"
2000011,"PINEHURST PARTNERS, LP",805-8233367459,"CORBIN CAPITAL PARTNERS, L.P.","801-63358","N"
2000011,"CORBIN ERISA OPPORTUNITY FUND, L.P.",805-6342800715,"CORBIN CAPITAL PARTNERS, L.P.","801-63358","N"
1997907,"PEPPERTREE CAPITAL INSURANCE FUND SERIES INTERESTS OF THE SALI MULTI-SERIES FUND, L.P.",805-1844017349,"SALI FUND SERVICES","801-61702","N"
1992782,"CQS CREDIT MULTI ASSET FUND A SUB-FUND OF CQS GLOBAL FUNDS (IRELAND) P.L.C.",805-7685080741,"CQS (UK) LLP","802-107009","N"
1997926,"PEPPERTREE CAPITAL INSURANCE FUND SERIES INTERESTS OF THE SALI MULTI-SERIES FUND, L.P.",805-1844017349,"SALI FUND SERVICES","801-61702","N"
1997999,"PRELUDE STRUCTURED ALTERNATIVES MASTER FUND, LP",805-2495224621,"PRELUDE CAPITAL MANAGEMENT, LLC","801-73598","N"
1997999,"405 MSTV I LP",805-4028788721,"NEW HOLLAND CAPITAL, LLC","801-74244","N"
1997999,"BOOTHBAY DIVERSIFIED ALPHA MASTER FUND LP",805-3035644699,"BOOTHBAY FUND MANAGEMENT","801-80018","N"
1997999,"BOOTHBAY ABSOLUTE RETURN STRATEGIES, LP",805-5663558974,"BOOTHBAY FUND MANAGEMENT","801-80018","N"
1992782,"CQS RCR FUND I MASTER (EL) LP",805-1104032058,"CQS (UK) LLP","802-107009","N"
1992782,"CQS RCR FUND I MASTER (DL) LP",805-8690015726,"CQS (UK) LLP","802-107009","N"
1992782,"CQS RCR II FUND AGGREGATOR, LP",805-1989483911,"CQS (UK) LLP","802-107009","N"
1992782,"CQS RCR FUND II MASTER (EL), LP",805-2430444226,"CQS (UK) LLP","802-107009","N"
1992782,"CQS RCR FUND II MASTER (DL), LP",805-4482594743,"CQS (UK) LLP","802-107009","N"
1999841,"ABS ELS MASTER LLC -  LS EUROPE SERIES 1",805-9161169722,"ABS GLOBAL INVESTMENTS","801-62188","N"
1996052,"CAYMAN GLOBAL MACRO FUND LLC",805-3548207787,"DWS INVESTMENT MANAGEMENT AMERICAS, INC.","801-252","N"
1996467,"CAERUS FICC, LLC",805-7365709622,"CAERUS INVESTMENT ADVISORS, LLC","801-110401","N"
1996467,"CRSBB, LLC",805-3014011200,"CAERUS INVESTMENT ADVISORS, LLC","801-110401","N"
1996467,"CAERUS SX SP I LLC",805-2581016273,"CAERUS INVESTMENT ADVISORS, LLC","801-110401","N"
1996467,"CRSCLM, LLC",805-2828880942,"CAERUS INVESTMENT ADVISORS, LLC","801-110401","N"
1996467,"CRSNXT, LLC",805-8292559457,"CAERUS INVESTMENT ADVISORS, LLC","801-110401","N"
1996467,"CRSPIN, LLC",805-2235641504,"CAERUS INVESTMENT ADVISORS, LLC","801-110401","N"
1996467,"CRSSTRP II, LLC",805-6678038568,"CAERUS INVESTMENT ADVISORS, LLC","801-110401","N"
1996467,"CRSSTRP III, LLC",805-6510219996,"CAERUS INVESTMENT ADVISORS, LLC","801-110401","N"
1996467,"CRSSTRP IV, LLC",805-7403740270,"CAERUS INVESTMENT ADVISORS, LLC","801-110401","N"
1996467,"CRSSTRP, LLC",805-8037104698,"CAERUS INVESTMENT ADVISORS, LLC","801-110401","N"
1996467,"CRSUB I, LLC",805-9905341945,"CAERUS INVESTMENT ADVISORS, LLC","801-110401","N"
1996467,"CRSWIN, LLC",805-9066015123,"CAERUS INVESTMENT ADVISORS, LLC","801-110401","N"
1996467,"CRSX III, LLC",805-2839300392,"CAERUS INVESTMENT ADVISORS, LLC","801-110401","N"
1996467,"CRSX IV, LLC",805-1470804668,"CAERUS INVESTMENT ADVISORS, LLC","801-110401","N"
1996467,"CRSX, LLC",805-9828467233,"CAERUS INVESTMENT ADVISORS, LLC","801-110401","N"
1992431,"MAP 240, A SEGREGATED PORTFOLIO OF LMA SPC",805-7823283326,"LIGHTHOUSE INVESTMENT PARTNERS, LLC","801-64978","N"
1992431,"SELECT MARKET ACCESS FUND LTD.",805-7432327029,"TANGENCY CAPITAL INVESTMENT ADVISORY LTD.","801-122403","N"
1992431,"SELECT MARKET OPPORTUNITIES FUND LTD",805-7025203011,"TANGENCY CAPITAL INVESTMENT ADVISORY LTD.","801-122403","N"
1992431,"SELECT TOP LAYER FUND LTD.",805-9227086188,"TANGENCY CAPITAL INVESTMENT ADVISORY LTD.","801-122403","N"
1992431,"HIVEMIND VALIDATION MASTER FUND LP",805-1887956186,"HIVEMIND CAPITAL PARTNERS LLC","801-127830","N"
1992431,"405 MSTV I LP",805-4028788721,"NEW HOLLAND CAPITAL, LLC","801-74244","N"
1992431,"NEW HOLLAND TACTICAL ALPHA FUND LP",805-4079867382,"NEW HOLLAND CAPITAL, LLC","801-74244","N"
1998173,"ARTIV506",805-8375236118,"GOLDMAN SACHS ASSET MANAGEMENT, L.P.","801-37591","N"
1998173,"ARTIF166",805-9742660430,"GOLDMAN SACHS ASSET MANAGEMENT, L.P.","801-37591","N"
1998173,"ARTGV707",805-8783446414,"GOLDMAN SACHS ASSET MANAGEMENT, L.P.","801-37591","N"
1998173,"ARTGV708",805-9762373687,"GOLDMAN SACHS ASSET MANAGEMENT, L.P.","801-37591","N"
1998173,"ARTIV508",805-6897550323,"STIFEL, NICOLAUS & COMPANY, INCORPORATED","801-10746","N"
1998173,"ARTGV710",805-5455650157,"BMO FAMILY OFFICE, LLC","801-56868","N"
1998173,"ARTIV538",805-6773741073,"ICAPITAL ADVISORS, LLC","801-106690","N"
1998173,"ARTTX703",805-3268137712,"GOLDMAN SACHS ASSET MANAGEMENT, L.P.","801-37591","N"
1998173,"ARTIV544",805-8470318764,"PERELLA WEINBERG PARTNERS CAPITAL MANAGEMENT LP","801-67735","N"
1998173,"ARTOG648",805-3489312573,"NEPC, LLC","801-37227","N"
1998173,"ARTGV764",805-4078946448,"MORGAN STANLEY AIP GP LP","801-60699","N"
1998173,"ARTGV767",805-8937240189,"NEPC, LLC","801-37227","N"
1993733,"CEDERBERG GREATER CHINA EQUITY FUND",805-4415829362,"CEDERBERG CAPITAL LIMITED","801-113848","N"
1993733,"CEDERBERG GREATER CHINA EQUITY FUND LP",805-3388221740,"CEDERBERG CAPITAL LIMITED","801-113848","N"
1993733,"CEDERBERG GREATER CHINA EQUITY MASTER FUND",805-6630537190,"CEDERBERG CAPITAL LIMITED","801-113848","N"
1993733,"CEDERBERG SILK ROAD FUND",805-5553122780,"CEDERBERG CAPITAL LIMITED","801-113848","N"
1993733,"CEDERBERG SILK ROAD MASTER FUND",805-6174403964,"CEDERBERG CAPITAL LIMITED","801-113848","N"
1993275,"PPM CLO 2018-1 LTD.",805-7776616146,"PPM LOAN MANAGEMENT COMPANY 2, LLC","801-113539","Y"
1993275,"PPM CLO 2 LTD.",805-5328062334,"PPM LOAN MANAGEMENT COMPANY 2, LLC","801-113539","Y"
1993275,"PPM CLO 3 LTD.",805-2160624544,"PPM LOAN MANAGEMENT COMPANY 2, LLC","801-113539","Y"
1993275,"PPM CLO 4 LTD.",805-5650336997,"PPM LOAN MANAGEMENT COMPANY 2, LLC","801-113539","Y"
1993275,"PPM CLO 5 LTD.",805-8659002315,"PPM LOAN MANAGEMENT COMPANY 2, LLC","801-113539","Y"
1993275,"PPM POMONA CAPITAL HOLDINGS VIII-A, L.P.",805-4238099621,"POMONA CAPITAL","801-69755","N"
1993275,"PPM POMONA CAPITAL HOLDINGS VIII-B, L.P.",805-3422083932,"POMONA CAPITAL","801-69755","N"
1993275,"PPM CLO 6-R LTD.",805-4447266807,"PPM LOAN MANAGEMENT COMPANY 2, LLC","801-113539","Y"
1993275,"PPM CLO 7 LTD.",805-5272212986,"PPM LOAN MANAGEMENT COMPANY 2, LLC","801-113539","Y"
1993275,"PPM CLO 8 LTD.",805-7118241835,"PPM LOAN MANAGEMENT COMPANY 2, LLC","801-113539","Y"
1996215,"SAB2",805-1149115363,"LINCOLN FINANCIAL INVESTMENTS CORPORATION","801-23411","N"
1996215,"CORE MORTGAGE INSURANCE DEDICATED FUND",805-4691098341,"SALI FUND SERVICES","801-61702","N"
1996215,"PEG CORPORATE FINANCE PRIVATE INVESTORS III LLC",805-5421972946,"J.P. MORGAN PRIVATE INVESTMENTS INC.","801-41088","Y"
1996215,"PEG SECONDARY PRIVATE EQUITY INVESTORS LLC",805-9985678890,"J.P. MORGAN PRIVATE INVESTMENTS INC.","801-41088","Y"
1996215,"PEG SECONDARY PRIVATE EQUITY INVESTORS AIV L.P.",805-2026945442,"J.P. MORGAN PRIVATE INVESTMENTS INC.","801-41088","Y"
1996215,"LYNSTONE SPECIAL SITUATIONS FUND (LUX) SCSP",805-8593333133,"JPMORGAN FUNDS LIMITED","801-80071","N"
1996215,"LYNSTONE SPECIAL SITUATIONS MASTER FUND SCSP",805-8296782912,"JPMORGAN FUNDS LIMITED","801-80071","N"
1996215,"PEG INSURANCE DEDICATED FUND 2019 SERIES INTERESTS OF THE SALI MULTI-SERIES FUND, LP",805-8485245301,"SALI FUND SERVICES","801-61702","Y"
1996215,"PEG INSURANCE DEDICATED FUND 2023 OF THE SALI MULTI-SERIES FUND, L.P.",805-9007581463,"SALI FUND SERVICES","801-61702","Y"
1996215,"PEG INSURANCE DEDICATED FUND 2023-II OF THE SALI MULTI-SERIES FUND, L.P.",805-2811677708,"SALI FUND SERVICES","801-61702","Y"
1996215,"PEG INSURANCE DEDICATED FUND 2024 OF THE SALI MULTI-SERIES FUND, L.P.",805-4484486633,"SALI FUND SERVICES","801-61702","Y"
1997294,"WALLEYE MANAGER OPPORTUNITIES LLC",805-7359352320,"WALLEYE CAPITAL LLC","801-113731","N"
1997294,"CORBIN HEDGED EQUITY FUND LP",805-4142684909,"CORBIN CAPITAL PARTNERS, L.P.","801-63358","N"
1993948,"CORBIN ERISA OPPORTUNITY FUND LTD",805-6342800715,"CORBIN CAPITAL PARTNERS, L.P.","801-63358","N"
1996274,"ALTAIR CHP FUND II, LLC",805-3091494828,"CRESSET ASSET MANAGEMENT, LLC","801-110753","N"
1996274,"ALTAIR CHP FUND, LLC",805-1391804716,"CRESSET ASSET MANAGEMENT, LLC","801-110753","N"
1993948,"CORBIN OPPORTUNITY FUND, L.P.",805-1470962946,"CORBIN CAPITAL PARTNERS, L.P.","801-63358","N"
1993948,"ROCK BLUFF STRATEGIC FIXED INCOME PARTNERSHIP, LP",805-7633076200,"TOLLESON PRIVATE WEALTH MANAGEMENT","801-57641","N"
1993948,"GOLDENTREE INSURANCE FUND SERIES INTERESTS OF THE SALI MULTI-SERIES FUND LP",805-6887336548,"SALI FUND SERVICES","801-61702","N"
1994851,"PEPPERTREE CAPITAL INSURANCE FUND SERIES INTERESTS OF THE SALI MULTI-SERIES FUND, L.P.",805-1844017349,"SALI FUND SERVICES","801-61702","N"
1999927,"EXCHANGE PLACE LP",805-3891503385,"GOLDMAN SACHS ASSET MANAGEMENT, L.P.","801-37591","Y"
1999927,"EXCHANGE PLACE: ALL CAP LP",805-4027616710,"GOLDMAN SACHS ASSET MANAGEMENT, L.P.","801-37591","Y"
1995116,"CAERUS FICC, LLC",805-7365709622,"CAERUS INVESTMENT ADVISORS, LLC","801-110401","N"
1995116,"CRSBB, LLC",805-3014011200,"CAERUS INVESTMENT ADVISORS, LLC","801-110401","N"
1995116,"CAERUS SX SP I LLC",805-2581016273,"CAERUS INVESTMENT ADVISORS, LLC","801-110401","N"
1995116,"CRSCLM, LLC",805-2828880942,"CAERUS INVESTMENT ADVISORS, LLC","801-110401","N"
1995116,"CRSSTRP III, LLC",805-6510219996,"CAERUS INVESTMENT ADVISORS, LLC","801-110401","N"
1995116,"CRSNXT, LLC",805-8292559457,"CAERUS INVESTMENT ADVISORS, LLC","801-110401","N"
1995116,"CRSPIN, LLC",805-2235641504,"CAERUS INVESTMENT ADVISORS, LLC","801-110401","N"
1995116,"CRSSTRP II, LLC",805-6678038568,"CAERUS INVESTMENT ADVISORS, LLC","801-110401","N"
1995116,"CRSSTRP IV, LLC",805-7403740270,"CAERUS INVESTMENT ADVISORS, LLC","801-110401","N"
1995116,"CRSSTRP, LLC",805-8037104698,"CAERUS INVESTMENT ADVISORS, LLC","801-110401","N"
1995116,"CRSUB I, LLC",805-9905341945,"CAERUS INVESTMENT ADVISORS, LLC","801-110401","N"
1995116,"CRSWIN, LLC",805-9066015123,"CAERUS INVESTMENT ADVISORS, LLC","801-110401","N"
1995116,"CRSX III, LLC",805-2839300392,"CAERUS INVESTMENT ADVISORS, LLC","801-110401","N"
1995116,"CRSX IV, LLC",805-1470804668,"CAERUS INVESTMENT ADVISORS, LLC","801-110401","N"
1995116,"CRSX, LLC",805-9828467233,"CAERUS INVESTMENT ADVISORS, LLC","801-110401","N"
1983684,"NINETY ONE AFRICA CREDIT OPPORTUNITIES FUND 2 SCSP",805-3607905774,"NINETY ONE LUXEMBOURG S.A.","802-108477","Y"
1983684,"NINETY ONE GLOBAL STRATEGY FUND - US DOLLAR MONEY FUND",805-5125951977,"NINETY ONE LUXEMBOURG S.A.","802-108477","Y"
1983684,"NINETY ONE GLOBAL ALTERNATIVE FUND 2 SCSP-RAIF - AFRICA CREDIT OPPORTUNITIES FUND 3A",805-5015076169,"NINETY ONE LUXEMBOURG S.A.","802-108477","Y"
1995311,"ABS DIRECT EQUITY FUND, LLC, JAPAN SERIES 3",805-6786479856,"ABS GLOBAL INVESTMENTS","801-62188","N"
1989220,"FUNDSMITH EQUITY FUND, L.P.",805-4487796467,"FUNDSMITH, LLP","801-79120","N"
2000547,"CORUNDUM MANAGED EQUITY FUND AI LLC",805-6927558559,"CORUNDUM GROUP, INC.","801-42281","N"
2000547,"CORUNDUM MANAGED EQUITY FUND QP LLC",805-6780062866,"CORUNDUM GROUP, INC.","801-42281","N"
2000547,"CORUNDUM INCOME FUND QP LLC",805-8196921760,"CORUNDUM GROUP, INC.","801-42281","N"
1989220,"FUNDSMITH SUSTAINABLE EQUITY FUND, L.P.",805-4705292292,"FUNDSMITH, LLP","801-79120","N"
1999438,"COLLER INTERNATIONAL PARTNERS VI FEEDER FUND E, L.P.",805-8554176647,"COLLER INVESTMENT MANAGEMENT LTD","801-56222","N"
1999438,"COLLER INTERNATIONAL PARTNERS VI FEEDER FUND, L.P.",805-8094908349,"COLLER INVESTMENT MANAGEMENT LTD","801-56222","N"
1999438,"COLLER INTERNATIONAL PARTNERS VI, L.P.",805-2994917787,"COLLER INVESTMENT MANAGEMENT LTD","801-56222","N"
1999438,"COLLER INTERNATIONAL PARTNERS VII FEEDER FUND, L.P.",805-2560975531,"COLLER INVESTMENT MANAGEMENT LTD","801-56222","N"
1999438,"COLLER INTERNATIONAL PARTNERS VII, L.P.",805-5424770464,"COLLER INVESTMENT MANAGEMENT LTD","801-56222","N"
1999438,"COLLER INTERNATIONAL PARTNERS VIII, L.P.",805-7542708988,"COLLER INVESTMENT MANAGEMENT LTD","801-56222","N"
1999438,"COLLER INTERNATIONAL PARTNERS VIII FEEDER FUND, L.P.",805-9260275972,"COLLER INVESTMENT MANAGEMENT LTD","801-56222","N"
1999438,"COLLER CREDIT OPPORTUNITIES I - ANNEX I, SLP",805-9078657644,"COLLER CAPITAL LIMITED","802-75969","N"
1999438,"COLLER CREDIT OPPORTUNITIES I - A, L.P.",805-3231972221,"COLLER CREDIT SECONDARIES INVESTMENT MANAGEMENT LIMITED","802-123476","N"
1999438,"COLLER CREDIT OPPORTUNITIES I - B, L.P.",805-5108184435,"COLLER CREDIT SECONDARIES INVESTMENT MANAGEMENT LIMITED","802-123476","N"
1999438,"COLLER INTERNATIONAL PARTNERS IX, L.P.",805-3909445633,"COLLER INVESTMENT MANAGEMENT LTD","801-56222","N"
1999438,"COLLER INTERNATIONAL PARTNERS IX - A, L.P.",805-4720277338,"COLLER INVESTMENT MANAGEMENT LTD","801-56222","N"
1999438,"COLLER INTERNATIONAL PARTNERS IX - B, L.P.",805-2052534742,"COLLER INVESTMENT MANAGEMENT LTD","801-56222","N"
1999438,"COLLER INTERNATIONAL PARTNERS IX - D, L.P.",805-9192476881,"COLLER INVESTMENT MANAGEMENT LTD","801-56222","N"
1999438,"COLLER INTERNATIONAL PARTNERS IX - E, L.P.",805-8025662646,"COLLER INVESTMENT MANAGEMENT LTD","801-56222","N"
1999438,"COLLER INTERNATIONAL PARTNERS IX -F, L.P.",805-6705151756,"COLLER INVESTMENT MANAGEMENT LTD","801-56222","N"
1999438,"COLLER CREDIT OPPORTUNITIES II - A, L.P.",805-1076388103,"COLLER CREDIT SECONDARIES INVESTMENT MANAGEMENT LIMITED","802-123476","N"
1999438,"COLLER CREDIT OPPORTUNITIES II - B, L.P.",805-8897111059,"COLLER CREDIT SECONDARIES INVESTMENT MANAGEMENT LIMITED","802-123476","N"
1997839,"VALENCE8 DIVERSIFIED (CORE) FUND LTD",805-8139071655,"VALENCE8","801-122837","N"
1997839,"PERSISTENT ASSET X SEGREGATED PORTFOLIO",805-9458553340,"PERSISTENT ASSET PARTNERS LIMITED","802-89175","N"
1998885,"PRELUDE STRUCTURED ALTERNATIVES MASTER FUND, LP",805-2495224621,"PRELUDE CAPITAL MANAGEMENT, LLC","801-73598","N"
1998885,"BOOTHBAY DIVERSIFIED ALPHA MASTER FUND LP",805-3035644699,"BOOTHBAY FUND MANAGEMENT","801-80018","N"
1998885,"BOOTHBAY ABSOLUTE RETURN STRATEGIES, LP",805-5663558974,"BOOTHBAY FUND MANAGEMENT","801-80018","N"
1998885,"MOLECULE MASTER, LP",805-9090725513,"PAAMCO PRISMA, LLC","801-57416","N"
1999664,"PLAINVIEW FUNDS PLC - MACKAY SHIELDS EMERGING MARKETS DEBT PORTFOLIO",805-5333363263,"NYL INVESTMENTS EUROPE LIMITED","802-117758","Y"
2000201,"A-BMC-89-FUND, A SERIES OF AX-STRTAL-FUNDS, LLC",805-9790601815,"ANGELLIST ADVISORS","802-78135","N"
2000201,"IM FUND I, A SERIES OF STRUCTURAL CAPITAL FUNDS, LP",805-8127319213,"ANGELLIST ADVISORS","802-78135","N"
2000201,"CEOF HOLDINGS LP",805-6342800715,"CORBIN CAPITAL PARTNERS, L.P.","801-63358","N"
1997451,"CHEETAH KOREA VALUE FUND",805-6761317996,"CHEETAH INVESTMENT MANAGEMENT LIMITED","802-77871","N"
1995379,"CERBERUS SFR IDF PARTNERS SERIES INTERESTS OF THE SALI MULTI-SERIES FUND, L.P.",805-8800142985,"SALI FUND SERVICES","801-61702","N"
1991866,"DOCKSIDE VANTAGE FUND LP",805-5395477103,"WALLEYE CAPITAL LLC","801-113731","N"
1997665,"DB REAL ESTATE GLOBAL OPPORTUNITIES IB. L.P.",805-2005396818,"DWS INVESTMENT MANAGEMENT AMERICAS, INC.","801-252","N"
1997665,"PAN-EUROPEAN INFRASTRUCTURE FUND III SCSP",805-9992626654,"DWS INVESTMENT S.A.","802-115197","N"
1997665,"INFRAMEWA CO-INVEST, SCSP",805-4497877732,"DWS INVESTMENT S.A.","802-115197","N"
1997665,"COMPASS EUROPEAN INFRASTRUCTURE SCSP",805-3125330400,"DWS INVESTMENT S.A.","802-115197","N"
1997665,"SUSTAINABLE GROWTH INFRASTRUCTURE FUND SCSP SICAV-RAIF",805-4177389056,"DWS INVESTMENT S.A.","802-115197","N"
1997665,"PAN EUROPEAN INFRASTRUCTURE FUND IV SCSP",805-7495348269,"DWS INVESTMENT S.A.","802-115197","N"
1997665,"MELODY MASTER JERSEY LP",805-1240915329,"MELODY GP LIMITED","802-132440","N"
1998068,"KNIGHTS OF COLUMBUS PRIVATE CREDIT FUND, LP",805-6925510506,"KNIGHTS OF COLUMBUS ASSET ADVISORS LLC","801-80844","N"
1998068,"AUDAX CO-INVEST III, L.P.",805-5972179282,"AUDAX PRIVATE EQUITY","801-73306","N"
1998068,"AUDAX TRUST CO-INVEST, L.P.",805-1150421149,"AUDAX PRIVATE EQUITY","801-73306","N"
2000152,"K INDIA OPPORTUNITIES FUND LIMITED (CONSISTENT COMPOUNDERS INDIA  FUNDS)",805-9055689503,"KOTAK MAHINDRA (INTERNATIONAL) LIMITED","802-76440","N"
