"FilingID","Accountant Name","Street 1","Street 2","City","State","Country","Postal Code","Registered PCAOB","PCAOB Number","PCAOB Inspection","Audit","Examination","Report","Unqualified Opinion"
1924845,"WIPFLI LLP","150 S 5HT ST","UNIT 2000","MINNEAPOLIS","MN","United States","55402","Y",344,"Y","N","Y","N",""
1936346,"CLARK SCHAEFER HACKETT CPAS","ONE EAST FOURTH ST. SUITE 1200","","CINCINNATI","OH","United States","45202","Y",539,"Y","Y","Y","N","Yes"
1933941,"EISNER AMPER, LLP","733 THIRD AVENUE","","NEW YORK","NY","United States","10017","Y",274,"Y","Y","N","N","Yes"
1936818,"BAKER TILLY US, LLP","205 NORTH MICHIGAN AVE","","CHICAGO","IL","United States","60601-5927","Y",23,"Y","N","Y","N",""
1939075,"GALAXY ACCOUNTING SERVICES","15260 VENTURA BOULEVARD SUITE 1200","SUITE 165","SHERMAN OAKS","CA","United States","91403","N",,"","N","Y","N",""
1939075,"MOSS ADAMS","101 SECOND STREET SUITE 900","","SAN FRANCISCO","CA","United States","94105","Y",659,"Y","Y","N","Y","Yes"
1941635,"LALLY & CO LLC","5700 CORPORATE DRIVE","SUITE 800","PITTSBURGH","PA","United States","15237","Y",3578,"Y","N","Y","N",""
1936056,"COHNREZNICK LLP","200 SOUTH WACKER DRIVE","SUITE 2600","CHICAGO","IL","United States","60606","Y",596,"Y","Y","N","N","Yes"
1937840,"KATZ, SAPPER & MILLER, LLP","4555 LAKE FOREST DRIVE","SUITE 400","CINCINNATI","OH","United States","45242","Y",2807,"Y","Y","N","Y","Yes"
1939969,"FGMK, LLC","333 W. WACKER DRIVE","6TH FLOOR","CHICAGO","IL","United States","60606","Y",3968,"Y","N","Y","N",""
1934431,"DELOITTE & TOUCHE","555 MISSION STREET","","SAN FRANCISCO","CA","United States","94105","Y",34,"Y","Y","Y","N","Yes"
1938970,"WIPFLI LLP","150 S 5TH ST","UNIT 2000","MINNEAPOLIS","MN","United States","55402","Y",344,"Y","N","Y","N",""
1941734,"DELOITTE AND TOUCHE LLP","655 WEST BROADWAY","SUITE 700","SAN DIEGO","CA","United States","92101","Y",34,"Y","N","Y","Y","No"
1940211,"MOSS ADAMS LLP","999 THIRD AVENUE","SUITE 2800","SEATTLE","WA","United States","98104","Y",659,"Y","Y","N","N","Yes"
1938294,"PRICEWATERHOUSECOOPERS LLP","101 SEAPORT BOULEVARD","","BOSTON","MA","United States","02210","Y",238,"Y","N","Y","Y","Yes"
1938351,"LAVINE, LOFGREN, MORRIS & ENGELBERG, LLP","4180 LA JOLLA VILLAGE DR","STE. 300","LA JOLLA","CA","United States","92037","Y",3496,"Y","N","Y","N",""
1937882,"KPMG LLP","875 THIRD AVENUE","","NEW YORK","NY","United States","10022","Y",185,"Y","Y","N","N","Not Yet Received"
1937882,"PRICEWATERHOUSECOOPERS LLP","1 EMBANKMENT PLACE","","LONDON","","United Kingdom","WC2N 6RH","Y",876,"Y","Y","N","N","Not Yet Received"
1937882,"MAZARS USA LLP","135 W 50TH STREET","","NEW YORK","NY","United States","10020","Y",339,"Y","Y","N","N","Not Yet Received"
1937882,"PRICEWATERHOUSECOOPERS, SOCIETE COOPERATIVE","2 RUE GERHARD","B.P.1443","MERCATOR","","Luxembourg","L-1014","Y",1328,"Y","Y","N","N","Yes"
1937882,"ERNST & YOUNG","62 FORUM LANE","CAMANA  BAY P.O. BOX 510","GRAND CAYMAN","","Cayman Islands","KY1-1106","Y",1655,"Y","Y","N","N","Yes"
1941386,"SPICER JEFFRIES","11780 HIGHWAY 1","SUITE 308","PALM BEACH GARDENS","FL","United States","33408","Y",349,"Y","Y","N","Y","Not Yet Received"
1932629,"CLARK SCHAEFER HACKETT","ONE EAST FOURTH STREET","","CINCINNATI","OH","United States","45202","Y",539,"Y","Y","Y","Y","Yes"
1941893,"KPMG","1676 INTERNATIONAL DRIVE","","MCLEAN","VA","United States","22102","Y",185,"Y","Y","N","N","Yes"
1941893,"RSM US LLP","30 S 17TH ST #710","","PHILADELPHIA","PA","United States","19103","Y",49,"Y","Y","N","N","Yes"
1935500,"PRICEWATERHOUSECOOPERS, LLP","6 CARDINAL WAY","SUITE 1100","ST. LOUIS","MO","United States","63102","Y",238,"Y","N","Y","Y","Yes"
1940057,"PLANTE & MORAN PLLC","27400 NORTHWESTERN HWY","","SOUTHFIELD","MI","United States","48034","Y",166,"Y","N","Y","N",""
1939354,"ASHLAND PARTNERS & COMPANY LLP","3512 EXCEL DR,","SUITE 103","MEDFORD","OR","United States","97504","Y",3783,"Y","N","Y","N",""
1940302,"MALONEY + NOVOTNY LLC","1111 SUPERIOR AVENUE","SUITE 700","CLEVELAND","OH","United States","44114","Y",320,"Y","N","Y","N",""
1935747,"MAGGART CPAS & ADVISORS","1201 DEMONBREUN STREET","SUITE 1220","NASHVILLE","TN","United States","37203","Y",763,"Y","N","Y","N",""
1933545,"ASHLAND PARTNERS & COMPANY LLP","3512 EXCEL DRIVE","SUITE 103","MEDFORD","OR","United States","97504","Y",3783,"N","N","Y","N",""
1940346,"PRICEWATERHOUSE COOPERS LLP","ONE NORTH WACKER","","CHICAGO","IL","United States","60606","Y",238,"Y","N","Y","Y","Yes"
1934200,"GALAXY ACCOUNTING SERVICES, INC","15260 VENTURA BLVD.","SUITE 1200","SHERMAN OAKS","CA","United States","91403","Y",7198,"Y","N","Y","N",""
1946401,"PRICEWATERHOUSECOOPERS LLP","1 N UPPER WACKER DRIVE","","CHICAGO","IL","United States","60606","Y",238,"Y","Y","Y","N","Yes"
1934229,"ASHLAND PARTNERS, LP","525 BIGHAM KNOLL SUITE 200","","JACKSONVILLE","OR","United States","97530","Y",3783,"Y","N","Y","N",""
1943444,"MICHAEL COGLIANESE","300 NORTH STATE STREET","SUITE 5720","CHICAGO","IL","United States","60654","Y",3874,"Y","Y","N","N","No"
1937747,"ROBERT MILNER, CPA","4806 W. GANDY BLVD.","","TAMPA","FL","United States","33611","Y",3289,"Y","N","Y","N",""
1925393,"HBK","100 PINEWOOD LN","STE 201","WARRENDALE","PA","United States","15086","Y",2206,"Y","N","Y","N",""
1944252,"WEAVER AND TIDWELL, LLP","1230 ROSECRANS AVENUE","SUITE 510","MANHATTAN BEACH","CA","United States","90266","Y",410,"Y","N","Y","N",""
1944913,"ASSURANCE DIMENSIONS","4920 W CYPRESS STREET","SUITE 102","TAMPA","FL","United States","33607","Y",5036,"Y","Y","Y","Y","Not Yet Received"
1943787,"WOLF AND COMPANY, P.C.","255 STATE STREET","","BOSTON","MA","United States","02109","Y",392,"Y","N","Y","N",""
1944159,"ASHLAND PARTNERS & COMPANY LLP","3512 EXCEL DRIVE, SUITE 103","","MEDFORD","OR","United States","97504","Y",3783,"Y","N","Y","N",""
1936223,"FREED MAXICK CPAS, P.C.","424 MAIN STREET","SUITE 800","BUFFALO","NY","United States","14202","Y",317,"Y","N","Y","N",""
1940331,"PRICEWATERHOUSECOOPERS LLP","101 SEAPORT BOULEVARD","","BOSTON","MA","United States","02110","Y",238,"Y","Y","Y","Y","Yes"
1940839,"EISNER AMPER","ONE MARKET, LANDMARK, SUITE 620","","SAN FRANCISCO","CA","United States","94105","Y",274,"Y","Y","N","N","Yes"
1941949,"HBK CPAS AND CONSULTANTS","100 PINEWOOD LANE","SUITE 201","WARRENDALE","PA","United States","15086","Y",2206,"Y","N","Y","N",""
1941727,"KPMG LLP","1350 AVENUE OF THE AMERICAS","","NEW YORK","NY","United States","10019","Y",185,"Y","Y","N","N","Not Yet Received"
1941727,"KPMG LLP","P.O. BOX 493","SIX CRICKET SQUARE","GRAND CAYMAN","","Cayman Islands","KY1-1106","Y",1323,"Y","Y","N","N","Not Yet Received"
1925396,"HBK CPAS AND CONSULTANTS","100 PINEWOOD LANE","SUITE 201","WARRENDALE","PA","United States","15086","Y",2206,"Y","N","Y","N",""
1935283,"ROLLERI & SHEPPARD CPAS, LLP","2150 POST ROAD","5TH FLOOR","FAIRFIELD","CT","United States","06824","Y",3437,"Y","N","Y","N",""
1934764,"ERWIN & CO.","6311 RANCH DRIVE","","LITTLE ROCK","AR","United States","72223","Y",3417,"Y","N","Y","N",""
1935215,"WAGNER & ZWERMAN LLP","201 OLD COUNTRY ROAD","SUITE 202","MELVILLE","NY","United States","11747","Y",3374,"Y","N","Y","N",""
1935215,"COHNREZNICK LLP","4 BECKER FARM ROAD","","ROSELAND","NJ","United States","07068","Y",596,"Y","Y","N","N","Yes"
1941950,"HBK","100 PINEWOOD LANE","SUITE 201","WARRENDALE","PA","United States","15086","Y",2206,"N","N","Y","N",""
1940704,"PRICEWATERHOUSECOOPERS LLP","101 SEAPORT BOULEVARD","SUITE 500","BOSTON","MA","United States","02210","Y",238,"Y","Y","Y","Y","Yes"
1935704,"CADE, CRENSHAW & ASSOCIATES, P.C.","2100 SOUTHBRIDGE PKWY","STE 460","BIRMINGHAM","AL","United States","35209","N",,"","N","Y","N",""
1943071,"FRAZIER & DEETER","1230 PEACHTREE STREET, SUITE 1500","","ATLANTA","GA","United States","30309","Y",215,"Y","N","Y","N",""
1940915,"KPMG","PO BOX 493 SIX CRICKET SQUARE","282 SHEDDEN RD.","GEORGETOWN","","Cayman Islands","KY1-1106","Y",1323,"Y","Y","N","N","Not Yet Received"
1940915,"EISNERAMPER US(CAYMAN) LTD","PO BOX 1782, CRICKET SQUARE","171 ELGIN AVENUE","GRAND CAYMAN","","Cayman Islands","KY1-1109","Y",274,"Y","Y","N","N","Not Yet Received"
1940915,"EISNER AMPER LP","733 THIRD AVENUE","","NEW YORK","NY","United States","10017","Y",274,"Y","Y","N","N","Not Yet Received"
1935547,"LALLY & CO.","5700 CORPORATION DRIVE","SUITE 800","PITTSBURGH","PA","United States","15237-5851","Y",3578,"Y","N","Y","N",""
1935576,"EISNER AMPER LLP","750 THIRD AVENUE","","NEW YORK","NY","United States","10017","Y",274,"Y","Y","N","N","Yes"
1933871,"LMHS, P.C.","80 WASHINGTON STREET, BUILDING S","","NORWELL","MA","United States","02061","Y",3373,"Y","Y","N","N","Yes"
1945123,"KPMG, LLP","4200 WELLS FARGO CENTER","90 S. SEVENTH STREET","MINNEAPOLIS","MN","United States","55402","Y",185,"Y","Y","N","N","Yes"
1938143,"WALTER & SHUFFAIN, P.C.","ONE INTERNATIONAL PLACE","SUITE 1010","BOSTON","MA","United States","02110","Y",5439,"Y","N","Y","N",""
1945135,"FORVIS","2700 POST OAK BLVD","SUITE 1500","HOUSTON","TX","United States","77056","Y",686,"Y","N","Y","Y","Yes"
1942201,"SPICER JEFFRIES LLP","5251 S QUEBEC ST","#200","GREENWOOD VILLAGE","CO","United States","80111","Y",349,"Y","Y","N","N","Yes"
1945294,"SPICER JEFFRIES LLP","5251 S. QUEBEC ST.","SUITE 200","GREENWOOD VILLAGE","CO","United States","80111","Y",349,"Y","Y","Y","N","Yes"
1945849,"PRICEWATERHOUSECOOPERS LLP","4100 CORPORATE CENTER DRIVE","SUITE 400","SPRINGDALE","AR","United States","72762","Y",238,"Y","N","Y","N",""
1935302,"RICHEY MAY","9780 S MERIDIAN BLVD","SUITE 500","ENGLEWOOD","CO","United States","80112","Y",673,"Y","Y","Y","Y","Not Yet Received"
1932529,"ERNST & YOUNG LLP","5 TIMES SQUARE","","NEW YORK","NY","United States","10036","Y",42,"Y","Y","N","N","Yes"
1945333,"LALLY & CO., LLC","5700 CORPORATE DRIVE","SUITE 800","PITTSBURGH","PA","United States","15237","Y",3578,"Y","N","Y","N",""
1926896,"WEAVER","2821 WEST 7TH ST","SUITE 700","FORT WORTH","TX","United States","76107","Y",410,"Y","N","Y","N",""
1941002,"HANCOCK ASKEW & CO. LLP","100 RIVERVIEW DRIVE","","SAVANNAH","GA","United States","31404","Y",794,"Y","N","Y","N",""
1945740,"GBQ PARTNERS LLC","230 WEST STREET, SUITE 700","","COLUMBUS","OH","United States","43215","Y",1808,"Y","N","Y","N",""
1935805,"DAVID LUNDGREN & COMPANY","505 N MUR-LEN ROAD","505","OLATHE","KS","United States","66062","Y",6075,"Y","N","Y","N",""
1935819,"PLANTE & MORAN, PLLC","10 SOUTH RIVERSIDE PLAZA","9TH FLOOR","CHICAGO","IL","United States","60606","Y",166,"Y","N","Y","N",""
1929996,"BERKOW SCHECHTER & COMPANY LLP","350 BEDFORD STREET","","STAMFORD","CT","United States","06901","Y",4040,"N","N","Y","N",""
1935585,"PRICEWATERHOUSECOOPERS LLP","300 MADISON AVE","","NEW YORK","NY","United States","10017","Y",238,"Y","Y","N","N","Yes"
1935585,"PRICEWATERHOUSECOOPERS","90 NORTH CHURCH STREET","","GEORGETOWN","","Cayman Islands","","Y",1266,"Y","Y","N","N","Yes"
1931675,"LARRY D. LIBERFARB, P.C.","11 VANDERBILT AVENUE","SUITE 220","NORWOOD","MA","United States","02062","Y",2560,"Y","N","Y","N",""
1936135,"FRAZIER & DEETER","1230 PEACHTREE STREET, SUITE 1500","","ATLANTA","GA","United States","30309","Y",215,"Y","N","Y","N",""
1931611,"DELOITTE & TOUCHE LLP","111 S. WACKER DRIVE","","CHICAGO","IL","United States","60606-4301","Y",34,"Y","N","Y","N",""
1930882,"KELLUM, WILSON & ASSOCIATES, PC","3825 LORNA ROAD","SUITE 212","HOOVER","AL","United States","35244","N",,"N","N","Y","N",""
1939070,"DELOITTE & TOUCHE LLP","555 MISSION STREET","","SAN FRANCISCO","CA","United States","94105","Y",34,"Y","Y","N","N","Not Yet Received"
1937252,"KPMG LLP","10 SOUTH BROADWAY","SUITE 900","SAINT LOUIS","MO","United States","63102-1736","Y",185,"Y","N","Y","Y","Yes"
1933853,"SMITH ELLIOTT KEARNS & COMPANY, LLC","480 N. POTOMAC STREET","","HAGERSTOWN","MD","United States","21740","Y",266,"Y","N","Y","N",""
1939070,"BERKOWER LLC","517 ROUTE ONE, SUITE 4103","","ISELIN","NJ","United States","08830","Y",217,"Y","Y","N","N","Yes"
1935157,"KATZ, ABOSCH, WINDESHEIM, GERSHMAN & FREEDMAN, P.A.","9690 DEERECO ROAD, SUITE 500","","TIMONIUM","MD","United States","21093","N",,"","N","Y","N",""
1942142,"KPMG LLP","SIX CRICKET SQUARE","PO BOX 493","GRAND CAYMAN","","Cayman Islands","KY1-1106","Y",185,"Y","Y","N","N","Yes"
1931128,"SMITH ELLIOTT KEARNS & COMPANY LLC","19405 EMERALD SQUARE","SUITE 1400","HAGERSTOWN","MD","United States","21742","Y",266,"Y","N","Y","N",""
1939458,"EISNERAMPER","ONE LOGAN SQUARE","","PHILADELPHIA","PA","United States","19103","Y",274,"Y","N","Y","N",""
1943026,"JAMES L. HICKEY, CPA PC","170 MAIN STREET - SUITE 110","","TEWKSBURY","MA","United States","01876","N",,"","N","Y","N",""
1933599,"MOORE PROFESSIONAL SERVICES LTD.","SUITE 2206, CASSIA COURT 72 MARKET STREET","CAMANA BAY P.O. BOX 32305","GRAND CAYMAN","","Cayman Islands","","N",,"Y","Y","N","N","Yes"
1933599,"ELLIOTT DAVIS LLC","629 MARKET STREET, SUITE 100","","CHATTANOOGA","TN","United States","37402","Y",149,"Y","Y","N","N","Yes"
1944367,"COHEN & COMPANY","1350 EUCLID AVENUE","SUITE 800","CLEVELAND","OH","United States","44115","Y",925,"Y","N","Y","N",""
1927987,"CBIZ MHM, LLC","222 S. NINTH STREET","SUITE 1000","MINNEAPOLIS","MN","United States","55402","N",,"","N","Y","N",""
1946164,"GBQ PARTNERS LLC","230 WEST STREET, SUITE 700","","COLUMBUS","OH","United States","43215","Y",1808,"Y","N","Y","N",""
1945996,"RBSM, LLP","9442 NORTH CAPITAL OF TEXAS HIGHWAY","NORTH PLAZA, SUITE 500","AUSTIN","TX","United States","78759","Y",587,"Y","N","Y","N",""
1935682,"PRAGER METIS CPAS","401 HACKENSACK AVENUE","4TH FLOOR","HACKENSACK","NJ","United States","07601","Y",273,"Y","N","Y","N",""
1944841,"KPMG","P.O. BOX 493 CENTURY YARD BUILDING","2ND FLOOR","GEORGE TOWN","","Cayman Islands","KY1-1106","Y",1323,"Y","Y","N","N","Yes"
1944841,"KPMG LLP","15 CANADA SQUARE","","LONDON","","United Kingdom","E14 5GL","Y",1118,"Y","Y","N","N","Yes"
1943023,"SPICER JEFFRIES LLP","4601 DTC BLVD, SUITE 700","","DENVER","CO","United States","80237","Y",349,"Y","N","Y","N",""
1931977,"SPICER JEFFRIES LLP","5251 S QUEBEC ST","","GREENWOOD VILLAGE","CO","United States","80111","Y",349,"Y","Y","N","N","Yes"
1937296,"BRAD VAN HOUTEN","1517 E PALM VALLEY BLVD","","ROUND ROCK","TX","United States","78664","N",,"","N","N","Y","No"
1931287,"ARMANINO LLP","6 CITY PLACE DR.  SUITE 900","","ST. LOUIS","MO","United States","63141","Y",32,"Y","N","Y","N",""
1937239,"MOSS ADAMS LLP","14555 DALLAS PARKWAY","SUITE 300","DALLAS","TX","United States","75254","Y",659,"Y","N","Y","N",""
1932319,"DCPA","2121 AVENUE OF THE STARS","SUITE 800","CENTURY CITY","CA","United States","90067","Y",6567,"Y","N","Y","N",""
1927423,"MAYER HOFFMAN MCCANN P.C.","1000 CAMPBELL MITHUN TOWER","222 S. NINTH STREET","MINNEAPOLIS","MN","United States","55402","Y",199,"Y","N","Y","N",""
1936095,"EISNERAMPER","ONE LOGAN SQUARE","","PHILADELPHIA","PA","United States","19103","Y",274,"Y","N","Y","N",""
1937513,"FARMER, FUQUA AND HUFF","2435 N. CENTRAL EXPRESSWAY SUITE 700","","RICHARDSON","TX","United States","75080","N",,"Y","N","Y","N",""
1937616,"PANNELL KERR FOSTER OF TEXAS, PC","5847 SAN FELIPE STREET, SUITE 2600","","HOUSTON","TX","United States","77057","Y",342,"Y","N","Y","N",""
1934671,"PRICEWATERHOUSECOOPERS LLP","ONE NORTH WACKER","","CHICAGO","IL","United States","60606","Y",238,"Y","Y","N","Y","Yes"
1934671,"PRICEWATERHOUSECOOPERS","18 FORUM LANE, CAMANA BAY, P.O. BOX 258","","GRAND CAYMAN","","Cayman Islands","KY1-1104","Y",1266,"Y","Y","N","N","Yes"
1935609,"FARMER, FUQUA AND HUFF","2435 N. CENTRAL EXPRESSWAY SUITE 700","","RICHARDSON","TX","United States","75080","N",,"Y","N","Y","N",""
1934574,"DEMARCO SCIACCOTTA WILKENS & DUNLEAVY, LLP","20646 ABBEY WOODS CT N","SUITE 201","FRANKFORT","IL","United States","60423","Y",5376,"Y","N","Y","N",""
1946287,"ERNST & YOUNG LLP","5 TIMES SQUARE","","NEW YORK","NY","United States","10036","Y",42,"Y","Y","Y","N","Yes"
1946287,"PRICEWATERHOUSECOOPERS","ONE SPENCER DOCK, NORTH WALL QUAY","","DUBLIN","","Ireland","","Y",1366,"Y","Y","N","N","Yes"
1935870,"FRAZIER & DEETER, LLC","600 PEACHTREE STREET N.E.","SUITE 1900","ATLANTA","GA","United States","30308","Y",215,"Y","N","Y","N",""
1946593,"MAYER HOFFMAN MCCANN P.C.","1000 CAMPBELL MITHUN TOWER","222 S. NINTH STREET","MINNEAPOLIS","MN","United States","55402","Y",199,"Y","N","Y","N",""
1943261,"PRICEWATERHOUSECOOPERS, LLP","6 CARDINAL WAY","SUITE 1100","ST. LOUIS","MO","United States","63102","Y",238,"Y","N","Y","Y","Yes"
1943387,"SYMPHONA LLP","1050 CROWN POINT PKWY","SUITE 810","ATLANTA","GA","United States","30338","Y",5829,"Y","N","Y","N",""
1936268,"ASHLAND PARTNERS & COMPANY, LLP","3512 EXCEL DRIVE","SUITE 103","MEDFORD","OR","United States","97504","Y",3783,"Y","N","Y","N",""
1937359,"HUTCHINSON & BLOODGOOD","550 NORTH BRAND BLVD","14TH FLOOR","GLENDALE","CA","United States","91203","Y",261,"Y","N","Y","Y","Yes"
1937044,"KPMG LLP","420 20TH STREET NORTH","SUITE 1800","BIRMINGHAM","AL","United States","35203","Y",185,"Y","Y","N","N","Yes"
1944916,"PRICEWATERHOUSECOOPERS, SOCIÉTÉ COOPERATIVE","2, RUE GERHARD MERCATOR","","LUXEMBOURG","","Luxembourg","L-2182","Y",1328,"Y","Y","N","N","Yes"
1947515,"COHEN & COMPANY","1350 EUCLID AVENUE","SUITE 800","CLEVELAND","OH","United States","44115","Y",925,"Y","N","Y","N",""
1944916,"PRICEWATERHOUSECOOPERS LLP","1100 WALNUT STREET","SUITE 1300","KANSAS CITY","MO","United States","64106","Y",238,"Y","Y","N","N","Yes"
1944916,"PRICEWATERHOUSECOOPERS LLP","TWO COMMERCE SQUARE, 2001 MARKET STREET","SUITE 1800","PHILADELPHIA","PA","United States","19103","Y",238,"Y","Y","N","N","Yes"
1944916,"PRICEWATERHOUSECOOPERS","PWC TOWER, 18 YORK STREET","SUITE 2500","TORONTO","","Canada","M5J 0B2","Y",271,"Y","Y","N","N","Yes"
1944916,"PRICEWATERHOUSECOOPERS","18 FORUM LANE","P.O.BOX 258","CAMANA BAY, GRAND CAYMAN","","Cayman Islands","KY1-1104","Y",1266,"Y","Y","N","N","Yes"
1944916,"PRICEWATERHOUSECOOPERS LLP","101 SEAPORT BOULEVARD","","BOSTON","MA","United States","02210","Y",238,"Y","Y","N","N","Yes"
1948046,"ASHLAND PARTNERS & COMPANY LLP","3512 EXCEL DRIVE, SUITE 103","","MEDFORD","OR","United States","97504","Y",3783,"N","N","Y","N",""
1940481,"ASHLAND PARTNERS & COMPANY LLP","3512 EXCEL DRIVE","SUITE 103","MEDFORD","OR","United States","97504","Y",3783,"Y","N","Y","N",""
1945403,"PRICEWATERHOUSECOOPERS LLP","300 MADISON AVENUE","","NEW YORK","NY","United States","10017-6204","Y",238,"Y","Y","N","N","Not Yet Received"
1929948,"ASHLAND PARTNERS & COMPANY LLP","525 BIGHAM KNOLL","SUITE 200","JACKSONVILLE","OR","United States","97530","Y",3783,"Y","N","Y","N",""
1934553,"CLARK SCHAEFER HACKETT","ONE EAST FOURTH STREET","SUITE 1200","CINCINNATI","OH","United States","45202","Y",539,"Y","N","Y","N",""
1932316,"DAVID LUNDGREN & COMPANY","505 N MUR-LEN ROAD","505","OLATHE","KS","United States","66062","Y",6075,"Y","N","Y","N",""
1935557,"CBIZ, INC.","500 BOYLSTON STREET","","BOSTON","MA","United States","02116","Y",199,"Y","Y","N","N","Yes"
1935557,"PRICEWATERHOUSECOOPERS LLP","101 SEAPORT BLVD","","BOSTON","MA","United States","02210","Y",238,"Y","Y","N","N","Yes"
1935557,"MARCUM LLP","53 STATE STREET","","BOSTON","MA","United States","02109","Y",688,"Y","Y","N","N","Yes"
1935557,"EDELSTEIN & COMPANY","160 FEDERAL STREET","9TH FLOOR","BOSTON","MA","United States","02110","Y",3376,"Y","N","Y","N",""
1928164,"PRICEWATERHOUSE COOPERS LLP","300 MADISON AVE","","NEW YORK","NY","United States","10017","Y",238,"Y","Y","N","N","Yes"
1928164,"KPMG LLP","345 PARK AVENUE","","NEW YORK","NY","United States","10154","Y",185,"Y","Y","N","N","Yes"
1939338,"PRICEWATERHOUSE COOPERS LLP","300 MADISON AVE","","NEW YORK","NY","United States","10017","Y",238,"Y","Y","N","N","Yes"
1939338,"KPMG LLP","345 PARK AVENUE","","NEW YORK","NY","United States","10154","Y",185,"Y","Y","N","N","Yes"
1939068,"WIPFLI LLP","150 S 5HT ST","UNIT 2000","MINNEAPOLIS","MN","United States","55402","Y",344,"Y","N","Y","N",""
1939466,"DELOITTE & TOUCHE LLP","1700 MARKET STREET","","PHILADELPHIA","PA","United States","19103","Y",34,"Y","Y","Y","N","Yes"
1939474,"DELOITTE AUDIT S.A.R.L","REVISEUR D'ENTERPRISES","20, BOULEVARD DE KOCKELSCHEUER","LUXEMBOURG","","Luxembourg","L-1821","Y",1287,"Y","Y","N","N","Yes"
1947185,"DELOITTE & TOUCHE","30 ROCKEFELLER PLAZA","41ST FLOOR","NEW YORK","NY","United States","10112","Y",34,"Y","Y","N","N","Yes"
1947185,"KPMG LLP","15 CANADA SQUARE","CANARY WHARF","LONDON","","United Kingdom","E14 5GL","Y",1118,"Y","Y","N","N","Yes"
1947185,"KPMG LUXEMBOURG","39 AV. JOHN F. KENNEDY","","LUXEMBOURG","","Luxembourg","1855","Y",2831,"Y","Y","N","N","Yes"
1929880,"ELLIOTT DAVIS, LLC","555 WALNUT STREET","SUITE 300","CHATTANOOGA","TN","United States","37402","Y",149,"Y","N","Y","N",""
1939380,"ROLLERI & SHEPPARD CPAS, LLP","2150 POST ROAD","5TH FLOOR","FAIRFIELD","CT","United States","06824","Y",3437,"N","N","Y","N",""
1939433,"DELOITTE & TOUCHE LLP","1700 MARKET STREET","","PHILADELPHIA","PA","United States","19103","Y",34,"Y","Y","N","N","Yes"
1937103,"ASHLAND PARTNERS","4400 LIVINGSTON RD.","","CENTRAL POINT","OR","United States","97502","Y",3783,"N","N","Y","N",""
1939350,"PRICEWATERHOUSECOOPERS LLP","4100 CORPORATE CENTER DRIVE","SUITE 400","SPRINGDALE","AR","United States","72762","Y",238,"Y","N","Y","N",""
1939575,"DELOITTE & TOUCHE LLP","1700 MARKET STREET","","PHILADELPHIA","PA","United States","19103","Y",34,"Y","Y","Y","N","Yes"
1939575,"PRICEWATERHOUSECOOPERS AG","BIRCHSTRASSE 160","","ZURICH","","Switzerland","8050","Y",1358,"Y","Y","N","N","Yes"
1939575,"DELOITTE & TOUCHE LLP","ONE CAPITAL PLACE","PO BOX 1787","GRAND CAYMAN","","Cayman Islands","KY1-1109","Y",1096,"Y","Y","N","N","Yes"
1939575,"DELOITTE IRELAND","EARLSFORT TERRACE","","DUBLIN","","Ireland","2","Y",1193,"Y","Y","N","N","Yes"
1939575,"PRICEWATERHOUSECOOPERS","2, RUE GERHARD MERCATOR","","LUXEMBOURG","","Luxembourg","L-1014","Y",1328,"Y","Y","N","N","Yes"
1939575,"DELOITTE AUDIT SARL","20, BOULEVARD DE KOCKELSCHEUER","","LUXEMBOURG","","Luxembourg","L-1821","Y",1287,"Y","Y","N","N","Yes"
1939575,"PRICEWATERHOUSECOOPERS LTD.","P.O. BOX HM 1171","","HAMILTON","","Bermuda","HM EX","Y",1403,"Y","Y","N","N","Yes"
1939575,"PRICEWATERHOUSECOOPERS","18 FORUM LANE, CAMANA BAY","P.O. BOX 258","GRAND CAYMAN","","Cayman Islands","KY1-1104","Y",1266,"Y","Y","N","N","Yes"
1936035,"BUCKNO, LISICKY & COMPANY","645 HAMILTON STREET","#204","ALLENTOWN","PA","United States","18101","N",,"","N","Y","N",""
1926569,"MALONEY + NOVOTNY LLC","1111 SUPERIOR AVENUE","SUITE 700","CLEVELAND","OH","United States","44114","Y",320,"Y","N","Y","N",""
1939571,"DELOITTE & TOUCHE LLP","1700 MARKET STREET","","PHILADELPHIA","PA","United States","19103","Y",34,"Y","N","Y","N",""
1932560,"ASHLAND PARTNERS & COMPANY, LLP","3512 EXCEL DRIVE","SUITE 103","MEDFORD","OR","United States","97504","Y",3783,"Y","N","Y","N",""
1935725,"COHNREZNICK LLP","4 BECKER FARM ROAD","P.O. BOX 954","ROSELAND","NJ","United States","07068","Y",596,"Y","Y","Y","N","Yes"
1935725,"KPMG LLP","55 SECOND ST","SUITE 1400","SAN FRANCISCO","CA","United States","94105","Y",21,"Y","Y","N","N","Yes"
1933030,"KPMG LLP","AON CENTER","SUITE 5500, 200 E. RANDOLPH STREET","CHICAGO","IL","United States","60601","Y",185,"Y","Y","N","N","Yes"
1939760,"DELOITTE & TOUCHE LLP","695 TOWN CENTER DRIVE","SUITE 1200","COSTA MESA","CA","United States","92626","Y",34,"Y","Y","N","N","Yes"
1935098,"PLANTE MORAN","10 S.. RIVERSIDE PLAZA","","CHICAGO","IL","United States","60606","Y",166,"Y","N","Y","N",""
1932134,"PRICEWATERHOUSECOOPERS LLP","300 MADISON AVE","","NEW YORK","NY","United States","10017","Y",238,"Y","Y","N","N","Not Yet Received"
1932135,"DEMARCO SCIACCOTTA WILKENS & DUNLEAVY, LLP","20646 ABBEY WOODS CT N SUITE 201","","FRANKFORT","IL","United States","60423","Y",5376,"Y","N","Y","N",""
1937895,"MOSS ADAMS LLP","14555 DALLAS PARKWAY","SUITE 300","DALLAS","TX","United States","75254","Y",659,"Y","N","Y","N",""
1936971,"CAVANAUGH NELSON PLC","999 WATERSIDE DRIVE","SUITE 2250","NORFOLK","VA","United States","23510","N",,"","N","Y","N",""
1938201,"MAYER HOFFMAN MCCANN P.C.","1000 CAMPBELL MITHUN TOWER","222 S. NINTH STREET","MINNEAPOLIS","MN","United States","55402","Y",199,"Y","N","Y","N",""
1920666,"CBIZ, INC","730 THIRD AVENUE","","NEW YORK","NY","United States","10017","Y",199,"Y","Y","Y","N","Not Yet Received"
1948207,"MAZARS USA LLP","135 WEST 50TH STREET","13TH FLOOR","NEW YORK","NY","United States","10020","Y",339,"Y","N","Y","N",""
1942939,"FLYNN & COMPANY CPAS","7800 E. KEMPER RD","SUITE 150","CINCINNATI","OH","United States","45249","Y",3876,"Y","N","Y","N",""
1948392,"MARCUM LLP","105 EISENHOWER PARKWAY","SUITE 301","ROSELAND","NJ","United States","07068","Y",688,"Y","Y","Y","N","Yes"
1948392,"PRICEWATERHOUSECOOPERS, LLP","300 MADISON AVENUE","","NEW YORK","NY","United States","10017","Y",238,"Y","Y","N","N","Yes"
1948392,"PRICEWATERHOUSECOOPERS, LLP (CLARION PARTNERS MULTI STRATEGY REAL ESTATE OFFSHORE FUND LP)","18 FORUM LANE","P.O. BOX 258","CAMANA BAY, GRAND CAYMAN","","Cayman Islands","KY1-1104","Y",1266,"Y","Y","N","N","Yes"
1948392,"PRICEWATERHOUSECOOPERS, LLP (CIV PORTFOLIO, LP ONLY)","2121 NORTH PEARL STREET, SUITE 2000","","DALLAS","TX","United States","75201","Y",238,"Y","Y","N","N","Yes"
1948392,"PRICEWATERHOUSECOOPERS, SOCIETE COOPERATIVE","2 RUE GERHARD MERCATOR","","LUXEMBOURG","","Luxembourg","L-2182","Y",1328,"Y","Y","N","N","Yes"
1948392,"RICHEY MAY & CO","9780 S MERIDIAN BLVD.","SUITE 500","ENGLEWOOD","CO","United States","80112","Y",673,"Y","Y","N","N","Yes"
1948365,"WEAVER AND TIDWELL, L.L.P.","2821 W 7TH ST","STE 700","FORT WORTH","TX","United States","76107","Y",410,"Y","Y","Y","N","Not Yet Received"
1935447,"PRICEWATERHOUSECOOPERS","18 FORUM LANE","CAMANA BAY","GEORGE TOWN","","Cayman Islands","KY1-1104","Y",1266,"Y","Y","N","N","Yes"
1935447,"PRICEWATERHOUSECOOPERS LLP","330 MADISON AVE","","NEW YORK","NY","United States","10017","Y",238,"Y","Y","N","N","Yes"
1935540,"WAGNER & ZWERMAN LLP","201 OLD COUNTRY ROAD","SUITE 202","MELVILLE","NY","United States","11747","Y",3374,"Y","N","Y","N",""
1935540,"COHNREZNICK LLP","4 BECKER FARM ROAD","","ROSELAND","NJ","United States","07068","Y",596,"Y","Y","N","N","Yes"
1939703,"KNIGHT, ROLLERI, SHEPPARD CPAS LLP","1499 POST ROAD","SUITE 1040","FAIRFIELD","CT","United States","06824","Y",3437,"Y","N","Y","N",""
1932108,"JENDRACH, DOBOGAI LINDSETH, INC","4811 S. 76TH STREET","SUITE 415","GREENFIELD","WI","United States","53220","N",,"N","N","Y","N",""
1936569,"ASHLAND PARTNERS & COMPANY LLP","3515 EXCEL DRIVE","SUITE 103","MEDFORD","OR","United States","97504","Y",3783,"N","N","Y","N",""
1938381,"ERNST & YOUNG LLP","155 NORTH WACKER DRIVE","23RD FLOOR","CHICAGO","IL","United States","60606","Y",42,"Y","Y","Y","Y","Yes"
1934146,"COHNREZNICK LLP","7501 WISCONSIN AVENUE","SUITE 400E","BETHESDA","MD","United States","20814-6583","Y",596,"Y","Y","N","N","Yes"
1937636,"WITHUMSMITH+BROWN, PC","500 CARNEGIE CENTER, SUITE 400","","PRINCETON","NJ","United States","08540","Y",100,"Y","N","Y","N",""
1934596,"CAVANAUGH NELSON PLC","999 WATERSIDE DRIVE","SUITE 2250","NORFOLK","VA","United States","23510","N",,"","N","Y","N",""
1937838,"MEADEN & MOORE, LTD.","1375 EAST NINTH STREET, SUITE 1800","","CLEVLAND","OH","United States","44114-1790","Y",314,"Y","N","Y","N",""
1938181,"COHEN AND COMPANY, LTD.","1835 MARKET STREET,","SUITE 310","PHILADELPHIA","PA","United States","19103","Y",925,"Y","Y","N","N","Yes"
1931641,"LINDA B. LOUREY","407 E H STREET LOT 2","","DEER PARK","WA","United States","99006","N",,"","N","Y","N",""
1940477,"KPMG LLP","10 SOUTH BROADWAY","SUITE 900","SAINT LOUIS","MO","United States","63102-1736","Y",185,"Y","N","Y","Y","Yes"
1940640,"PKF O'CONNOR DAVIES LLP","245 PARK AVENUE","","NEW YORK","NY","United States","10167","Y",127,"Y","N","Y","N",""
1940581,"PRICEWATERHOUSECOOPERS LLP","PRICEWATERHOUSECOOPERS CENTER","300 MADISON AVENUE","NEW YORK","NY","United States","10017","Y",238,"Y","N","Y","Y","No"
1940734,"PRICEWATERHOUSECOOPERS","101 SEAPORT BOULEVARD","","BOSTON","MA","United States","02210","Y",238,"Y","N","Y","Y","Yes"
1940546,"SC&H GROUP, LLC","910 RIDGEBROOK ROAD","","SPARKS","MD","United States","21152","Y",2297,"Y","Y","Y","N","Yes"
1938671,"WITHUMSMITH+BROWN, PC","200 JEFFERSON PARK","SUITE 400","WHIPPANY","NJ","United States","07981-1054","Y",100,"Y","N","Y","N",""
1940757,"COHEN & COMPANY, LTD","1350 EUCLID AVENUE","SUITE 800","CLEVELAND","OH","United States","44115","Y",925,"Y","Y","N","N","Not Yet Received"
1941409,"ERNST & YOUNG LLP","312 WALNUT ST","SUITE 1900","CINCINNATI","OH","United States","45202","Y",42,"Y","Y","Y","N","Yes"
1941409,"KPMG","312 WALNUT ST","SUITE 3400","CINCINNATI","OH","United States","45202","Y",185,"Y","Y","N","N","No"
1931329,"ARY ROEPCKE MULCHAEY, P.C.","TWO MIRANOVA PLACE, SUITE 600","","COLUMBUS","OH","United States","43215","Y",160,"Y","N","Y","N",""
1936625,"DANNIBLE & MCKEE, LLP","FINANCIAL PLAZA","221 S. WARREN STREET","SYRACUSE","NY","United States","13202-2687","Y",528,"Y","N","Y","Y","Yes"
1932429,"WATKINS UIBERALL, PLLC","1661 AARON BRENNER DRIVE","SUITE 300","MEMPHIS","TN","United States","38120","Y",1738,"Y","N","Y","N",""
1938680,"KPMG LLP","10 SOUTH BROADWAY","SUITE 900","SAINT LOUIS","MO","United States","63102-1736","Y",185,"Y","N","Y","Y","Yes"
1933964,"PLANTE & MORAN, PLLC","10 SOUTH RIVERSIDE PLAZA","9TH FLOOR","CHICAGO","IL","United States","60606","Y",166,"Y","N","Y","N",""
1923347,"EISNERAMPER","100 N. 18TH ST","","PHILADELPHIA","PA","United States","19103","Y",274,"Y","Y","N","N","Yes"
1934858,"JACKSON THORNTON CERTIFIED PUBLIC ACCOUNTANTS/CONSULTANTS","200 COMMERCE STREET","","MONTGOMERY","AL","United States","36104-2591","Y",3559,"N","N","Y","N",""
1937219,"RSM US LLP","ONE SOUTH WACKER DR","SUITE 800","CHICAGO","IL","United States","60606-3392","Y",49,"Y","Y","N","N","Yes"
1946623,"PRICEWATERHOUSECOOPERS","300 MADISON AVENUE","","NEW YORK","NY","United States","10017","Y",238,"Y","Y","N","N","Yes"
1931120,"RSM US LLP","555 17TH STREET","UNIT 1200","DENVER","CO","United States","80202","Y",49,"Y","Y","N","N","Not Yet Received"
1943081,"KPMG LLP","200 E. RANDOLPH ST.","SUITE 5500","CHICAGO","IL","United States","60601-6436","Y",185,"Y","N","Y","N",""
1926129,"SCHARF PERA & CO., PLLC","4600 PARK ROAD","SUITE 112","CHARLOTTE","NC","United States","28209","Y",28,"Y","Y","N","N","Not Yet Received"
1946676,"GENTRY MARCUS CPA. P.C>","88 FROEHLICH FARM BLVD.","3RD FLOOR","WOODBURY","NY","United States","11797","Y",4034,"Y","N","Y","Y","Yes"
1946703,"BAUER & COMPANY, LLC","5910 WEST COURTYARD DRIVE","","AUSTIN","TX","United States","78731","Y",6072,"Y","N","Y","N",""
1923347,"PLANTE MORAN","10 SOUTH RIVERSIDE PLAZA 9TH FLOOR","","CHICAGO","IL","United States","60606-3770","Y",166,"Y","N","Y","N",""
1923347,"DELOITTE & TOUCHE LLP","1700 MARKET STREET","","PHILADELPHIA","PA","United States","19103-3984","Y",34,"Y","Y","N","N","Yes"
1923347,"ERNST & YOUNG LLP","ONE MANHATTAN WEST","395 - 9TH AVENUE","NEW YORK","NY","United States","10001","Y",42,"Y","Y","N","N","Yes"
1919052,"PLANTE MORAN","10 S. RIVERSIDE PLAZA","9TH FLOOR","CHICAGO","IL","United States","60606","Y",166,"Y","N","Y","N",""
1941472,"BAKER TILLY VIRCHOW KRAUSE, LLP","225 SOUTH SIXTH STREET","SUITE 2300","MINNEAPOLIS","MN","United States","55402","Y",23,"Y","N","Y","N",""
1942302,"SPICER JEFFRIES, LLP","5251 S. QUEBEC ST.","STE 200","GREENWOOD VILLAGE","CO","United States","80111","Y",349,"Y","Y","Y","N","Yes"
1942302,"BAUER & COMPANY, LLC","PO BOX 27887","","AUSTIN","TX","United States","78755","Y",6072,"Y","N","Y","N",""
1942488,"KPMG LLP","ONE FINANCIAL PLAZA","755 MAIN STREET","HARTFORD","CT","United States","06103","Y",185,"Y","N","Y","N",""
1942513,"MOUNTJOY CHILTON MEDLEY LLP","201 EAST FIFTH STREET","SUITE 2100","CINCINNATI","OH","United States","45202","Y",2276,"Y","N","Y","N",""
1932870,"PLANTE & MORAN , PLLC","225 W. WASHINGTON STREET","SUITE 270C","CHICAGO","IL","United States","60606","Y",166,"Y","N","Y","N",""
1942491,"DELOITTE & TOUCHE","555 MISSION STREET","","SAN FRANCISCO","CA","United States","94105","Y",34,"Y","Y","Y","N","Yes"
1942712,"FRAZIER & DEETER","1230 PEACHTREE STREET","SUITE 1500","ATLANTA","GA","United States","30309","Y",215,"Y","N","Y","N",""
1948385,"DELOITTE & TOUCHE LLP","1700 MARKET STREET","","PHILADELPHIA","PA","United States","19103","Y",34,"Y","Y","Y","N","Yes"
1948385,"PRICEWATERHOUSECOOPERS AG","BIRCHSTRASSE 160","","ZURICH","","Switzerland","8050","Y",1358,"Y","Y","N","N","Yes"
1948385,"DELOITTE & TOUCHE LLP","ONE CAPITAL PLACE","PO BOX 1787","GRAND CAYMAN","","Cayman Islands","KY1-1109","Y",1096,"Y","Y","N","N","Yes"
1948385,"DELOITTE IRELAND","EARLSFORT TERRACE","","DUBLIN","","Ireland","2","Y",1193,"Y","Y","N","N","Yes"
1948385,"PRICEWATERHOUSECOOPERS","2, RUE GERHARD MERCATOR","","LUXEMBOURG","","Luxembourg","L-1014","Y",1328,"Y","Y","N","N","Yes"
1948385,"DELOITTE AUDIT SARL","20, BOULEVARD DE KOCKELSCHEUER","","LUXEMBOURG","","Luxembourg","L-1821","Y",1287,"Y","Y","N","N","Yes"
1948385,"PRICEWATERHOUSECOOPERS LTD.","P.O. BOX HM 1171","","HAMILTON","","Bermuda","HM EX","Y",1403,"Y","Y","N","N","Yes"
1948385,"PRICEWATERHOUSECOOPERS","18 FORUM LANE, CAMANA BAY","P.O. BOX 258","GRAND CAYMAN","","Cayman Islands","KY1-1104","Y",1266,"Y","Y","N","N","Yes"
1947329,"DELOITTE & TOUCHE LLP","2200 ROSS AVENUE","SUITE 1600","DALLAS","TX","United States","75201","Y",34,"Y","Y","N","N","Yes"
1927777,"GBQ PARTNERS","230 WEST STREET, SUITE 700","","COLUMBUS","OH","United States","43215","Y",1808,"Y","N","Y","N",""
1933327,"KATZ, SAPPER & MILLER LLP","800 E 96TH STREET","STE 500","INDIANAPOLIS","IN","United States","46240","Y",2804,"Y","N","Y","N",""
1939261,"MCSOLEY MCCOY & CO.","118 TILLEY DRIVE","SUITE 202","SOUTH BURLINGTON","VT","United States","05403","Y",803,"Y","N","Y","N",""
1939608,"MMB CO.","11 BRITISH AMERICAN BLVD","","LATHAM","NY","United States","12110","Y",557,"N","N","Y","Y","Yes"
1920592,"MARCUM LLP","1 MONTGOMERY STREET","SUITE 1700","SAN FRANCISCO","CA","United States","94104","Y",688,"Y","N","Y","N",""
1943075,"DELOITTE & TOUCHE","555 MISSION STREET","","SAN FRANCISCO","CA","United States","94105","Y",34,"Y","Y","Y","N","Yes"
1931810,"TAIT, WELLER & BAKER LLP","TWO LIBERTY PLACE","50 SOUTH 16TH STREET, SUITE 2900","PHILADELPHIA","PA","United States","19102-2529","Y",445,"Y","N","Y","N",""
1935106,"PRICEWATERHOUSECOOPERS","300 MADISON AVENUE","","NEW YORK","NY","United States","10017","Y",238,"Y","N","Y","Y","No"
1935112,"BDO SEIDMAN, LLP","1888 CENTURY PARK EAST","4TH FLOOR","LOS ANGELES","CA","United States","90067","Y",243,"Y","Y","N","N","Yes"
1940469,"PRICEWATERHOUSECOOPERS LLP","1100 WALNUT STREET, STE. 1300","","KANSAS CITY","MO","United States","64106","Y",238,"Y","Y","N","N","Yes"
1940469,"PRICEWATERHOUSECOOPERS","18 FORUM LANE, CAMANA BAY","P.O. BOX 258","GRAND CAYMAN","","Cayman Islands","KY1-1104","Y",1266,"Y","Y","N","N","Yes"
1943777,"DELOITTE & TOUCHE LLP","20 BOULEVARD DE KOCKELSCHEUER","","LUXEMBOURG CITY","","Luxembourg","L-1821","Y",34,"Y","Y","N","N","Yes"
1943777,"DELOITTE & TOUCHE LLP","191 PEACHTREE STREET NE","SUITE 2000","ATLANTA","GA","United States","30303-1943","Y",34,"Y","Y","N","N","Yes"
1943777,"DELOITTE & TOUCHE LLP","TOUR MAJUNGA, 6 PLACE DE LA PYRAMIDE","PARIS-LA-DÉFENSE CEDEX","PUTEAUX","","France","92908","Y",34,"Y","Y","N","N","Yes"
1944117,"HBK","100 PINEWOOD LN","STE 201","WARRENDALE","PA","United States","15086","Y",2206,"Y","N","Y","N",""
1943143,"GBQ PARTNERS LLC","230 WEST STREET","SUITE 700","COLUMBUS","OH","United States","43215","Y",1808,"Y","N","Y","N",""
1943201,"SPICER JEFFRIES","11780 HIGHWAY 1","SUITE 308","PALM BEACH GARDENS","FL","United States","33408","Y",349,"Y","Y","N","Y","Not Yet Received"
1921187,"COHEN AND COMPANY","342 W. WATER STREET","SUITE 830","MILWAUKEE","WI","United States","53202","Y",925,"Y","N","Y","N",""
1943009,"PRICEWATERHOUSE COOPERS","18 FORUM LANE","","CAMANA BAY","","Cayman Islands","","Y",1266,"Y","Y","N","N","Yes"
1926032,"DEAN DORTON ALLEN FORD PLLC","250 W MAIN ST","STE 1400","LEXINGTON","KY","United States","40507","Y",3895,"Y","N","Y","N",""
1936359,"DELOITTE & TOUCHE LLP","30 ROCKEFELLER PLAZA","","NEW YORK","NY","United States","10112","Y",34,"Y","N","Y","Y","Yes"
1928663,"ASHLAND PARTNERS & COMPANY LLP","3512 EXCEL DR.","STE 103","MEDFORD","OR","United States","97504","Y",3783,"Y","N","Y","N",""
1946086,"GBQ PARTNERS LLC","230 WEST STREET","SUITE 700","COLUMBUS","OH","United States","43215","Y",1808,"Y","N","Y","N",""
1944107,"THE BAKER GROUP","1504 17TH AVE S","","NASHVILLE","TN","United States","37212","Y",3434,"Y","N","Y","N",""
1930572,"PRICEWATERHOUSECOOPERS","300 MADISON AVE","7 CHURCH STREET","NEW YORK","NY","United States","10017","Y",1403,"Y","Y","Y","N","Yes"
1930572,"KPMG","LODHA EXCELUS, APOLLO MILLS COMPOUND","","MUMBAI","","India","400011","Y",2115,"Y","N","N","Y","Yes"
1930572,"DELOITTE & TOUCHE","EARSFORT TERRACE","","DUBLIN","","Ireland","2","Y",1193,"Y","Y","Y","N","Yes"
1945963,"GREER WALKER, LLP","227 WEST TRADE ST","SUITE 1100","CHARLOTTE","NC","United States","28202","Y",2324,"Y","N","Y","Y","Yes"
1946123,"KPMG LLP","201 MAIN STREET","SUITE 2200","FORT WORTH","TX","United States","76102","Y",185,"Y","Y","Y","N","Yes"
1941192,"CROWE HORWATH LLP","ONE MID AMERICA PLAZA","","OAK BROOK TERRACE","IL","United States","60181-4450","Y",173,"Y","N","Y","N",""
1936506,"GALAXY ACCOUNTING SERVICES","15260 VENTURA BOULEVARD SUITE 1200","SUITE 165","SHERMAN OAKS","CA","United States","91403","N",,"","N","Y","N",""
1936506,"MOSS ADAMS","101 SECOND STREET SUITE 900","","SAN FRANCISCO","CA","United States","94105","Y",659,"Y","Y","N","Y","Yes"
1936517,"ASSURANCE DIMENSIONS","4920 W CYPRESS STREET","SUITE 102","TAMPA","FL","United States","33607","Y",5036,"Y","N","Y","Y","Not Yet Received"
1936961,"FARMER, FUQUA AND HUFF","2435 N. CENTRAL EXPRESSWAY SUITE 700","","RICHARDSON","TX","United States","75080","N",,"Y","N","Y","N",""
1935906,"BAKER TILLY US, LLP","2500 DALLAS PARKWAY, SUITE 300","","PLANO","TX","United States","75093","Y",23,"Y","N","Y","N",""
1935906,"SPICER JEFFRIES LLP","5251 S. QUEBEC ST., SUITE 200","","GREENWOOD VILLAGE","CO","United States","80111","Y",349,"Y","Y","N","N","Yes"
1935906,"FRANK, RIMERMAN + CO, LLP","60 SOUTH MARKET STREET","SUITE 500","SAN JOSE","CA","United States","95113","Y",1596,"Y","Y","N","N","Yes"
1946209,"PRICEWATERHOUSECOOPERS LLP","300 MADISON AVENUE","","NEW YORK","NY","United States","10017","Y",238,"Y","Y","N","N","Yes"
1944711,"LARRY LIBERFARB, P.C.","11 VANDERBILT AVE.","SUITE 220","NORWOOD","MA","United States","02062","N",,"N","N","Y","N",""
1943859,"SPICER JEFFRIES LLP","5251 S. QUEBEC ST.","SUITE 200","GREENWOOD VILLAGE","CO","United States","80111","Y",349,"Y","Y","Y","N","Yes"
1939007,"SANDRO NÄF OF GLOOR & MEIER TREUHAND GMBH","BLEGISTRASSE 3","","BAAR","","Switzerland","6341","N",,"","N","Y","N",""
1938823,"BAKER TILLY US, LLP","225 S SIXTH STREET","SUITE 2300","MINNEAPOLIS","MN","United States","55402","Y",23,"Y","N","Y","N",""
1932089,"BPM","ONE CALIFORNIA STREET","SUITE 2500","SAN FRANCISCO","CA","United States","94111","Y",207,"Y","N","Y","N",""
1939789,"BDO USA, LLP","1801 MARKET ST","SUITE 1700","PHILADELPHIA","PA","United States","19103","Y",243,"Y","Y","N","Y","Yes"
1945456,"RSM US LLP","ONE SOUTH WACKER DRIVE","SUITE 800","CHICAGO","IL","United States","60606","Y",49,"Y","Y","N","N","Not Yet Received"
1937147,"WEAVER AND TIDWELL, L.L.P.","ONE EMBARCADERO CENTER, SUITE 2410","","HOUSTON","TX","United States","94111","Y",410,"Y","Y","N","N","Not Yet Received"
1936863,"DEMARCO SCIACCOTTA WILKENS & DUNLEAVY, LLP","20646 ABBEY WOODS CT. N.","SUITE 201","FRANKFORT","IL","United States","60423","Y",5376,"Y","N","Y","N",""
1935480,"PRICEWATERHOUSECOOPERS LLP","300 MADISON AVENUE","","NEW YORK","NY","United States","10017","Y",238,"Y","Y","N","N","Yes"
1935480,"PRICEWATERHOUSECOOPERS","18 FORUM LANE","CAMANA BAY, P.O. BOX 258","GRAND CAYMAN","","Cayman Islands","","Y",1266,"Y","Y","N","N","Yes"
1935480,"BAKER TILLY TFW LLP","600 NORTH BRIDGE ROAD","#05-01 PARKVIEW SQUARE","SINGAPORE","","Singapore","188778","Y",2435,"Y","Y","N","N","Yes"
1935480,"PRICEWATERHOUSECOOPERS CI LLP","ROYAL BANK PLACE","1 GLATEGNY ESPLANADE","ST. PETER PORT","","Guernsey","GY1 4ND","Y",1412,"Y","Y","N","N","Yes"
1935480,"PRICEWATERHOUSECOOPERS LLP","7 MORE LONDON RIVERSIDE","","LONDON","","United Kingdom","SE1 2RT","Y",876,"Y","Y","N","N","Yes"
1932538,"ROSEWOOD CPA ADVISORS","313 MILLS AVENUE","","GREENVILLE","SC","United States","29605","N",,"","N","Y","N",""
1931725,"DELOITTE & TOUCHE LLP","ONE CAPITAL PLACE, SHEDDEN ROAD","","GRAND CAYMAN","","Cayman Islands","","Y",1096,"Y","Y","N","N","Yes"
1942634,"MOSS ADAMS, LLC","14555 DALLAS PARKWAY","SUITE 300","DALLAS","TX","United States","75254","Y",659,"Y","N","Y","Y","Yes"
1930267,"LUTZ","13616 CALIFORNIA STREET","STE 300","OMAHA","NE","United States","68154-5336","N",,"","N","Y","N",""
1942391,"DEMARCO SCIACCOTTA WILKENS & DUNLEAVY, LLP","20646, SUITE 201 ABBEY WOODS CT","","FRANKFORT","IL","United States","60423","Y",5376,"Y","N","Y","N",""
1941367,"ACCELL AUDIT & COMPLIANCE, PA","8270 WOODLAND CENTER BOULEVARD #3425","","TAMPA","FL","United States","33614","Y",7204,"Y","N","Y","N",""
1941367,"BDO USA, P.C.","330 N WABASH AVE","","CHICAGO","IL","United States","60611","Y",243,"Y","N","N","Y","Not Yet Received"
1942344,"FRAZIER & DEETER, LLC","1230 PEACHTREE STREET, NE","SUITE 1500","ATLANTA","GA","United States","30309","Y",215,"Y","Y","N","N","Yes"
1942303,"CHRISTOPHER SILVIA","80 WASHINGTON STREET","BUILDING S","NORWELL","MA","United States","02061","Y",3373,"Y","N","Y","Y","Yes"
1947048,"ARMANINO LLP","6 CITY PLACE DR.  SUITE 900","","ST. LOUIS","MO","United States","63141","Y",32,"Y","N","Y","N",""
1947088,"KPMG","200 E. RANDOLPH","SUITE 5500","CHICAGO","IL","United States","60601","Y",185,"Y","N","Y","Y","Yes"
1940831,"KPMG","AVENIDA SAMUEL LEWIS Y CALLE 56 ESTE, OBARRIO","","PANAMÁ","","Panama","0816­01089","Y",1216,"Y","N","N","Y","Not Yet Received"
1944064,"MARCUM LLP","10 MELVILLE PARK RD","","MELVILLE","NY","United States","11747","Y",688,"Y","N","Y","N",""
1947083,"KPMG LLP","345 PARK AVE","","NEW YORK","NY","United States","10154","Y",185,"Y","Y","Y","N","Yes"
1946975,"WARREN AVERETT, LLC","6 CONCOURSE PARKWAY","SUITE 600","ATLANTA","GA","United States","30328-5351","Y",2226,"Y","N","Y","N",""
1940556,"MARCUM LLP","10 MELVILLE PARK ROAD","","MELVILLE","NY","United States","11747","Y",688,"Y","N","Y","N",""
1947004,"PRICEWATERHOUSECOOPERS LLP","PRICEWATERHOUSECOOPERS CENTER","300 MADISON AVENUE","NEW YORK","NY","United States","10017","Y",238,"Y","N","Y","Y","No"
1943215,"RYAN & JURASKA LLP","141 WEST JACKSON BLVD, SUITE 2250","","CHICAGO","IL","United States","60604","Y",3407,"Y","Y","N","N","Yes"
1935382,"DELOITTE & TOUCHE LLP","1601 WEWATTA ST","SUITE 400","DENVER","CO","United States","80202-6479","Y",34,"Y","N","Y","Y","Yes"
1936462,"KPMG LLP","345 PARK AVENUE","","NEW YORK","NY","United States","10154","Y",185,"Y","N","Y","N",""
1936462,"KPMG LLP","1601 MARKET STREET","","PHILADELPHIA","PA","United States","19103","Y",185,"Y","N","N","Y","Yes"
1936462,"KPMG LLP","SUITE 3400","500 GRANT STREET","PITTSBURGH","PA","United States","15219","Y",185,"Y","N","N","Y","Yes"
1933712,"RICHEY MAY & CO","9605 S KINGSTON CT., SUITE 200","","ENGLEWOOD","CO","United States","80112","Y",673,"Y","Y","Y","N","Not Yet Received"
1935984,"GBQ PARTNERS","230 WEST STREET","SUITE 700","COLUMBUS","OH","United States","43215","Y",1808,"Y","N","Y","N",""
1938736,"BDO USA, LLP","330 N WABASH AVE","SUITE 3200","CHICAGO","IL","United States","60611","Y",243,"Y","Y","N","N","Yes"
1927708,"ANDERSON & REED LLP","1515 FRANKLIN RD","","ROANOKE","VA","United States","24016","N",,"","N","Y","N",""
1928645,"ARMANINO LLP","6 CITY PLACE","SUITE 900","ST. LOUIS","MO","United States","63141","Y",32,"Y","N","Y","N",""
1936570,"WEAVER AND TIDWELL, LLP","1230 ROSECRANS AVENUE","SUITE 510","MANHATTAN BEACH","CA","United States","90266","Y",410,"Y","N","Y","N",""
1947234,"LORETTA M. MCCLARY, ESQ., CPA","LORETTA M. MCCLARY LAW LLC","48 WESTON STREET, SUITE 4","WALTHAM","MA","United States","02453","N",,"","N","Y","N",""
1938736,"ERNST & YOUNG LLP","155 NORTH WACKER DRIVE","","CHICAGO","IL","United States","60606-1787","Y",42,"Y","Y","N","N","Yes"
1936543,"SPICER JEFFRIES LLP - CRAIG STEGEMAN, CPA","4601 DTC BOULEVARD, SUITE 700","","DENVER","CO","United States","80237","Y",349,"Y","N","Y","N",""
1947517,"WIPFLI LLP","150 S 5TH ST","UNIT 2000","MINNEAPOLIS","MN","United States","55402","Y",344,"Y","N","Y","N",""
1935696,"ASHLAND PARTNERS & COMPANY LLP","3512 EXCEL DRIVE","SUITE 103","MEDFORD","OR","United States","97504","Y",3783,"N","N","Y","N",""
1937425,"FARMER, FUQUA AND HUFF","2435 N. CENTRAL EXPRESSWAY SUITE 700","","RICHARDSON","TX","United States","75080","N",,"Y","N","Y","N",""
1936568,"ARMANINO LLP","12657 ALCOSTA BLVD.","SUITE 500","SAN RAMON","CA","United States","94583","Y",32,"Y","N","Y","N",""
1935598,"DELOITTE & TOUCHE, LLP","100 SOUTH 4TH STREET","SUITE 300","ST LOUIS","MO","United States","63102-1821","Y",34,"Y","N","Y","Y","Yes"
1937454,"PRICEWATERHOUSECOOPERS LLP","300 MADISON AVE.","","NEW YORK","NY","United States","10017","Y",238,"Y","Y","N","N","Not Yet Received"
1937456,"ERNST & YOUNG","725 S. FIGUEROA STREET","","LOS ANGELES","CA","United States","90017","Y",42,"Y","N","Y","Y","Not Yet Received"
1937491,"BAUER & COMPANY","5910 COURTYARD DR.","SUITE 230","AUSTIN","TX","United States","78731","N",,"","N","Y","N",""
1933726,"HACKER, JOHNSON, SMITH","500 N. WESTSHORE BLVD","#1000","TAMPA","FL","United States","33609","Y",400,"Y","N","N","N",""
1934837,"DELOITTE & TOUCHE LLP","30 ROCKEFELLER PLAZA","","NEW YORK","NY","United States","10112-0015","Y",34,"Y","N","Y","Y","Yes"
1934828,"PLANTE MORAN","10 SOUTH RIVERSIDE PLAZA","9TH FLOOR","CHICAGO","IL","United States","60606","Y",166,"Y","N","Y","Y","Yes"
1934138,"SUMMIT, LLC","999 18TH STREET, SUITE 3000","","DENVER","CO","United States","80202","Y",5251,"Y","Y","N","N","Yes"
1937268,"FARMER, FUQUA AND HUFF","2435 N. CENTRAL EXPRESSWAY SUITE 700","","RICHARDSON","TX","United States","75080","N",,"Y","N","Y","N",""
1937450,"MEADEN & MOORE, LTD.","1375 EAST NINTH STREET, SUITE 1800","","CLEVLAND","OH","United States","44114-1790","Y",314,"Y","N","Y","N",""
1936939,"IBARRA & ASSOCIATES","3604 GOLDEN TRIANGLE BLVD.","SUITE 432","KELLER","TX","United States","76244","N",,"N","N","Y","N",""
1920796,"ARMANINO LLP","1710 W 6TH STREET","","AUSTIN","TX","United States","78703","Y",32,"Y","N","N","Y","Not Yet Received"
1920796,"COHNREZNICK LLP","816 CONGRESS","SUITE 200","AUSTIN","TX","United States","78701","Y",596,"Y","N","Y","Y","Not Yet Received"
1931811,"BERKOWER LLC","517 ROUTE 1","SUITE 4103","ISELIN","NJ","United States","08830","Y",217,"Y","N","Y","N",""
1937678,"DELOITTE & TOUCHE LLP","555 W. 5TH STREET # 2700","","LOS ANGELES","CA","United States","90013","Y",34,"Y","N","Y","Y","Yes"
1935089,"ASHLAND PARTNERS & COMPANY LLP","3512 EXCEL DR","SUITE 103","MEDFORD","OR","United States","97504","Y",3783,"Y","N","Y","N",""
1930188,"FREEDMAN & GOLDBERG CPA'S","2444 E. HILL RD.","","GRAND BLANC","MI","United States","48439","Y",381,"Y","N","Y","N",""
1935138,"KPMG LLP","345 PARK AVENUE","","NEW YORK","NY","United States","10154-0102","Y",185,"Y","N","Y","Y","Yes"
1935175,"FGMK, LLC","2801 LAKESIDE DRIVE","3RD FLOOR","BANNOCKBURN","IL","United States","60015","Y",3968,"Y","N","Y","N",""
1935738,"KPMG LLC","4200 WELLS FARGO CENTER","90 SOUTH SEVENTH STREET","MINNEAPOLIS","MN","United States","55402","Y",185,"Y","Y","N","N","Yes"
1937683,"RICHEY MAY & CO.","9605 S KINGSTON CT","SUITE 200","ENGLEWOOD","CO","United States","80112","Y",673,"Y","N","Y","N",""
1938663,"BERKOWER LLC","517 ROUTE ONE, SUITE 4103","","ISELIN","NJ","United States","08830","Y",217,"Y","Y","N","N","Yes"
1938663,"DELOITTE & TOUCHE LLP","555 MISSION STREET","","SAN FRANCISCO","CA","United States","94105","Y",34,"Y","Y","N","N","Not Yet Received"
1925853,"GBQ PARTNERS LLC","230 WEST STREET","SUITE 700","COLUMBUS","OH","United States","43215","Y",1808,"Y","N","Y","N",""
1939932,"COHEN AND COMPANY, LTD.","1835 MARKET STREET,","SUITE 310","PHILADELPHIA","PA","United States","19103","Y",925,"Y","Y","N","N","Yes"
1923771,"ASA & ASSOCIATES LLP","AUROBINDO TOWER, 81/1","THIRD FLOOR,  ADCHINI, AUROBINDO MARG","NEW DELHI","","India","110017","Y",3083,"Y","N","Y","N",""
1934812,"ASHLAND PARTNERS & COMPANY LLP","3512 EXCEL DRIVE","SUITE 103","MEDFORD","OR","United States","97504","Y",3783,"Y","N","Y","N",""
1932771,"KPMG LLP","345 PARK AVENUE","","NEW YORK","NY","United States","10154","Y",185,"Y","N","Y","N",""
1935733,"LUMSDEN & MCCORMICK, LLP","CYCLORAMA BUILDING, 369 FRANKLIN STREET","","BUFFALO","NY","United States","14202","Y",130,"Y","N","Y","N",""
1927976,"PLANTE & MORAN, PLLC","10 SOUTH RIVERSIDE PLAZA","9TH FLOOR","CHICAGO","IL","United States","60606","Y",166,"Y","N","Y","N",""
1940343,"PRICEWATERHOUSE COOPERS LLP","ONE NORTH WACKER","","CHICAGO","IL","United States","60606","Y",238,"Y","N","Y","Y","Yes"
1941225,"KNIGHT, ROLLERI, SHEPPARD, CPAS LLP","1499 POST ROAD","","FAIRFIELD","CT","United States","06824","Y",3437,"Y","N","Y","N",""
1934874,"ROGER KRAUSE CPA","2210 RIDGEWOOD ROAD, SUITE 101","BERKSHIRE PLACE","WYOMISSING","PA","United States","19610","N",,"N","N","Y","N",""
1939025,"BERKOWER LLC","517 ROUTE ONE, SUITE 4103","","ISELIN","NJ","United States","08830","Y",217,"Y","Y","N","N","Yes"
1939025,"DELOITTE & TOUCHE LLP","555 MISSION STREET","","SAN FRANCISCO","CA","United States","94105","Y",34,"Y","Y","N","N","Not Yet Received"
1944188,"CADE, CRENSHAW & ASSOCIATES, P.C.","2100 SOUTHBRIDGE PKWY","STE 460","BIRMINGHAM","AL","United States","35209","N",,"","N","Y","N",""
1940241,"THE MARSTON GROUP, PLC","9040 GARDEN ARBOR DRIVE, SUITE 201","","GERMANTOWN","TN","United States","38138","N",,"","N","Y","N",""
1939267,"PRICEWATERHOUSECOOPERS LLP","125 HIGH STREET","","BOSTON","MA","United States","02110","Y",238,"Y","Y","N","N","Yes"
1931971,"ASHLAND PARTNERS & COMPANY LLP","3512 EXCEL DR","SUITE 103","MEDFORD","OR","United States","97504","Y",3783,"Y","N","Y","N",""
1929114,"SPICER JEFFRIES LLP","4601 DTC BLVD","STE 700","DENVER","CO","United States","80237","Y",349,"Y","Y","N","N","Not Yet Received"
1941688,"SPICER JEFFRIES LLP","5251 S. QUEBEC ST.","SUITE 200","GREENWOOD VILLAGE","CO","United States","80111","Y",349,"Y","Y","N","N","Yes"
1936577,"KAUFMAN, ROSSIN & CO., A PROFESSIONAL ASSOCIATION","3310 MARY STREET","SUITE 501","MIAMI","FL","United States","33133","Y",137,"Y","Y","N","N","Yes"
1943249,"PRICEWATERHOUSECOOPERS LLP","101 SEAPORT BOULEVARD","","BOSTON","MA","United States","02210","Y",238,"Y","Y","N","N","Yes"
1944261,"SPICER JEFFRIES LLP","4601 DTC BOULEVARD","SUITE 700","DENVER","CO","United States","80237","Y",349,"Y","N","Y","N",""
1928114,"PLANTE & MORAN, PLLC","10 SOUTH RIVERSIDE PLAZA","9TH FLOOR","CHICAGO","IL","United States","60606","Y",166,"Y","N","Y","Y","No"
1943124,"A-LIGN","400 N. ASHLEY DRIVE","SUITE 1325","TAMPA","FL","United States","33602","Y",5012,"Y","N","N","Y","Yes"
1943585,"ANDERS MINKLER HUBER & HELM LLP","800 MARKET STREET","SUITE 500","ST. LOUIS","MO","United States","63101","Y",2100,"Y","N","Y","N",""
1945091,"DELOITTE LTD","CORNER HOUSE, CHURCH AND PARLIAMENT STREETS","","HAMILTON","","Bermuda","HM FX","Y",5230,"Y","Y","N","N","Yes"
1938160,"COHEN AND COMPANY, LTD.","1835 MARKET STREET,","SUITE 310","PHILADELPHIA","PA","United States","19103","Y",925,"Y","Y","N","N","Yes"
1936047,"COHEN & COMPANY","201 INTERNATIONAL CIR","","COCKEYSVILLE","MD","United States","21030","Y",93,"Y","Y","N","N","Yes"
1943124,"ASSURANCE DIMENSIONS","3111 N. UNIVERSITY DRIVE","SUITE 621","CORAL SPRINGS","FL","United States","33065","Y",5036,"Y","N","Y","N",""
1942886,"BAKER TILLY","225 SOUTH 6TH STREET","SUITE 2300","MINNEAPOLIS","MN","United States","55402","Y",23,"Y","N","Y","N",""
1936675,"COHEN AND COMPANY","1835 MARKET STREET, SUITE 310","","PHILADELPHIA","PA","United States","19103","Y",552,"Y","Y","N","N","Yes"
1947648,"ERNST & YOUNG, LLP","20O CLARENDON STREET","","BOSTON","MA","United States","02116","Y",42,"Y","Y","N","N","Not Yet Received"
1947648,"DELOITTE & TOUCHE","200 BERKELEY STREET","","BOSTON","MA","United States","02116","Y",34,"Y","Y","N","N","Not Yet Received"
1937942,"DELOITTE & TOUCHE LLP","30 ROCKEFELLER PLAZA","","NEW YORK","NY","United States","10112","Y",34,"Y","N","Y","N",""
1937942,"DELOITTE & TOUCHE LLP","110 MORRIS STREET","","MORRISTOWN","NJ","United States","07960","Y",34,"Y","Y","N","N","Yes"
1937942,"GRANT THORNTON LLP","1201 WALNUT ST","SUITE 2200","KANSAS CITY","MO","United States","64106","Y",248,"Y","N","N","Y","Yes"
1937942,"RSM US LLP","30 S WACKER DR","SUITE 3300","CHICAGO","IL","United States","60606","Y",49,"Y","Y","N","N","Yes"
1941379,"ASHLAND PARTNERS & COMPANY LLP","3512 EXCEL DR","SUITE 103","MEDFORD","OR","United States","97504","Y",3783,"N","N","Y","N",""
1945210,"PRICEWATERHOUSECOOPERS","300 MADISON AVENUE","","NEW YORK","NY","United States","10017","Y",238,"Y","N","Y","Y","No"
1944696,"ASHLAND PARTNERS & COMPANY, LLP","3512 EXCEL DRIVE","SUITE 103","MEDFORD","OR","United States","97504","Y",3783,"Y","N","Y","N",""
1941925,"KPMG LLP","2323 ROSS AVENUE #1400","","DALLAS","TX","United States","75201","Y",185,"Y","Y","N","N","Yes"
1917531,"PRICEWATERHOUSECOOPERS LLP","300 MADISON AVENUE","","NEW YORK","NY","United States","10017","Y",238,"Y","Y","Y","N","Yes"
1936448,"WIPFLI LLP","10000 INNOVATION DRIVE","SUITE 250","MILWAUKEE","WI","United States","53226","Y",344,"Y","N","Y","N",""
1942213,"FORVIS","910 EAST ST. LOUIS STREET","SUITE 400","SPRINGFIELD","MO","United States","65806","Y",686,"Y","N","Y","N",""
1939599,"KPMG","200 E. RANDOLPH","SUITE 5500","CHICAGO","IL","United States","60601","Y",185,"Y","N","Y","Y","Not Yet Received"
1944636,"PLANTE MORAN","3000 TOWN CENTER","SUITE 100","SOUTHFIELD","MI","United States","48075","Y",166,"Y","N","Y","N",""
1939550,"ASSURANCE DIMENSIONS","200 BANDS ROAD","SUITE 218","MARGATE","FL","United States","33607","Y",5036,"Y","N","Y","N",""
1935707,"HAYNIE & COMPANY","1785 WEST 2320 SOUTH","","SALT LAKE CITY","UT","United States","84119","Y",457,"Y","N","Y","N",""
1944505,"WIPFLI LLP","150 S 5TH ST","UNIT 2000","MINNEAPOLIS","MN","United States","55402","Y",344,"Y","N","Y","N",""
1944145,"BAUER & COMPANY","P.O. BOX 27887","","AUSTIN","TX","United States","78755","Y",6072,"Y","Y","N","N","Yes"
1944556,"CADE, CRENSHAW & ASSOCIATES, P.C.","2100 SOUTHBRIDGE PKWY","STE 460","BIRMINGHAM","AL","United States","35209","N",,"","N","Y","N",""
1940838,"ERNST & YOUNG, LLP","560 MISSION STREET","","SAN FRANCISCO","CA","United States","94105","Y",42,"Y","Y","N","N","Yes"
1942924,"ERNST & YOUNG LLP","ONE MANHATTAN WEST","","NEW YORK","NY","United States","10001","Y",42,"Y","Y","N","N","Yes"
1942924,"ERNST & YOUNG LTD.","62 FORUM LANE","P.O. BOX 510","GRAND CAYMAN","","Cayman Islands","KY1-1106","Y",1655,"Y","Y","N","N","Yes"
1944169,"LALLY & CO., LLC","5700 CORPORATE DRIVE","SUITE 800","PITTSBURGH","PA","United States","15237","Y",3578,"Y","N","Y","N",""
1932712,"THE BONADIO GROUP","100 CORPORATE PARKWAY","SUITE 200","AMHERST","NY","United States","14226","Y",1884,"Y","N","Y","N",""
1937945,"GOLDMAN & COMPANY, CPAS PC","3535 ROSWELL RD.","SUITE 32","MARIETTA","GA","United States","30062","Y",1952,"Y","N","Y","Y","Yes"
1935478,"BAKER TILLY US, LLP","225 S. SIXTH ST.","STE 2300","MINNEAPOLIS","MN","United States","55402-4661","Y",23,"Y","N","Y","N",""
1940050,"SPICER JEFFRIES LLP","4601 DTC BOULEVARD, SUITE 700","","DENVER","CO","United States","80237","Y",349,"Y","Y","Y","N","Yes"
1943907,"ASSURANCE DIMENSIONS","2000 BANKS ROAD","SUITE 218","MARGATE","FL","United States","33063","Y",5036,"Y","N","Y","N",""
1936918,"WOLF & COMPANY, P.C.","255 STATE STREET","","BOSTON","MA","United States","02109","Y",392,"Y","N","Y","N",""
1936918,"DELOITTE & TOUCHE LLP","30 ROCKEFELLER PLAZA","","NEW YORK","NY","United States","10112","Y",34,"Y","Y","N","N","Not Yet Received"
1936918,"RICHEY MAY","9780 S MERIDIAN BLVD","SUITE 500","ENGLEWOOD","CO","United States","80112","Y",673,"Y","Y","N","N","Not Yet Received"
1948437,"DELOITTE & TOUCHE LLP","1700 MARKET STREET","","PHILADELPHIA","PA","United States","19103","Y",34,"Y","Y","Y","N","Yes"
1946606,"GRANT THORNTON LLP","757 THIRD AVENUE","9TH FLOOR","NEW YORK","NY","United States","10017","Y",248,"Y","Y","N","N","Yes"
1946606,"PRICEWATERHOUSECOOPERS, LLP","300 MADISON AVE","","NEW YORK","NY","United States","10017-6204","Y",238,"Y","Y","N","N","Yes"
1922927,"GRAY, GRAY & GRAY","150 ROYALL STREET","","CANTON","MA","United States","02021","Y",889,"Y","N","Y","N",""
1945187,"WEAVER TIDWELL","24 GREENWAY PLAZA","SUITE 1800","HOUSTON","TX","United States","77046","Y",410,"Y","N","Y","N",""
1945742,"WEAVER TIDWELL","24 GREENWAY PLAZA","SUITE 1800","HOUSTON","TX","United States","77046","Y",410,"Y","N","Y","N",""
1935284,"KEITER, STEPHENS, HURST, GARY & SHREAVES, P.C","4401 DOMINION BLVD","","GLEN ALLEN","VA","United States","23060","Y",80,"Y","N","Y","N",""
1942533,"KEITER, STEPHENS, HURST, GARY & SHREAVES, P.C","4401 DOMINION BLVD","","GLEN ALLEN","VA","United States","23060","Y",80,"Y","N","Y","N",""
1943795,"HACKER, JOHNSON & SMITH, P.A.","500 N. WESTSHORE BLVD.","","TAMPA","FL","United States","33609","Y",400,"Y","N","Y","N",""
1930893,"PERROTTI AND CARRADE","1 MCINNIS PARKWAY","SUITE 200","SAN RAFAEL","CA","United States","94903","N",,"","N","Y","N",""
1929983,"PRICEWATERHOUSECOOPERS LLP","214 NORTH TRYON STREET","SUITE 4200","CHARLOTTE","NC","United States","28202","Y",238,"Y","Y","N","N","Not Yet Received"
1927959,"PLANTE & MORAN PLLC","10 SOUTH RIVERSIDE PLAZA","9TH FLOOR","CHICAGO","IL","United States","60606","Y",166,"Y","N","Y","N",""
1939940,"MOUNTJOY CHILTON MEDLEY LLP","201 EAST FIFTH STREET","SUITE 2100","CINCINNATI","OH","United States","45202","Y",2276,"Y","N","Y","N",""
1942749,"TAIT, WELLER, & BAKER","TWO LIBERTY PLACE 50 SOUTH 16TH STREET","SUITE 2900","PHILADELPHIA","PA","United States","19102","Y",445,"Y","N","Y","N",""
1940177,"THOMAS GAITENS PC","ONE GATEWAY CENTER SUITE 2025","420 FORT DUQUESNE BOULEVARD","PITTSBURGH","PA","United States","15222","Y",5073,"Y","N","Y","N",""
1944739,"PLANTE & MORAN PLLC","27400 NORTHWESTERN HWY","","SOUTHFIELD","MI","United States","48034","Y",166,"Y","N","Y","N",""
1938948,"SIANA CARR O'CONNOR & LYNAM, LLP","1500 E. LANCASTER AVE","SUITE 202","PAOLI","PA","United States","19301","Y",3705,"Y","N","Y","N",""
1934022,"PLANTE MORAN LLC","10 S. RIVERSIDE PLAZA","9TH FLOOR","CHICAGO","IL","United States","60606","Y",6581,"Y","N","Y","N",""
1943173,"KPMG","60 SOUTH STREET","TWO FINANCIAL CENTER","BOSTON","MA","United States","02111","Y",185,"Y","Y","N","N","Yes"
1934884,"ERNST & YOUNG LLP","725 SOUTH FIGUEROA ST.","#200","LOS ANGELES","CA","United States","90017","Y",42,"Y","Y","N","N","Yes"
1943278,"COHEN AND COMPANY","342 W. WATER STREET","SUITE 830","MILWAUKEE","WI","United States","53202","Y",925,"Y","N","Y","N",""
1939594,"URISH POPECK & CO","THREE GATEWAY CENTER 401 LIBERTY AVE","SUITE 2400","PITTSBURGH","PA","United States","15222","Y",1013,"Y","N","Y","N",""
1938748,"PRICEWATERHOUSECOOPER, LLP","300 MADISON AVE","","NEW YORK","NY","United States","10017","Y",238,"Y","Y","Y","N","Yes"
1937353,"ELLIOTT DAVIS LLC","341 COOL SPRINGS BOULEVARD","SUITE 340","FRANKLIN","TN","United States","37067","Y",149,"Y","Y","N","N","Not Yet Received"
1940410,"AAC REVISION AG","LANDSTRASSE 123","","TRIESEN","","Liechtenstein","9495","N",,"","N","N","Y","No"
1940837,"ASHLAND PARTNERS & COMPANY LLP","3512 EXCEL DRIVE","SUITE 103","MEDFORD","OR","United States","97504","Y",3783,"N","N","Y","N",""
1936500,"EISNERAMPER","ONE CALIFORNIA STREET","SUITE 1700","SAN FRANCISCO","CA","United States","94111","Y",274,"Y","Y","N","N","No"
1936194,"NICHOLS, CAULEY, & ASSOCIATES, LLC","3550 ENGINEERING DRIVE","SUITE 250","PEACHTREE CORNERS","GA","United States","30092","Y",281,"Y","N","Y","N",""
1937497,"PRICEWATERHOUSECOOPERS LLP","300 MADISON AVE","","NEW YORK","NY","United States","10017","Y",238,"Y","Y","Y","Y","Yes"
1938471,"WIPFLI LLP","100 TRI-STATE INTERNATIONAL, SUITE 300","","LINCOLNSHIRE","IL","United States","60069","Y",344,"Y","N","Y","N",""
1933292,"FULVIO & ASSOCIATES, LLP","WEST 37 STREET 4 FLOOR","","NEW YORK","NY","United States","10018","Y",6529,"Y","Y","N","N","Yes"
1934018,"ASHLAND PARTNERS","3512 EXCEL DR,","SUITE 103","MEDFORD","OR","United States","97504","Y",3783,"Y","N","Y","N",""
1936041,"KPMG, LLP","1601 MARKET ST.","","PHILADELPHIA","PA","United States","19103-2499","Y",185,"Y","Y","N","N","Yes"
1936041,"COHNREZNICK, LLP","3560 LENOX ROAD NE","NUMBER 2900","ATLANTA","GA","United States","30326","Y",596,"Y","Y","N","N","Yes"
1936397,"MOSS ADAMS LLP","999 THIRD AVENUE","SUITE 2800","SEATTLE","WA","United States","98104","Y",659,"Y","N","Y","N",""
1931459,"CASSADY SCHILLER","4555 LAKE FOREST DRIVE","SUITE 400","CINCINNATI","OH","United States","45242","N",,"","Y","N","N","Yes"
1936702,"KPMG LLP","10 SOUTH BROADWAY","SUITE 900","SAINT LOUIS","MO","United States","63102-1736","Y",185,"Y","N","Y","Y","Yes"
1926061,"BAUER & COMPANY","5910 COURTYARD DR.","SUITE 230","AUSTIN","TX","United States","78731","N",,"","N","Y","N",""
1935513,"BAKER TILLY","2321 ROSECRANS AVE.","SUITE 2215","EL SEGUNDO","CA","United States","90245","Y",23,"Y","N","Y","N",""
1936099,"ERNST & YOUNG LLP","155 N WACKER DR","","CHICAGO","IL","United States","60606","Y",42,"Y","Y","N","N","Yes"
1934808,"WARREN AVERETT, LLC","6 CONCOURSE PARKWAY #600","","ATLANTA","GA","United States","30328","Y",2226,"Y","N","Y","N",""
1942045,"GEFFEN MESHER","888 SW 5TH AVE","SUITE 800","PORTLAND","OR","United States","97204","Y",3192,"Y","N","Y","N",""
1943554,"IBARRA & ASSOCIATES","3604 GOLDEN TRIANGLE BLVD.","SUITE 432","KELLER","TX","United States","76244","N",,"N","N","Y","N",""
1939353,"COHEN & COMPANY, LTD.","1 W. PENNSYLVANIA AVE","SUITE 1000","TOWSON","MD","United States","21204","Y",925,"Y","N","Y","N",""
1935135,"ASHLAND PARTNERS & COMPANY LP","2512 EXCEL DRIVE","SUITE 103","MEDFORD","OR","United States","97504","Y",3783,"Y","N","Y","N",""
1937897,"ERNST & YOUNG SOCIETE ANONYME","35E, AVENUE JOHN F. KENNEDY","","LUXEMBOURG","","Luxembourg","L-1855","Y",1367,"Y","Y","N","N","Yes"
1937897,"ERNST & YOUNG LTD.","62 FORUM LANE CAMANA BAY","P.O. BOX 510","GRAND CAYMAN","","Cayman Islands","KY1-1106","Y",1655,"Y","Y","N","N","Yes"
1936344,"ASHLAND PARTNERS & COMPANY LLP","3512 EXCEL DRIVE","SUITE 103","MEDFORD","OR","United States","97504","Y",3783,"Y","N","Y","N",""
1936344,"KPMG","345 PARK AVENUE","","NEW YORK","NY","United States","10154","Y",185,"Y","N","N","Y","Yes"
1924025,"ASSURANCE DIMENSIONS","4920 W. CYPRESS STREET","SUITE 102","TAMPA","FL","United States","33607","Y",5036,"Y","N","Y","N",""
1937940,"ERNST & YOUNG LLP","5 TIMES SQUARE","","NEW YORK","NY","United States","10036","Y",42,"Y","Y","N","N","Yes"
1940437,"ERNST & YOUNG LLP","5 TIMES SQUARE","","NEW YORK","NY","United States","10036","Y",42,"Y","Y","N","N","Yes"
1940268,"DELOITTE & TOUCHE LLP","1601 WEWATTA ST","SUITE 400","DENVER","CO","United States","80202-6479","Y",34,"Y","N","Y","Y","Yes"
1934565,"PRICEWATERHOUSECOOPERS LLP","PRICEWATERHOUSECOOPERS CENTER","300 MADISON AVENUE","NEW YORK","NY","United States","10017","Y",238,"Y","Y","Y","Y","Yes"
1934565,"PRICEWATERHOUSECOOPERS LLP","THREE EMBARCADERO CENTER","","SAN FRANCISCO","CA","United States","94111-4004","Y",238,"Y","N","Y","N",""
1922892,"ROLLERI & SHEPPARD CPAS, LLP","2150 POST ROAD","5TH FLOOR","FAIRFIELD","CT","United States","06824","Y",3437,"Y","N","Y","N",""
1934825,"EISNERAMPER LLP","160 FEDERAL ST","","BOSTON","MA","United States","02110","Y",274,"Y","N","Y","N",""
1934455,"THOMAS, ZOLLARS & LYNCH. LTD.","3330 E. INDIAN SCHOOL ROAD","","PHOENIX","AZ","United States","85018","N",,"","N","Y","N",""
1919814,"BAKER TILLY, VIRCHOW KRAUSE, LLP","205 MICHIGAN AVE","","CHICAGO","IL","United States","60601","Y",23,"Y","N","Y","N",""
1930160,"MICHAEL COGLIANESE","300 NORTH STATE STREET","SUITE 5720","CHICAGO","IL","United States","60654","Y",3874,"Y","Y","N","N","No"
1940615,"MICHAEL COGLIANESE CPA, P.C.","300 N. STATE ST.","SUITE 5720","CHICAGO","IL","United States","60654","Y",3874,"Y","N","Y","N",""
1937864,"ASSURANCE DIMENSIONS, LLC","4920 WEST CYPRESS STREET, SUITE 102","","TAMPA","FL","United States","33607","Y",5036,"Y","N","Y","N",""
1937426,"FORVIS, LLP","191 PEACHTREE STREET, NE","SUITE 2700","ATLANTA","GA","United States","30303","Y",686,"Y","Y","Y","N","Yes"
1942356,"ASHLAND PARTNERS & COMPANY LLP","3512 EXCEL DRIVE","SUITE 103","MEDFORD","OR","United States","97504","Y",3783,"Y","N","Y","N",""
1943867,"PRICEWATERHOUSE COOPERS LLP","300 MADISON AVENUE","","NEW YORK","NY","United States","10017-6204","Y",238,"Y","N","Y","Y","Yes"
1936091,"LEONE, MCDONNELL & ROBERTS","5 NELSON STREET","","DOVER","NH","United States","03820","N",,"N","N","Y","N",""
1941536,"ADEPTUS","733 STATE RTE 35 N","","OCEAN","NJ","United States","07712","Y",3686,"Y","N","Y","N",""
1943505,"KPMG LLP","21700 OXNARD STREET","SUITE 1200","WOODLAND HILLS","CA","United States","91367","Y",185,"Y","Y","N","N","Yes"
1935219,"ASHLAND PARTNERS & COMPANY, LLP","3512 EXCEL DR.","SUITE 103","MEDFORD","OR","United States","97504","Y",3783,"Y","N","Y","N",""
1935219,"KEITER, STEPHENS, HURST, GARY & SHREAVES, P.C.","4401 DOMINION BOULEVARD","","GLEN ALLEN","VA","United States","23060","Y",80,"Y","Y","N","N","Not Yet Received"
1933268,"WITHUMSMITH+BROWN","5 VAUGHN DRIVE","","PRINCETON","NJ","United States","08540","Y",100,"Y","N","Y","Y","Yes"
1924340,"FRAZIER & DEETER CPAS & ADVISORS","401 E. JACKSON STREET","SUITE 2425","TAMPA","FL","United States","33602","Y",215,"Y","N","Y","N",""
1935391,"ARMANINO LLP","6 CITY PLACE DRIVE","SUITE 900","ST. LOUIS","MO","United States","63141","Y",643,"Y","N","Y","N",""
1935019,"KPMG","2323 ROSS AVENUE","SUITE 1400","DALLAS","TX","United States","75201-2721","Y",185,"Y","Y","Y","N","Yes"
1935019,"PWC","2121 N PEARL ST SUITE 2000","SUITE 1800","DALLAS","TX","United States","75201","Y",238,"Y","Y","N","N","Yes"
1935019,"RSM LLC","13355 NOEL ROAD","SUITE 800","DALLAS","TX","United States","75240","Y",49,"Y","Y","N","N","Yes"
1935019,"CROWE LLP","485 LEXINGTON AVE FLOOR 11","","NEW YORK","NY","United States","10017","Y",173,"Y","Y","N","N","Yes"
1929502,"BERKOWER LLC","517 US-1 #4103","","ISELIN","NJ","United States","08830","Y",217,"Y","Y","N","N","Not Yet Received"
1944002,"PLANTE & MORAN PLLC","27400 NORTHWESTERN HWY","","SOUTHFIELD","MI","United States","48034","Y",166,"Y","N","Y","N",""
1936106,"PLANTE & MORAN, P.L.L.C.","10 S. RIVERSIDE PLAZA","9TH FLOOR","CHICAGO","IL","United States","60606-3770","Y",166,"Y","N","Y","N",""
1925810,"KPMG LLP","6565 AMERICAS PKWY","#700","ALBUQUERQUE","NM","United States","87110","Y",185,"Y","Y","N","N","Yes"
1935593,"CLARK SCHAEFER HACKETT","ONE EAST FOURTH ST. SUITE 1200","","CINCINNATI","OH","United States","45202","Y",539,"Y","Y","N","Y","Not Yet Received"
1933465,"DELOITTE AND TOUCHE LLP","655 WEST BROADWAY, SUITE 700","","SAN DIEGO","CA","United States","92101","Y",34,"Y","N","Y","Y","Yes"
1935668,"DELOITTE & TOUCHE LLP","299 SOUTH MAIN ST.","SUITE 1900","SALT LAKE CITY","UT","United States","94596-3764","Y",34,"Y","Y","N","N","Yes"
1935668,"ERNST & YOUNG","15 W SOUTH TEMPLE","#1800","SALT LAKE CITY","UT","United States","84101","Y",42,"Y","Y","N","N","Yes"
1935668,"RSM US LLP","555 17TH ST","UNIT 1200","DENVER","CO","United States","80202","Y",49,"Y","Y","N","N","Yes"
1928674,"ASHLAND PARTNERS & COMPANY, LLC","3512 EXCEL DRIVE","SUITE 103","MEDFORD","OR","United States","97504","Y",3783,"Y","N","Y","N",""
1935504,"CHERRY BEKAERT LLP","2600 MEIDINGER TOWER","462 SOUTH FOURTH STREET","LOUISVILLE","KY","United States","40202","Y",677,"Y","N","Y","N",""
1930152,"ASHLAND PARTNERS & COMPANY LLP","3512 EXCEL DRIVE, SUITE 103","","MEDFORD","OR","United States","97504","Y",3783,"Y","N","Y","N",""
1935824,"TAIT, WELLER & BAKER LLP","TWO LIBERTY PLACE","50 SOUTH 16TH STREET, SUITE 2900","PHILADELPHIA","PA","United States","19102-2529","Y",445,"Y","N","Y","N",""
1930279,"ERNST & YOUNG","HARCOURT CENTRE","HARCOURT STREET","DUBLIN","","Ireland","2","Y",1411,"Y","Y","N","N","Yes"
1935213,"KPMG, LLP","1601 MARKET ST.","","PHILADELPHIA","PA","United States","19103-2499","Y",185,"Y","Y","N","N","Yes"
1935213,"COHNREZNICK, LLP","3560 LENOX ROAD NE","NUMBER 2900","ATLANTA","GA","United States","30326","Y",596,"Y","Y","N","N","Yes"
1941086,"MICHAEL COGLIANESE CPA, PC","125 E. LAKE STREET","SUITE 303","BLOOMINGDALE","IL","United States","60108","Y",3874,"Y","N","Y","Y","Not Yet Received"
1941151,"BREARD & ASSOCIATES, LLP","9221 CORBIN AVENUE","SUITE 170","NORTHRIDGE","CA","United States","91324","N",,"","N","Y","N",""
1941151,"LMHS, PC","80 WASHINGTON STREET","BLDG S","NORWELL","MA","United States","02061","Y",3373,"Y","Y","N","N","No"
1941204,"PETERS & CHANDLER, P.C.","6801 BROADWAY EXTENSION","SUITE 105","OKLAHOMA CITY","OK","United States","73116","N",,"","N","Y","N",""
1940759,"PKF SAN DIEGO, LLP","2020 CAMINO DEL RIO NORTH, SUITE 1000","","SAN DIEGO,","CA","United States","92108","Y",27,"Y","N","Y","N",""
1942875,"LALLY & CO.","5700 CORPORATE DRIVE","SUITE 800","PITTSBURGH","PA","United States","15237","Y",3578,"Y","N","Y","N",""
1944325,"BDO USA, P.C.","421 FAYETTEVILLE ST.","SUITE 300","RALEIGH","NC","United States","27601","Y",243,"Y","Y","N","N","Yes"
1944334,"PRICEWATERHOUSECOOPERS","300 MADISON AVENUE","24TH FLOOR","NEW YORK","NY","United States","10017","Y",238,"Y","N","Y","N",""
1923689,"FORVIS MAZARS, LLP","135 WEST 50TH STREET","","NEW YORK","NY","United States","10020","Y",339,"Y","N","Y","N",""
1923689,"FORVIS MAZARS, LLP","500 RIDGEFIELD COURT","","ASHEVILLE","NC","United States","28806","Y",339,"Y","Y","N","N","Yes"
1929401,"TAIT WELLER","50 SOUTH 16TH STREET","SUITE 2900","PHILADELPHIA","PA","United States","19102","Y",445,"Y","Y","N","N","Not Yet Received"
1925991,"WIPFLI LLP","100 TRI-STATE INTERNATIONAL, SUITE 300","","LINCOLNSHIRE","IL","United States","60069","Y",344,"Y","N","Y","N",""
1933993,"ERNST & YOUNG LLP","1003 BISHOP STREET","SUITE 2600","HONOLULU","HI","United States","96813","Y",42,"Y","N","Y","Y","Yes"
1942011,"LMHS, P.C.","80 WASHINGTON STREET, BUILDING S","","NORWELL","MA","United States","02061","Y",3373,"Y","Y","N","N","Yes"
1938080,"MP P.C.","ONE MONARCH PLACE, SUITE 900","","SPRINGFIELD","MA","United States","01144","N",,"Y","N","Y","N",""
1932561,"GBQ PARTNERS LLC","230 WEST STREET, SUITE 700","","COLUMBUS","OH","United States","43215","Y",1808,"Y","N","Y","N",""
1935158,"ASHLAND PARTNERS & COMPANY LLP","3512 EXCEL DRIVE","SUITE 103","MEDFORD","OR","United States","97504","Y",3783,"Y","N","Y","N",""
1935717,"FISCHER CUNNANE & ASSOCIATES LTD","11 TURNER LANE","","WEST CHESTER","PA","United States","19380","Y",1940,"Y","N","Y","N",""
1929401,"KPMG","333 BAY STREET","SUITE 4600","TORONTO","","Canada","M5H 2S5","Y",85,"Y","Y","N","N","Not Yet Received"
1928271,"GEFFEN MESHER","888 SW 5TH AVE., SUITE 800","","PORTLAND","OR","United States","97204","Y",3912,"Y","N","Y","Y","Yes"
1944888,"PRICEWATERHOUSECOOPERS LLP","300 MADISON AVENUE, 32ND FLOOR","","NEW YORK","NY","United States","10017","Y",238,"Y","Y","Y","N","Yes"
1945260,"KPMG LLP","345 PARK AVENUE","","NEW YORK","NY","United States","10154","Y",185,"Y","Y","N","N","Yes"
1945905,"PLANTE MORAN","3000 TOWN CENTER","SUITE 100","SOUTHFIELD","MI","United States","48075","Y",166,"Y","N","Y","N",""
1919169,"ARY ROEPCKE MULCHAEY, P.C.","TWO MIRANOVA PLACE","SUITE 600","COLUMBUS","OH","United States","43215","Y",160,"Y","N","Y","N",""
1944939,"BVWD","8117 PRESTON ROAD","SUITE 460","DALLAS","TX","United States","75225","N",,"Y","N","Y","N",""
1945169,"LAVINE, LOFGREN, MORRIS & ENGELBERG, LLP","4180 LA JOLLA VILLAGE DR","STE. 300","LA JOLLA","CA","United States","92037","Y",3496,"Y","N","Y","N",""
1943373,"ASHLAND PARTNERS & COMPANY, LLP","3512 EXCEL DR","SUITE 103","MEDFORD","OR","United States","97504","Y",3783,"N","N","Y","N",""
1947449,"PRICEWATERHOUSECOOPERS LLP","PWC TOWER, 18 YORK STREET, SUITE 2600","","TORONTO","","Canada","M5J 0B2","Y",271,"Y","Y","N","N","Yes"
1932623,"MOSS ADAMS LLP","101 SECOND ST","STE 900","SAN FRANCISCO","CA","United States","94105","Y",659,"Y","Y","N","N","Not Yet Received"
1942699,"ASHLAND PARTNERS & COMPANY LLP","3512 EXCEL DR","SUITE 103","MEDFORD","OR","United States","97504","Y",3783,"N","N","Y","N",""
1947449,"ERNST & YOUNG LLP","ERNST & YOUNG TOWER","100 ADELAIDE ST. W.","TORONTO, ONTARIO","","Canada","M5H 0B3","Y",1263,"Y","Y","N","N","Yes"
1924196,"DELOITTE & TOUCHE LLP","30 ROCKEFELLER PLAZA, 41ST FLOOR","","NEW YORK","NY","United States","10112","Y",34,"Y","Y","N","N","Yes"
1940957,"EIDE BAILLY, LLP","300 N. LAKE AVE.","SUITE 930","PASADENA","CA","United States","91101","Y",286,"Y","N","Y","N",""
1942375,"KPMG LLP","201 MAIN STREET","SUITE 2200","FORT WORTH","TX","United States","76102-4125","Y",185,"Y","Y","N","N","Yes"
1942375,"KPMG","SIX CRICKET SQUARE","","GEORGE TOWN","","Cayman Islands","KY1-1106","Y",1323,"Y","Y","N","N","Yes"
1942375,"KPMG CHARTERED ACCOUNTANTS","1 HARBOURMASTER PLACE","IFSC","DUBLIN","","Ireland","","Y",1116,"Y","Y","N","N","Yes"
1942375,"BDO USA, P.C.","301 COMMERCE STREET","SUITE 2000","FORT WORTH","TX","United States","76102","Y",243,"Y","Y","N","N","Yes"
1938283,"ASHLAND PARTNERS & COMPANY LLP","3512 EXCEL DRIVE","SUITE 103","MEDFORD","OR","United States","97504","Y",3783,"Y","N","Y","N",""
1941901,"PRICEWATERHOUSECOOPERS LLP","601 S FIGUEROA ST","","LOS ANGELES","CA","United States","90017","Y",34,"Y","Y","N","N","Yes"
1938779,"ERNST & YOUNG LLP","5 TIMES SQUARE","","NEW YORK","NY","United States","10003","Y",42,"Y","Y","N","N","Yes"
1945802,"PRICEWATERHOUSECOOPERS LLP","300 MADISON AVENUE","","NEW YORK","NY","United States","10017","Y",238,"Y","Y","Y","N","Yes"
1933630,"LILLING AND COMPANY LLP","TWO SEAVIEW BOULEVARD","","PORT WASHINGTON","NY","United States","11050","Y",3480,"Y","N","Y","N",""
1945672,"ERNST WINTTER & ASSOCIATES","675 YGNACIO VALLEY RD.","SUITE A200","WALNUT CREEK","CA","United States","94596","Y",3438,"Y","N","Y","Y","No"
1933036,"PRICEWATERHOUSE COOPERS LLP","300 MADISON AVENUE","","NEW YORK","NY","United States","10017","Y",238,"Y","Y","N","N","Yes"
1933944,"PLANTE & MORAN, PLLC","10 SOUTH RIVERSIDE PLAZA","9TH FLOOR","CHICAGO","IL","United States","60606","Y",166,"Y","N","Y","N",""
1915574,"CLIFTON LARSON ALLEN","220 SOUTH 6TH ST UNIT 300","","MINNEAPOLIS","MN","United States","55402","Y",655,"Y","Y","N","N","Not Yet Received"
1932821,"WEAVER & TIDWELL","2300 NORTH FIELD STREET","","DALLAS","TX","United States","75201","Y",410,"Y","Y","N","N","Yes"
1934060,"PEROTTI AND CARRADE","1 MCINNIS PARKWAY, SUITE 200","","SAN RAFAEL","CA","United States","94903","N",,"","N","Y","N",""
1934086,"GBQ","230 WEST ST","UNIT 700","COLUMBUS","OH","United States","43215","Y",1808,"Y","Y","N","N","Not Yet Received"
1936728,"RICHEY, MAY & CO., LLP","9780 S MERIDIAN BLVD., SUITE 500","","ENGLEWOOD","CO","United States","80112","Y",673,"Y","N","Y","N",""
1939991,"CLIFTON LARSON ALLEN, LLP","TWO INTERNATIONAL PLACE","22BD FLOOR","BOSTON","MA","United States","02110","Y",655,"Y","N","N","N",""
1930760,"ASHLAND PARTNERS & COMPANY LLP","3512 EXCEL DRIVE","SUITE 103","MEDFORD","OR","United States","97504","Y",3783,"Y","N","Y","N",""
1945266,"ELLIOTT DAVIS, LLC","629 MARKET STREET","SUITE 100","CHATTANOOGA","TN","United States","37402","Y",149,"Y","N","Y","N",""
1938116,"R&A CPA'S","4542 E. CAMP LOWELL DR.  STE 100","","TUCSON","AZ","United States","85712","Y",3707,"Y","N","Y","N",""
1928370,"PFK O'CONNOR DAVIES","500 MAMARONECK AVENUE, SUITE 301","","HARRISON","NY","United States","10528","Y",127,"Y","Y","N","N","Yes"
1930990,"PRICEWATERHOUSECOOPERS LLP","1 EMBANKMENT PLACE","","LONDON","","United Kingdom","WC2N 6R","Y",876,"Y","Y","N","Y","Yes"
1933389,"PKF O'CONNOR DAVIES LLP","245 PARK AVENUE","","NEW YORK","NY","United States","10167","Y",127,"Y","N","Y","N",""
1939991,"MORRIS & MORRIS PC CPA","32 KEARNEY ROAD","","NEEDHAM HEIGHTS","MA","United States","02494-2504","Y",4066,"N","N","Y","N",""
1940624,"ASSURANCE DIMENSIONS","4920 W CYPRESS STREET","SUITE 102","TAMPA","FL","United States","33607","Y",5036,"Y","N","Y","N",""
1935386,"FGMK, LLC","333 W. WACKER DR.","6TH FLOOR","CHICAGO","IL","United States","60606","Y",3968,"Y","Y","Y","N","Yes"
1937340,"GRAY, GRAY & GRAY, LLP","34 SOUTHWEST PARK","","CANTON","MA","United States","02090","Y",889,"Y","Y","N","N","Yes"
1937340,"FIONDELLA, MILONE & LASARACINA, LLP","300 WINDING BROOK DRIVE","","GLASTONBURY","CT","United States","06033","Y",2230,"Y","N","Y","N",""
1929602,"PRICEWATERHOUSECOOPERS LLP","111 HIGH STREET","","BOSTON","MA","United States","02110","Y",238,"Y","Y","N","N","Yes"
1929602,"EDELSTEIN & COMPANY","160 FEDERAL STREET","9TH FLOOR","BOSTON","MA","United States","02110","Y",3376,"Y","N","Y","N",""
1929602,"PRICEWATERHOUSECOOPERS","ONE SPENCER DOCK","NORTH WALL QUAY","DUBLIN","","Ireland","","Y",1366,"Y","Y","N","N","Yes"
1929602,"PRICEWATERHOUSECOOPERS, SOCIÉTÉ COOPÉRATIVE","2 RUE GERHARD MERCATOR","","LUXEMBOURG","","Luxembourg","L-2182","Y",1328,"Y","Y","N","N","Yes"
1929602,"PRICEWATERHOUSECOOPERS","ONE INTERNATIONAL TOWERS SYDNEY","WATERMANS QUAY","SYDNEY","","Australia","","Y",1379,"Y","Y","N","N","Yes"
1929602,"PRICEWATERHOUSECOOPERS CI LLP","37 ESPLANADE","","ST HELIER","","Jersey","","Y",1412,"Y","Y","N","N","Yes"
1923673,"ERNST & YOUNG LLP","801 GRAND AVENUE","SUITE 3100","DES MOINES","IA","United States","50309-2764","Y",42,"Y","N","Y","Y","Yes"
1940816,"EISNERAMPER, LLP","ONE CALIFORNIA","SUITE 1700","SAN FRANCISCO","CA","United States","94111","Y",274,"Y","N","Y","N",""
1940816,"WEAVER AND TIDWELL, LLP","1230 ROSECRANS AVENUE","SUITE 510","MANHATTAN BEACH","CA","United States","90266","Y",410,"Y","Y","N","N","Yes"
1940816,"MARCUM LLP","777 S FIGUEROA ST","29TH FLOOR","LOS ANGELES","CA","United States","90017","Y",688,"Y","Y","N","N","Yes"
1946997,"FRANK, RIMERMAN & CO., LLP","60 SOUTH MARKET STREET, SUITE 500","","SAN JOSE","CA","United States","95113","Y",1596,"Y","Y","N","N","Yes"
1946932,"ERNST & YOUNG, LLP","5 TIMES SQUARE","","NEW YORK","NY","United States","10036","Y",42,"Y","Y","N","Y","Yes"
1936074,"ERNST & YOUNG LTD.","62 FORUM LANE","","GEORGE TOWN","","Cayman Islands","KY1-1106","Y",1655,"Y","Y","N","N","Yes"
1938815,"DELOITTE & TOUCHE LLP","200 BERKELEY STREET","","BOSTON","MA","United States","02116","Y",34,"Y","N","Y","N",""
1947099,"ASHLAND PARTNERS & COMPANY LLP","3512 EXCEL DRIVE, SUITE 103","","MEDFORD","OR","United States","97504","Y",3783,"Y","N","Y","N",""
1945000,"PEROTTI AND CARRADE","1 MCINNIS PARKWAY","SUITE 200","SAN RAFAEL","CA","United States","94903","N",,"","N","Y","N",""
1944059,"MARCUM LLP","10 MELVILLE PARK ROAD","","MELVILLE","NY","United States","11747","Y",688,"Y","N","Y","N",""
1947147,"MMB AND COMPANY","11 BRITISH AMERICAN BLVD","","LATHAM","NY","United States","12110-1405","N",,"N","N","Y","N",""
1940740,"MAZARS USA LLP","135 WEST 50TH ST","","NEW YORK","NY","United States","10020","Y",339,"Y","N","Y","N",""
1947259,"ACCELL AUDIT & COMPLIANCE, PA","8270 WOODLAND CENTER BOULEVARD #3425","","TAMPA","FL","United States","33614","Y",7204,"Y","N","Y","N",""
1947259,"BDO USA, P.C.","330 N WABASH AVE","","CHICAGO","IL","United States","60611","Y",243,"Y","N","N","Y","Not Yet Received"
1935580,"ASHLAND PARTNERS","3512 EXCEL DR","SUITE 103","MEDFORD","OR","United States","97504","Y",3783,"N","N","Y","N",""
1937601,"ERNST & YOUNG LLP","200 CLARENDON ST.","","BOSTON","MA","United States","02116","Y",42,"Y","Y","N","N","No"
1930140,"ERNST & YOUNG LLP","5 TIMES SQUARE","","NEW YORK","NY","United States","10036","Y",42,"Y","Y","N","N","Yes"
1934213,"ASHLAND PARTNERS & COMPANY LLC","525 BIGHAM KNOLL, SUITE 200","","JACKSONVILLE","OR","United States","97530","Y",3783,"Y","N","Y","N",""
1934124,"KPMG LLP","SIX CRICKET SQUARE","","GRAND CAYMAN","","Cayman Islands","KY1-1106","Y",1323,"Y","Y","N","N","Yes"
1934604,"GREER WALKER, LLP","227 WEST TRADE ST","SUITE 1100","CHARLOTTE","NC","United States","28202","Y",2324,"Y","N","Y","Y","Yes"
1934214,"PLANTE & MORAN, PLLC","10 SOUTH RIVERSIDE PLAZA","9TH FLOOR","CHICAGO","IL","United States","60606","Y",166,"Y","N","Y","N",""
1934124,"KPMG LLP","1601 MARKET STREET","","PHILADELPHIA","PA","United States","19103-7240","Y",185,"Y","Y","N","N","Yes"
1934124,"KPMG LLP","345 PARK AVENUE","","NEW YORK","NY","United States","10154","Y",1323,"Y","Y","N","N","Yes"
1931077,"WIPFLI LLP","10000 W INNOVATION DRIVE","SUITE 250","MILWAUKEE","WI","United States","53226","Y",344,"Y","N","Y","N",""
1935800,"KPMG LLP","10 SOUTH BROADWAY","SUITE 900","ST. LOUIS","MO","United States","63102","Y",185,"Y","N","Y","Y","Yes"
1936141,"GBQ PARTNERS LLC","230 WEST STREET","SUITE 700","COLUMBUS","OH","United States","43215","Y",1808,"Y","N","Y","N",""
1935262,"ASHLAND PARTNERS & COMPANY LLP","3515 EXCEL DRIVE","SUITE 103","MEDFORD","OR","United States","97504","Y",3783,"N","N","Y","N",""
1935100,"KPMG LLP","P.O. BOX 493","SIX CRICKET SQUARE","GEORGE TOWN","","Cayman Islands","KY1-1106","Y",1323,"Y","Y","N","N","Yes"
1927986,"BPM, LLP","1 CALIFORNIA STREET","2500","SAN FRANCISCO","CA","United States","94111","Y",207,"Y","N","Y","N",""
1938994,"PLANTE MORAN","3000 TOWN CENTER","SUITE 100","SOUTHFIELD","MI","United States","48075","Y",166,"Y","N","Y","N",""
1935495,"KPMG LLP","P.O. BOX 493","SIX CRICKET SQUARE","GEORGE TOWN","","Cayman Islands","KY1-1106","Y",1323,"Y","Y","N","N","Yes"
1932591,"WEAVER AND TIDWELL, L.L.P.","1230 ROSECRANS AVENUE","SUITE 510","MANHATTAN BEACH","CA","United States","90266","Y",410,"Y","Y","N","N","Yes"
1939776,"GRANT THORNTON LLP","757 THIRD AVENUE","9TH FLOOR","NEW YORK","NY","United States","10017","Y",248,"Y","Y","N","N","Yes"
1939130,"PRICEWATERHOUSECOOPERS LLP","601 S. FIGUEROA ST.","SUITE 900","LOS ANGELES","CA","United States","90017","Y",238,"Y","Y","N","N","Yes"
1936133,"FISCHER CUNNANE & ASSOCIATES, LTD","11 TURNER LANE","","WEST CHESTER","PA","United States","19380","Y",1940,"Y","N","Y","N",""
1939286,"MOUNTJOY CHILTON MEDLEY LLP","201 EAST FIFTH STREET","SUITE 2100","CINCINNATI","OH","United States","45202","Y",2276,"Y","N","Y","N",""
1938754,"MRM CPAS & ADVISORS","3001 DALLAS PARKWAY","#750","FRISCO","TX","United States","75034","N",,"","N","Y","N",""
1934029,"ARENA, SNYDER & DUNLAP, LLP","722 SPRINGDALE DRIVE","SUITE 200","EXTON","PA","United States","19341","N",,"","N","Y","N",""
1936942,"FRAZIER & DEETER","1230 PEACHTREE STREET","SUITE 1500","ATLANTA","GA","United States","30309","Y",215,"Y","N","Y","N",""
1940198,"ERNST & YOUNG LLP","5 TIMES SQUARE","","NEW YORK","NY","United States","10036","Y",42,"Y","Y","Y","N","Yes"
1940198,"PRICEWATERHOUSECOOPERS","ONE SPENCER DOCK, NORTH WALL QUAY","","DUBLIN","","Ireland","","Y",1366,"Y","Y","N","N","Yes"
1940309,"UHY LLC","4200 UNIVERSITY AVENUE","SUITE 410","WEST DES MOINES","IA","United States","50266","Y",1195,"Y","N","Y","N",""
1939519,"BUCKNO, LISICKY & COMPANY","645 HAMILTON STREET","#204","ALLENTOWN","PA","United States","18101","N",,"","N","Y","N",""
1939521,"DELOITTE & TOUCHE LLP","555 WEST 5TH STREET, SUITE 2700","","LOS ANGELES","CA","United States","90013","Y",34,"Y","Y","N","N","Yes"
1921583,"MEISEL, TUTEUR & LEWIS, P.C.","105 EISENHOWER PARKWAY","SUITE 203","ROSELAND","NJ","United States","07068","Y",3861,"Y","N","Y","N",""
1939656,"BUCKNO, LISICKY & COMPANY","645 HAMILTON STREET","#204","ALLENTOWN","PA","United States","18101","N",,"","N","Y","N",""
1926487,"KEITER","4401 DOMINION BOULEVARD","","GLEN ALLEN","VA","United States","23060","Y",80,"Y","N","Y","N",""
1935928,"BAUER & COMPANY","P.O. BOX 27887","","AUSTIN","TX","United States","78755","Y",6072,"Y","Y","N","N","Yes"
1939792,"DELOITTE & TOUCHE LLP","ASSET MANAGEMENT SERVICES","TWO WORLD FINANCIAL CENTER","NEW YORK","NY","United States","10281-1414","Y",34,"Y","Y","N","N","Yes"
1939381,"PRAGER METIS CPAS, LLC, JOSEPH ZARKOWSKI, CPA","222 MOUNT AIRY ROAD","","BASKING RIDGE","NJ","United States","07920","Y",273,"Y","N","Y","N",""
1937081,"CROWE LLP","485 LEXINGTON AVE","FLOOR 11","NEW YORK","NY","United States","10017","Y",173,"Y","N","Y","Y","Yes"
1939497,"DELOITTE & TOUCHE LLP","1700 MARKET STREET","","PHILADELPHIA","PA","United States","19103","Y",34,"Y","Y","Y","N","Yes"
1939497,"DELOITTE & TOUCHE LLP","ONE CAPITAL PLACE","PO BOX 1787","GRAND CAYMAN","","Cayman Islands","KY1-1109","Y",1096,"Y","Y","N","N","Yes"
1939497,"DELOITTE AUDIT SARL","20, BOULEVARD DE KOCKELSCHEUER","","LUXEMBOURG","","Luxembourg","L-1821","Y",1287,"Y","Y","N","N","Yes"
1939506,"NICHOLS, CAULEY, & ASSOCIATES, LLC","3550 ENGINEERING DRIVE","SUITE 250","PEACHTREE CORNERS","GA","United States","30092","Y",281,"Y","N","Y","N",""
1939515,"DELOITTE & TOUCHE LLP","1700 MARKET STREET","","PHILADELPHIA","PA","United States","19103","Y",34,"Y","Y","Y","N","Yes"
1939515,"DELOITTE IRELAND LLP","DELOITTE & TOUCHE HOUSE, EARLSFORT TERRACE","","DUBLIN","","Ireland","2","Y",1193,"Y","N","N","N",""
1939515,"PRICEWATERHOUSECOOPERS LLP","TWO COMMERCE SQUARE","2001 MARKET STREET #1800","PHILADELPHIA","PA","United States","19103","Y",238,"Y","Y","N","N","Yes"
1939515,"PRICEWATERHOUSECOOPERS AG","BIRCHSTRASSE 160","","ZURICH","","Switzerland","8050","Y",1358,"Y","Y","N","N","Yes"
1939515,"PRICEWATERHOUSECOOPERS","2, RUE GERHARD MERCATOR","","GRAND DUCHY OF LUXEMBOURG","","Luxembourg","L-2182","Y",1328,"Y","Y","N","N","Yes"
1939515,"DELOITTE & TOUCHE LLP","ONE CAPITAL PLACE","PO BOX 1787","GRAND CAYMAN","","Cayman Islands","KY1-1109","Y",1096,"Y","Y","N","N","Yes"
1939515,"DELOITTE AUDIT S.A.R.L","REVISEUR D'ENTREPRISES AGREE,","20, BOULEVARD DE KOCKELSCHEUER","LUXEMBOURG","","Luxembourg","L-1821","Y",1287,"Y","Y","N","N","Yes"
1939549,"ROGER KRAUSE CPA","2210 RIDGEWOOD ROAD, SUITE 101","BERKSHIRE PLACE","WYOMISSING","PA","United States","19610","N",,"N","N","Y","N",""
1940433,"PRICEWATERHOUSE COOPERS LLP","300 MADISON AVENUE","","NEW YORK","NY","United States","10017-6204","Y",238,"Y","N","Y","Y","Yes"
1940478,"KPMG LLP","10 SOUTH BROADWAY","SUITE 900","SAINT LOUIS","MO","United States","63102-1736","Y",185,"Y","N","Y","Y","Yes"
1937499,"MARCUM LLP","750 THIRD AVENUE-  27TH FLOOR","","NEW YORK","NY","United States","10017","Y",688,"Y","Y","Y","N","Yes"
1935720,"COHNREZNICK LLP","707 WILSHIRE BOULEVARD","","LOS ANGELES","CA","United States","90017","Y",596,"Y","Y","N","N","Not Yet Received"
1939581,"ASHLAND PARTNERS & COMPANY LLP","3512 EXCEL DRIVE","SUITE 103","MEDFORD","OR","United States","97504","Y",3783,"Y","N","Y","N",""
1939681,"KPMG LLP","345 PARK AVENUE","","NEW YORK","NY","United States","10154-0102","Y",185,"Y","Y","N","N","Yes"
1939681,"ERNST & YOUNG, LLP","1 MANHATTAN WEST","","NEW YORK","NY","United States","10036-6530","Y",42,"Y","Y","N","N","Yes"
1939681,"PRICEWATERHOUSECOOPERS","18 FORUM LANE","P.O. BOX 258","GRAND CAYMAN","","Cayman Islands","KY1-1104","Y",238,"Y","Y","N","N","Yes"
1939681,"S.R. BATLIBOI & CO. LLP","29 SENAPATI BAPAT MARG","DADAR (WEST)","MUMBAI","","India","400028","Y",1272,"Y","Y","N","N","Yes"
1939681,"DELOITTE HASKINS & SELLS LLP","1 INTERNATIONAL CENTER, SENAPATI BAPAT MARG","ELPHINSTONE ROAD (WEST)","MUMBAI","","India","400013","Y",1180,"Y","Y","N","N","Yes"
1939624,"PRICEWATERHOUSECOOPERS LLP","2001 MARKET STREET","SUITE 1800","PHILADELPHIA","PA","United States","19103-7042","Y",238,"Y","N","Y","Y","No"
1930005,"GEFFEN MESHER","888 SW 5TH AVE","SUITE 800","PORTLAND","OR","United States","97204","Y",3192,"Y","N","Y","N",""
1940529,"KNIGHT, ROLLERI, SHEPPARD, CPAS LLP","1499 POST ROAD","","FAIRFIELD","CT","United States","06824","Y",3437,"Y","N","Y","N",""
1938810,"WALTER & SHUFFAIN, P.C.","ONE INTERNATIONAL PLACE","SUITE 1010","BOSTON","MA","United States","02110","Y",5439,"Y","N","Y","N",""
1934372,"GRASSI & CO., CPAS, P.C.","750 THIRD AVENUE","28TH FLOOR","NEW YORK","NY","United States","10017","Y",606,"Y","N","Y","N",""
1938974,"ASHLAND PARTNERS & COMPANY LLP","4400 LIVINGSTON ROAD","","CENTRAL POINT","OR","United States","97502","Y",3783,"Y","N","Y","N",""
1938974,"KPMG","PO BOX 493","SIX CRICKET SQUARE","GRAND CAYMAN","","Cayman Islands","KY1-1106","Y",1323,"Y","Y","N","N","Not Yet Received"
1934570,"KEITER, PC","4401 DOMINION BOULEVARD, 2ND FLOOR","","GLEN ALLEN","VA","United States","23060","Y",80,"Y","Y","N","N","Yes"
1940153,"EISNER AMPER","ONE MARKET, LANDMARK, SUITE 620","","SAN FRANCISCO","CA","United States","94105","Y",274,"Y","Y","N","N","Yes"
1938564,"BRAD VAN HOUTEN","1517 E PALM VALLEY BLVD","","ROUND ROCK","TX","United States","78664","N",,"","N","N","Y","No"
1910683,"CBIZ CPAS P.C.","53 STATE STREET","17TH FLOOR","BOSTON","MA","United States","02109","Y",199,"Y","N","Y","N",""
1937694,"ASSURANCE DIMENSIONS","2000 BANKS ROAD, SUITE 218","","MARGATE","FL","United States","33063","Y",5036,"Y","N","Y","N",""
1940178,"PRICEWATERHOUSECOOPERS LLP","726 EXCHANGE ST","SUITE 100","BUFFALO","NY","United States","14210","Y",238,"Y","N","Y","Y","Yes"
1927432,"ASHLAND PARTNERS & COMPANY LLP","3512 EXCEL DRIVE","SUITE 103","MEDFORD","OR","United States","97504","Y",3783,"N","N","Y","N",""
1940117,"SNYDER COHN, PC","11200 ROCKVILLE PIKE","SUITE 415","NORTH BETHESDA","MD","United States","20852","Y",5134,"N","N","Y","N",""
1940276,"PRICEWATERHOUSE COOPERS LP","300 MADISON AVENUE","","NEW YORK","NY","United States","10017","Y",238,"Y","Y","N","N","Not Yet Received"
1941463,"DANNIBLE & MCKEE, LLP","FINANCIAL PLAZA, 221 S. WARREN ST.","","SYRACUSE","NY","United States","13202-2687","Y",528,"Y","N","Y","N",""
1945853,"DAVID LUNDGREN & COMPANY","505 N MUR-LEN ROAD","505","OLATHE","KS","United States","66062","Y",6075,"Y","N","Y","N",""
1939422,"SANVILLE & CO","325 NORTH SAINT PAUL ST.","SUITE 3100","DALLAS,","TX","United States","75201","Y",169,"Y","N","Y","N",""
1941555,"DELOITTE AND TOUCHE LLP","655 WEST BROADWAY, SUITE 700","","SAN DIEGO","CA","United States","92101","Y",34,"Y","N","Y","Y","Yes"
1941795,"SPICER JEFFRIES, LLP","4601 DTC BLVD., SUITE 700","","DENVER","CO","United States","80237","Y",349,"Y","Y","N","N","Yes"
1933210,"DEJOY & CO. CPAS, LLP","280 EAST BROAD STREET","SUITE 300","ROCHESTER","NY","United States","14604","Y",1069,"Y","N","Y","N",""
1943813,"LAPORTE, APAC","111 VETERANS BOULEVARD SUITE 600","","METAIRIE","LA","United States","70005","Y",601,"Y","N","Y","N",""
1945243,"ERNST & YOUNG LLP","5 TIMES SQUARE","","NEW YORK","NY","United States","10036","Y",42,"Y","Y","Y","N","Yes"
1940702,"PRAGER METIS CPAS PLLC","10815 SIKES PLACE SUITE 100","","CHARLOTTE","NC","United States","28277","N",,"","N","Y","N",""
1940702,"BBD, LLP","1835 MARKET STREET","3RD FLOOR","PHILADELPHIA","PA","United States","19103","Y",552,"Y","Y","N","N","Yes"
1947833,"PRICEWATERHOUSECOOPERS LLP","125 HIGH STREET","","BOSTON","MA","United States","02110","Y",238,"Y","Y","Y","N","Yes"
1947934,"FGMK, LLC","333 W. WACKER DR.","6TH FLOOR","CHICAGO","IL","United States","60606","Y",3968,"Y","Y","Y","N","Yes"
1937912,"PRICEWATERHOUSECOOPERS LLP","45 S. 7TH STREET","SUITE 3400","MINNEAPOLIS","MN","United States","55402","Y",238,"Y","N","Y","Y","Yes"
1927944,"ASHLAND PARTNERS","3512 EXCEL DR","SUITE 103","MEDFORD","OR","United States","97504","Y",3783,"Y","N","Y","N",""
1928080,"ASHLAND PARTNERS & COMPANY LLP","3512 EXCEL DRIVE, SUITE 103","","MEDFORD","OR","United States","97504","Y",3783,"N","N","Y","N",""
1948092,"MATT STILLE, CPA OF COHNREZNICK LLP","816 CONGRESS AVENUE","SUITE 200","AUSTIN","TX","United States","78701","Y",596,"Y","Y","N","N","Not Yet Received"
