"FilingID","Fund Name","Fund ID","Adviser Name","Adviser SEC Number","Clients Solicited?"
1925331,"PERMANENS CAPITAL HIGH YIELD FUND, L.P.",805-7910785839,"PERMCAP INVESTMENT OFFICE","801-72416","N"
1925331,"ANGELES DIVERSIFIED INCOME FUND",805-1275765520,"ANGELES INVESTMENT ADVISORS","801-60042","N"
1922716,"ARES CLIMATE INFRASTRUCTURE PARTNERS, L.P.",805-4452273208,"ARES MANAGEMENT LLC","801-63800","N"
1922716,"ACIP PARALLEL FUND A, L.P.",805-3915992109,"ARES MANAGEMENT LLC","801-63800","N"
1922475,"OFFSHORE EMERGING MARKETS FUND",805-9133149976,"MORGAN STANLEY INVESTMENT MANAGEMENT INC.","801-15757","N"
1922475,"EMERGING MARKETS TRUST",805-3044775149,"MORGAN STANLEY INVESTMENT MANAGEMENT INC.","801-15757","N"
1922475,"EMERGING MARKETS LEADERS TRUST",805-4149615117,"MORGAN STANLEY INVESTMENT MANAGEMENT INC.","801-15757","N"
1928409,"BLUEBAY GLOBAL SECURITISED CREDIT OPPORTUNITIES FUND",805-9967618124,"RBC GLOBAL ASSET MANAGEMENT (UK) LIMITED","801-78436","Y"
1922906,"FUND A",805-5663558974,"BOOTHBAY FUND MANAGEMENT","801-80018","N"
1922906,"FUND B",805-3035644699,"BOOTHBAY FUND MANAGEMENT","801-80018","N"
1928409,"BLUEBAY EVENT DRIVEN CREDIT (MASTER) FUND LIMITED",805-6961344543,"RBC GLOBAL ASSET MANAGEMENT (UK) LIMITED","801-78436","Y"
1928409,"BLUEBAY GLOBAL CREDIT ALPHA LONG SHORT (MASTER) FUND LIMITED",805-1474191511,"RBC GLOBAL ASSET MANAGEMENT (UK) LIMITED","801-78436","Y"
1921721,"PRELUDE STRUCTURED ALTERNATIVES MASTER FUND, LP",805-2495224621,"PRELUDE CAPITAL MANAGEMENT, LLC","801-73598","N"
1928331,"FSSA ASIA PACIFIC FUND",805-1486209569,"FIRST SENTIER INVESTORS (US) LLC","801-93167","N"
1928331,"FSSA JAPAN FOCUS FUND",805-3521308720,"FIRST SENTIER INVESTORS (US) LLC","801-93167","N"
1931480,"CHG-NONAME CAPITAL LLC",805-4772798269,"CYPRESS WEALTH MANAGEMENT","801-128859","N"
1931480,"CHG-MSTK LLC",805-7504977521,"CYPRESS WEALTH MANAGEMENT","801-128859","N"
1925334,"CRESTLINE SUMMIT MASTER, SPC - PEAK SP",805-2961456286,"CRESTLINE MANAGEMENT, L.P.","801-61607","N"
1925334,"CRESTLINE SUMMIT MASTER, SPC - APEX SP",805-4104479835,"CRESTLINE MANAGEMENT, L.P.","801-61607","N"
1926952,"CVC CAPITAL PARTNERS VI (A) L.P.",805-9827738207,"CVC ADVISERS JERSEY LIMITED","802-113037","N"
1926952,"CVC CAPITAL PARTNERS VI (B) L.P.",805-5490868125,"CVC ADVISERS JERSEY LIMITED","802-113037","N"
1926952,"CVC CAPITAL PARTNERS VI (C) L.P.",805-2728633912,"CVC ADVISERS JERSEY LIMITED","802-113037","N"
1926952,"CVC GROWTH PARTNERS L.P.",805-7232005204,"CVC ADVISERS JERSEY LIMITED","802-113037","N"
1926952,"CVC CAPITAL PARTNERS VI (D) S.L.P.",805-3488114003,"CVC ADVISERS JERSEY LIMITED","802-113037","N"
1926952,"CVC CAPITAL PARTNERS VII (A) L.P.",805-4001314431,"CVC ADVISERS JERSEY LIMITED","802-113037","N"
1926952,"CVC CAPITAL PARTNERS STRATEGIC OPPORTUNITIES B L.P.",805-7174575612,"CVC ADVISERS JERSEY LIMITED","802-113037","N"
1926952,"CVC CAPITAL PARTNERS STRATEGIC OPPORTUNITIES COMPOUNDING CAPITAL L.P.",805-2457967287,"CVC ADVISERS JERSEY LIMITED","802-113037","N"
1926952,"CVC CAPITAL PARTNERS STRATEGIC OPPORTUNITIES D L.P.",805-7039588309,"CVC ADVISERS JERSEY LIMITED","802-113037","N"
1926952,"CVC CAPITAL PARTNERS STRATEGIC OPPORTUNITIES A L.P.",805-3222548029,"CVC ADVISERS JERSEY LIMITED","802-113037","N"
1926952,"CVC CAPITAL PARTNERS STRATEGIC OPPORTUNITIES II L.P.",805-4765926024,"CVC ADVISERS JERSEY LIMITED","802-113037","N"
1926952,"CVC GROWTH PARTNERS II L.P.",805-4772558431,"CVC ADVISERS JERSEY LIMITED","802-113037","N"
1926952,"CVC CAPITAL PARTNERS VIII (A) L.P.",805-3571199055,"CVC ADVISERS JERSEY LIMITED","802-113037","N"
1926952,"CVC CAPITAL PARTNERS IX (A) L.P.",805-3995413255,"CVC ADVISERS JERSEY LIMITED","802-113037","N"
1926952,"CVC CAPITAL PARTNERS IX (B) SCSP",805-2092650456,"CVC ADVISERS JERSEY LIMITED","802-113037","N"
1924005,"CMAP TREND TCYP FUND LIMITED",805-1265595974,"WILSHIRE","801-36233","N"
1924305,"T. ROWE PRICE FUNDS SICAV - EMERGING MARKETS DISCOVERY EQUITY FUND",805-3440362603,"T. ROWE PRICE INTERNATIONAL LTD","801-61894","Y"
1924305,"T. ROWE PRICE FUNDS SICAV - ASIA CREDIT BOND FUND",805-7577693399,"T. ROWE PRICE INTERNATIONAL LTD","801-61894","Y"
1924305,"T. ROWE PRICE FUNDS SICAV - DYNAMIC EMERGING MARKETS BOND FUND",805-3787201223,"T. ROWE PRICE INTERNATIONAL LTD","801-61894","Y"
1924305,"T. ROWE PRICE FUNDS OEIC - EMERGING MARKETS DISCOVERY EQUITY FUND",805-3801323520,"T. ROWE PRICE INTERNATIONAL LTD","801-61894","Y"
1924305,"T. ROWE PRICE FUNDS SICAV - CHINA EVOLUTION EQUITY FUND",805-7975276937,"T. ROWE PRICE INTERNATIONAL LTD","801-61894","Y"
1924305,"T. ROWE PRICE FUNDS SICAV - GLOBAL REAL ESTATE SECURITIES FUND",805-3936995907,"T. ROWE PRICE INTERNATIONAL LTD","801-61894","Y"
1924305,"T. ROWE PRICE FUNDS OEIC - CHINA EVOLUTION EQUITY FUND",805-2936992390,"T. ROWE PRICE INTERNATIONAL LTD","801-61894","Y"
1924305,"T. ROWE PRICE FUNDS SICAV - CHINA GROWTH LEADERS EQUITY FUND",805-6186198945,"T. ROWE PRICE INTERNATIONAL LTD","801-61894","Y"
1924305,"T. ROWE PRICE FUNDS SICAV - GLOBAL STRUCTURED RESEARCH EQUITY FUND",805-1086004483,"T. ROWE PRICE INTERNATIONAL LTD","801-61894","Y"
1924305,"T. ROWE PRICE FUNDS B SICAV - MULTI-STRATEGY TOTAL RETURN FUND",805-4311099413,"T. ROWE PRICE INTERNATIONAL LTD","801-61894","Y"
1924547,"BT SELECT FUND I LP",805-3305467320,"WAVERLY ADVISORS, LLC","801-60741","N"
1924547,"BT OPPORTUNITY FUND, LP",805-4712852275,"WAVERLY ADVISORS, LLC","801-60741","N"
1927477,"COVENANT GLOBAL EQUITIES FUND SERIES INTERESTS OF THE SALI MULTI-SERIES FUND II, L.P.",805-6769581351,"SALI FUND SERVICES","801-61702","Y"
1927477,"COVENANT GLOBAL EQUITIES FUND SERIES INTERESTS OF THE SALI MULTI-SERIES FUND II 3(C)(1), LP",805-2581175015,"SALI FUND SERVICES","801-61702","Y"
1927477,"TRUSTCORE PRIVATE OPPORTUNITIES FUND LP",805-7259788753,"PPB ADVISORS, LLC","801-96194","Y"
1927477,"ONE BRICK SELECT PRIVATE CREDIT FUND I, LP",805-2885543117,"PPB ADVISORS, LLC","801-96194","Y"
1931180,"PARTNERS GROUP PRIVATE EQUITY INSURANCE DEDICATED FUND I, A SERIES OF PARTNERS GROUP INSURANCE DEDICATED FUND L.P.",805-1957539681,"SALI FUND SERVICES","801-61702","N"
1931557,"CMAP TREND TCYP FUND LIMITED",805-1265595974,"WILSHIRE","801-36233","N"
1932721,"LCG LAND DEVELOPMENT 2 INSURANCE DEDICATED FUND SERIES INTERESTS OF THE SALI MULTI-SERIES FUND XIII, L.P.",805-3194892958,"SALI FUND SERVICES","801-61702","N"
1929589,"A&Q METRIC SPC - GLOBAL OPPORTUNISTIC II SP",805-9544345437,"UBS ASSET MANAGEMENT (AMERICAS) LLC","801-34910","N"
1931180,"PARTNERS GROUP PRIVATE MARKETS INSURANCE FUND I, A SERIES OF SALI MULTI-SERIES FUND IX, L.P.",805-3104524637,"SALI FUND SERVICES","801-61702","N"
1931180,"PARTNERS GROUP PRIVATE MARKETS LONGTAIL INSURANCE DEDICATED FUND, A SERIES OF PARTNERS GROUP INSURANCE DEDICATED FUND II L.P.",805-5364519485,"SALI FUND SERVICES","801-61702","N"
1922520,"AXA IM GLOBAL HEALTH FUND SCSP SICAV-RAIF",805-5326574548,"AXA INVESTMENT MANAGERS UK LIMITED","802-125804","N"
1922520,"AXA GLOBAL HEALTH IMPACT OPPORTUNITIES FUND SA SICAV-RAIF",805-2646833118,"AXA INVESTMENT MANAGERS UK LIMITED","802-125804","N"
1928556,"VIRTUS EMERGING MARKETS CONSUMER LLC",805-1703983846,"VIRTUS FUND ADVISERS, LLC","801-23163","N"
1928556,"VIRTUS INTERNATIONAL SMALL-CAP OPPORTUNITIES LLC",805-7964728763,"VIRTUS FUND ADVISERS, LLC","801-23163","N"
1931180,"PARTNERS GROUP PRIVATE MARKETS INSURANCE FUND II, A SERIES OF SALI MULTI-SERIES FUND IX, L.P.",805-9341518780,"SALI FUND SERVICES","801-61702","N"
1931250,"CORUNDUM MANAGED EQUITY FUND AI LLC",805-6927558559,"CORUNDUM GROUP, INC.","801-42281","N"
1931250,"CORUNDUM MANAGED EQUITY FUND QP LLC",805-6780062866,"CORUNDUM GROUP, INC.","801-42281","N"
1931250,"CORUNDUM INCOME FUND QP LLC",805-8196921760,"CORUNDUM GROUP, INC.","801-42281","N"
1928917,"MADISON PARK FUNDING XL LTD",805-7900035743,"UBS ASSET MANAGEMENT (AMERICAS) LLC","801-34910","N"
1928917,"MADISON PARK FUNDING XIII LTD",805-5973708825,"UBS ASSET MANAGEMENT (AMERICAS) LLC","801-34910","N"
1928917,"MADISON PARK FUNDING XIV",805-8110608050,"UBS ASSET MANAGEMENT (AMERICAS) LLC","801-34910","N"
1928917,"MADISON PARK FUNDING XI LTD",805-6643537721,"UBS ASSET MANAGEMENT (AMERICAS) LLC","801-34910","N"
1928917,"MADISON PARK FUNDING XLI LTD",805-1572148613,"UBS ASSET MANAGEMENT (AMERICAS) LLC","801-34910","N"
1928917,"MADISON PARK FUNDING XIX LTD",805-6207524209,"UBS ASSET MANAGEMENT (AMERICAS) LLC","801-34910","N"
1928917,"MADISON PARK FUNDING XVII LTD",805-9655800381,"UBS ASSET MANAGEMENT (AMERICAS) LLC","801-34910","N"
1928917,"MADISON PARK FUNDING XX LLC",805-7766063054,"UBS ASSET MANAGEMENT (AMERICAS) LLC","801-34910","N"
1928917,"MADISON PARK FUNDING XXI LTD",805-7723162810,"UBS ASSET MANAGEMENT (AMERICAS) LLC","801-34910","N"
1928917,"MADISON PARK FUNDING XXII LTD",805-6620850276,"UBS ASSET MANAGEMENT (AMERICAS) LLC","801-34910","N"
1928917,"MADISON PARK FUNDING XXV LTD",805-8190369120,"UBS ASSET MANAGEMENT (AMERICAS) LLC","801-34910","N"
1928917,"MADISON PARK FUNDING XXVIII LTD",805-8607810891,"UBS ASSET MANAGEMENT (AMERICAS) LLC","801-34910","N"
1928917,"MADISON PARK FUNDING XXX LTD",805-6042769636,"UBS ASSET MANAGEMENT (AMERICAS) LLC","801-34910","N"
1928917,"MADISON PARK FUNDING XVIII LTD",805-7512789067,"UBS ASSET MANAGEMENT (AMERICAS) LLC","801-34910","N"
1928917,"MADISON PARK FUNDING L LTD",805-8438638822,"UBS ASSET MANAGEMENT (AMERICAS) LLC","801-34910","N"
1928917,"MADISON PARK FUNDING LI LTD",805-3961665771,"UBS ASSET MANAGEMENT (AMERICAS) LLC","801-34910","N"
1928917,"MADISON PARK FUNDING XLII LTD",805-3627495358,"UBS ASSET MANAGEMENT (AMERICAS) LLC","801-34910","N"
1928917,"MADISON PARK FUNDING XLIII LTD",805-3778074825,"UBS ASSET MANAGEMENT (AMERICAS) LLC","801-34910","N"
1928917,"MADISON PARK FUNDING XLVI LTD",805-4635949389,"UBS ASSET MANAGEMENT (AMERICAS) LLC","801-34910","N"
1928917,"MADISON PARK FUNDING XLVII LTD",805-8355878547,"UBS ASSET MANAGEMENT (AMERICAS) LLC","801-34910","N"
1928917,"MADISON PARK FUNDING XLVIII LTD",805-4558607383,"UBS ASSET MANAGEMENT (AMERICAS) LLC","801-34910","N"
1928917,"MADISON PARK FUNDING XXIII LTD",805-9365456445,"UBS ASSET MANAGEMENT (AMERICAS) LLC","801-34910","N"
1928917,"MADISON PARK FUNDING XXIX LTD",805-4494056098,"UBS ASSET MANAGEMENT (AMERICAS) LLC","801-34910","N"
1928917,"MADISON PARK FUNDING XXVI LTD",805-7290171581,"UBS ASSET MANAGEMENT (AMERICAS) LLC","801-34910","N"
1928917,"MADISON PARK FUNDING XXXV LTD",805-5293035845,"UBS ASSET MANAGEMENT (AMERICAS) LLC","801-34910","N"
1928917,"MADISON PARK FUNDING XXXVI LTD",805-1146869608,"UBS ASSET MANAGEMENT (AMERICAS) LLC","801-34910","N"
1928917,"MADISON PARK FUNDING XXXVII LTD",805-9486601335,"UBS ASSET MANAGEMENT (AMERICAS) LLC","801-34910","N"
1928917,"MADISON PARK FUNDING XXXVIII LTD",805-1711857427,"UBS ASSET MANAGEMENT (AMERICAS) LLC","801-34910","N"
1928917,"MADISON PARK FUNDING XXVII, LTD.",805-3154167504,"UBS ASSET MANAGEMENT (AMERICAS) LLC","801-34910","N"
1928917,"MADISON PARK FUNDING LII, LTD.",805-6924594937,"UBS ASSET MANAGEMENT (AMERICAS) LLC","801-34910","N"
1928917,"MADISON PARK FUNDING LIII, LTD.",805-7289011642,"UBS ASSET MANAGEMENT (AMERICAS) LLC","801-34910","N"
1928917,"MADISON PARK FUNDING LIX, LTD.",805-5904725951,"UBS ASSET MANAGEMENT (AMERICAS) LLC","801-34910","N"
1928917,"MADISON PARK FUNDING LV, LTD.",805-1540440168,"UBS ASSET MANAGEMENT (AMERICAS) LLC","801-34910","N"
1928917,"MADISON PARK FUNDING LXII, LTD.",805-8389508476,"UBS ASSET MANAGEMENT (AMERICAS) LLC","801-34910","N"
1928917,"MADISON PARK FUNDING XLIX, LTD.",805-5227512247,"UBS ASSET MANAGEMENT (AMERICAS) LLC","801-34910","N"
1928917,"MADISON PARK FUNDING XLV, LTD.",805-7759904483,"UBS ASSET MANAGEMENT (AMERICAS) LLC","801-34910","N"
1928917,"MADISON PARK FUNDING XXXI, LTD.",805-2420830119,"UBS ASSET MANAGEMENT (AMERICAS) LLC","801-34910","N"
1928917,"MADISON PARK FUNDING XXXII, LTD.",805-6206547527,"UBS ASSET MANAGEMENT (AMERICAS) LLC","801-34910","N"
1928917,"MADISON PARK FUNDING XXXIII, LTD.",805-6430214378,"UBS ASSET MANAGEMENT (AMERICAS) LLC","801-34910","N"
1928917,"MADISON PARK FUNDING XXXIV, LTD.",805-1450729266,"UBS ASSET MANAGEMENT (AMERICAS) LLC","801-34910","N"
1928917,"MADISON PARK FUNDING XXXIX, LTD.",805-8503560152,"UBS ASSET MANAGEMENT (AMERICAS) LLC","801-34910","N"
1928917,"MADISON PARK FUNDING XXIV, LTD.",805-6456766261,"UBS ASSET MANAGEMENT (AMERICAS) LLC","801-34910","N"
1928917,"MADISON PARK FUNDING XLIV, LTD.",805-3848662614,"UBS ASSET MANAGEMENT (AMERICAS) LLC","801-34910","N"
1928917,"MADISON PARK FUNDING LVII, LTD.",805-6060195338,"UBS ASSET MANAGEMENT (AMERICAS) LLC","801-34910","N"
1929174,"ST. LUKE'S FOUNDATION SIF, LP",805-2276772387,"CAMBRIDGE ASSOCIATES, LLC","801-14255","N"
1929174,"CA 2066",805-1736702184,"CAMBRIDGE ASSOCIATES, LLC","801-14255","N"
1929174,"BVU FUND, LP",805-6046182428,"CAMBRIDGE ASSOCIATES, LLC","801-14255","N"
1930286,"EMERGING MARKETS DEBT LOCAL AND HARD CURRENCY FUND, A SERIES OF THE ABRDN INSTITUTIONAL COMMINGLED FUNDS, LLC",805-6419123773,"ABRDN INC.","801-49966","N"
1929180,"SPI MLP & ENERGY FUND LP",805-7579713630,"SUMMIT PRIVATE INVESTMENTS, INC.","802-108341","N"
1930286,"EMERGING MARKETS EX-CHINA EQUITY FUND, A SERIES OF THE ABRDN INSTITUTIONAL COMMINGLED FUNDS, LLC",805-8488418835,"ABRDN INC.","801-49966","N"
1930286,"EMERGING MARKETS BOND FUND, A SERIES OF THE ABRDN INSTITUTIONAL COMMINGLED FUNDS, LLC",805-1194366500,"ABRDN INC.","801-49966","N"
1930117,"BLACKSTONE DIVERSIFIED ALTERNATIVES IDF SERIES INTERESTS OF THE SALI MULTI-SERIES FUND, L.P.",805-1141058477,"SALI FUND SERVICES","801-61702","N"
1930117,"BLACKSTONE PRIVATE STRATEGIES IDF SERIES INTERESTS OF THE SALI MULTI-SERIES FUND, L.P.",805-6358961693,"SALI FUND SERVICES","801-61702","N"
1930286,"EMERGING MARKETS EQUITY FUND, A SERIES OF THE ABRDN INSTITUTIONAL COMMINGLED FUNDS, LLC",805-5981061768,"ABRDN INC.","801-49966","N"
1930286,"EMERGING MARKETS SMALLER COMPANIES FUND, A SERIES OF THE ABRDN INSTITUTIONAL COMMINGLED FUNDS, LLC",805-1105580182,"ABRDN INC.","801-49966","N"
1930286,"EM SOVEREIGN AND CORPORATE BLENDED FUND, A SERIES OF THE ABRDN INSTITUTIONAL COMMINGLED FUNDS, LLC",805-2372097553,"ABRDN INC.","801-49966","N"
1929805,"MFS CORE PLUS FIXED INCOME LLC",805-9390463320,"MFS INSTITUTIONAL ADVISORS INC.","801-46433","N"
1929805,"MFS GLOBAL EQUITY LLC",805-4629778314,"MFS INSTITUTIONAL ADVISORS INC.","801-46433","N"
1929805,"MFS INTERNATIONAL GROWTH LLC II",805-9224556434,"MFS INSTITUTIONAL ADVISORS INC.","801-46433","N"
1929805,"MFS INTERNATIONAL GROWTH LLC",805-1352751914,"MFS INSTITUTIONAL ADVISORS INC.","801-46433","N"
1929805,"MFS INTERNATIONAL CONCENTRATED EQUITY LLC",805-5198826600,"MFS INSTITUTIONAL ADVISORS INC.","801-46433","N"
1929805,"MFS INTERATIONAL RESEARCH EQUITY LLC",805-7580017980,"MFS INSTITUTIONAL ADVISORS INC.","801-46433","N"
1929805,"MFS GLOBAL AGGREGATE OPPORTUNISTIC LLC",805-1140713553,"MFS INSTITUTIONAL ADVISORS INC.","801-46433","N"
1929805,"MFS EMERGING MARKETS DEBT LLC I",805-8994697689,"MFS INSTITUTIONAL ADVISORS INC.","801-46433","N"
1918910,"ULLICO DIVERSIFIED INTERNATIONAL EQUITY FUND, L.P.",805-4470684001,"ULLICO INVESTMENT ADVISORS, INC.","801-36371","N"
1928119,"EMERGING MARKETS SPECIAL OPPORTUNITIES LTD.",805-9648493686,"EMSO ASSET MANAGEMENT LIMITED","801-66016","N"
1928119,"A&Q METRIC SPC- EMSO OPPORTUNITIES I SP",805-9900011520,"UBS ASSET MANAGEMENT (AMERICAS) LLC","801-34910","N"
1928119,"EMSO CREDIT OPPORTUNITIES FUND 2 LP",805-2780516034,"EMSO ASSET MANAGEMENT LIMITED","801-66016","N"
1928119,"EMSO AGAVE FUND SPC- EMSO IMPRESSA LONG ONLY FUND SP",805-1309856241,"EMSO ASSET MANAGEMENT LIMITED","801-66016","N"
1928119,"CMAP EMSO FUND - CMAP EMSO FUND LIMITED",805-2886944715,"WILSHIRE","801-36233","N"
1930599,"BALLYROCK CLO 2016-1 LTD",805-1637428196,"BALLYROCK INVESTMENT ADVISORS LLC","801-60583","N"
1930599,"BALLYROCK CLO 2018-1 LTD",805-3716629542,"BALLYROCK INVESTMENT ADVISORS LLC","801-60583","N"
1930599,"BALLYROCK CLO 2019-1 LTD",805-2853395054,"BALLYROCK INVESTMENT ADVISORS LLC","801-60583","N"
1930599,"BALLYROCK CLO 2019-2 LTD",805-1233337106,"BALLYROCK INVESTMENT ADVISORS LLC","801-60583","N"
1930599,"BALLYROCK CLO 2020-2 LTD.",805-4635050298,"BALLYROCK INVESTMENT ADVISORS LLC","801-60583","N"
1930599,"BALLYROCK CLO 14 LTD.",805-3323393528,"BALLYROCK INVESTMENT ADVISORS LLC","801-60583","N"
1930599,"BALLYROCK CLO 15 LTD.",805-8511473929,"BALLYROCK INVESTMENT ADVISORS LLC","801-60583","N"
1930599,"BALLYROCK CLO 16 LTD.",805-5796288672,"BALLYROCK INVESTMENT ADVISORS LLC","801-60583","N"
1930599,"BALLYROCK CLO 17 LTD.",805-9698481812,"BALLYROCK INVESTMENT ADVISORS LLC","801-60583","N"
1930599,"BALLYROCK CLO 18 LTD.",805-7616883177,"BALLYROCK INVESTMENT ADVISORS LLC","801-60583","N"
1930599,"BALLYROCK CLO 19 LTD.",805-8541802712,"BALLYROCK INVESTMENT ADVISORS LLC","801-60583","N"
1930599,"BALLYROCK CLO 20 LTD.",805-1014955587,"BALLYROCK INVESTMENT ADVISORS LLC","801-60583","N"
1930599,"BALLYROCK CLO 21 LTD.",805-5152179001,"BALLYROCK INVESTMENT ADVISORS LLC","801-60583","N"
1930599,"BALLYROCK CLO 22 LTD.",805-3950975220,"BALLYROCK INVESTMENT ADVISORS LLC","801-60583","N"
1930599,"BALLYROCK CLO 23 LTD.",805-2059276391,"BALLYROCK INVESTMENT ADVISORS LLC","801-60583","N"
1930599,"BALLYROCK CLO 24 LTD.",805-9635629400,"BALLYROCK INVESTMENT ADVISORS LLC","801-60583","N"
1930599,"BALLYROCK CLO 25 LTD.",805-6813561052,"BALLYROCK INVESTMENT ADVISORS LLC","801-60583","N"
1930599,"BALLYROCK CLO 26 LTD.",805-5283476730,"BALLYROCK INVESTMENT ADVISORS LLC","801-60583","N"
1930529,"CARYLE/RIVERSTONE GLOBAL ENERGY AND POWER FUND III, L.P.",805-5731470598,"RIVERSTONE INVESTMENT GROUP LLC","801-64963","N"
1930529,"C/R JADE PARTNERS, L.P.",805-7547739903,"RIVERSTONE INVESTMENT GROUP LLC","801-64963","N"
1930529,"C/R JADE PARTNERS II, L.P.",805-4366644048,"RIVERSTONE INVESTMENT GROUP LLC","801-64963","N"
1930529,"RIVERSTONE/CARLYLE GLOBAL ENERGY AND POWER FUND IV, L.P.",805-6980094895,"RIVERSTONE INVESTMENT GROUP LLC","801-64963","N"
1930529,"RIVERSTONE/CARLYLE RENEWABLE AND ALTERNATIVE ENERGY FUND II, L.P.",805-3792396966,"RIVERSTONE INVESTMENT GROUP LLC","801-64963","N"
1930529,"R/C PATTERN ENERGY PARTNERS, L.P.",805-1328162697,"RIVERSTONE INVESTMENT GROUP LLC","801-64963","N"
1930529,"INDIANA INVESTMENT FUND II L.L.C.",805-9362350733,"ALPINVEST PARTNERS B.V.","801-72890","N"
1930529,"CARLYLE PRIVATE EQUITY SERIES - SERIES INTERESTS OF THE SALI MULTI-SERIES FUND, L.P.",805-1024991103,"SALI FUND SERVICES","801-61702","N"
1930529,"CARLYLE PRIVATE EQUITY SERIES II INSURANCE DEDICATED FUND SERIES INTERESTS OF THE SALI MULTI-SERIES FUND, L.P.",805-8489984572,"SALI FUND SERVICES","801-61702","N"
1930529,"CARLYLE REAL ASSETS SERIES I INSURANCE DEDICATED FUND SERIES INTERESTS OF THE SALI MULTI-SERIES FUND, L.P.",805-5010008544,"SALI FUND SERVICES","801-61702","N"
1923141,"WHITNEY CAPITAL SERIES FUND LLC",805-3974373214,"SCHONFELD STRATEGIC ADVISORS LLC","801-106963","N"
1926023,"STRATEGIC VENTURE CAPITAL ACCESS FUND, L.P.",805-4135563577,"ICAPITAL ADVISORS, LLC","801-106690","Y"
1922572,"GREEN RIVER INVESTMENTS, LP",805-2240598791,"D/B/A RIVERSIDE CAPITAL MANAGEMENT","802-74701","N"
1925044,"KAYNE SAYBROOK MUNICIPAL OPPORTUNITY FUND, L.P.",805-6898485464,"KAYNE ANDERSON CAPITAL ADVISORS LP","801-46991","N"
1922318,"CORBIN OPPORTUNITY FUND, LP",805-1470962946,"CORBIN CAPITAL PARTNERS, L.P.","801-63358","N"
1922318,"CORBIN ERISA OPPORTUNITY FUND, LP",805-6342800715,"CORBIN CAPITAL PARTNERS, L.P.","801-63358","N"
1925158,"TEMPLETON EUROPEAN LONG-SHORT EQUITY (MASTER) FUND, LTD.",805-7081594143,"TEMPLETON INVESTMENT COUNSEL, LLC","801-15125","N"
1925158,"TEMPLETON EUROPEAN LONG-SHORT EQUITY (CAYMAN) FUND, LTD.",805-4863125974,"TEMPLETON INVESTMENT COUNSEL, LLC","801-15125","N"
1925158,"TEMPLETON EUROPEAN LONG-SHORT EQUITY FUND, L.P.",805-3390214847,"TEMPLETON INVESTMENT COUNSEL, LLC","801-15125","N"
1925158,"FRANKLIN TEMPLETON EMERGING MARKET DEBT OPPORTUNITIES (MASTER) FUND, LTD.",805-9241425905,"FRANKLIN ADVISERS, INC.","801-26292","N"
1925158,"FRANKLIN TEMPLETON EMERGING MARKET DEBT OPPORTUNITIES (CAYMAN) FUND, LTD.",805-9699929632,"FRANKLIN ADVISERS, INC.","801-26292","N"
1925158,"FRANKLIN TEMPLETON EMERGING MARKET DEBT OPPORTUNITIES FUND, L.P.",805-9012652721,"FRANKLIN ADVISERS, INC.","801-26292","N"
1923134,"VIC500 VANGUARD GLOBAL CREDIT BOND",805-8228800020,"VANGUARD INVESTMENTS CANADA INC.","802-107926","N"
1923134,"VIC600 VANGUARD GLOBAL EQUITY",805-7354267689,"VANGUARD INVESTMENTS CANADA INC.","802-107926","N"
1922597,"BLACKROCK ALTERNATIVE FUNDS S.C.A., SICAV-RAIF - BLACKROCK PRIVATE INFRASTRUCTURE OPPORTUNITIES ELTIF",805-8320307560,"BLACKROCK FINANCIAL MANAGEMENT, INC","801-48433","N"
1922460,"BT SELECT FUND I LP",805-3305467320,"WAVERLY ADVISORS, LLC","801-60741","N"
1922460,"BT OPPORTUNITY FUND, LP",805-4712852275,"WAVERLY ADVISORS, LLC","801-60741","N"
1919999,"TITAN FUND I SPC - TITAN BIOTECH DISLOCATION FUND SP",805-6018228793,"TITAN ADVISORS, LLC","801-65606","N"
1922198,"PRELUDE OPPORTUNITY FUND, LP",805-1637413029,"PRELUDE CAPITAL MANAGEMENT, LLC","801-73598","N"
1922597,"BLACKROCK ALTERNATIVE FUNDS S.C.A., SICAV-RAIF",805-6197436763,"BLACKROCK INVESTMENT MANAGEMENT, LLC","801-56972","N"
1922654,"BC PARTNERS XI GD - 1 L.P.",805-6596930012,"BC PARTNERS LLP","802-114565","N"
1922633,"TCP DIRECT LENDING FUND VIII-L (IRELAND)",805-8848373214,"TENNENBAUM CAPITAL PARTNERS, LLC","801-60384","N"
1922654,"BC EUROPEAN CAPITAL IX  - 1 L.P",805-8779711952,"BC PARTNERS LLP","802-114565","N"
1922654,"BC EUROPEAN CAPITAL X - 1 L.P.",805-4809242208,"BC PARTNERS LLP","802-114565","N"
1922654,"BC PARTNERS XI GD - 2 L.P.",805-3868023271,"BC PARTNERS LLP","802-114565","N"
1922654,"BC EUROPEAN CAPITAL - ARGOS CO-INVESTMENT - 1 LP",805-5583515659,"BC PARTNERS LLP","802-114565","N"
1922654,"BC EUROPEAN CAPITAL - ARGOS CO-INVESTMENT - 2 LP",805-4772828163,"BC PARTNERS LLP","802-114565","N"
1922654,"BC EUROPEAN CAPITAL - HERCULES CO-INVESTMENT - LP",805-6673913390,"BC PARTNERS LLP","802-114565","N"
1922654,"BC EUROPEAN CAPITAL - INTELSAT CO-INVESTMENT - 1 LP",805-5566602996,"BC PARTNERS LLP","802-114565","N"
1922654,"BC EUROPEAN CAPITAL - INTELSAT CO-INVESTMENT",805-3796563768,"BC PARTNERS LLP","802-114565","N"
1922654,"BC EUROPEAN CAPITAL IX - 10 LP",805-1962818504,"BC PARTNERS LLP","802-114565","N"
1922654,"BC EUROPEAN CAPITAL IX - 11 LP",805-6835741960,"BC PARTNERS LLP","802-114565","N"
1922654,"BC EUROPEAN CAPITAL IX - 2 LP",805-1839845915,"BC PARTNERS LLP","802-114565","N"
1922654,"BC EUROPEAN CAPITAL IX - 3 LP",805-9683757801,"BC PARTNERS LLP","802-114565","N"
1922654,"BC EUROPEAN CAPITAL IX - 4 LP",805-1720049045,"BC PARTNERS LLP","802-114565","N"
1922654,"BC EUROPEAN CAPITAL IX - 5 LP",805-9126906525,"BC PARTNERS LLP","802-114565","N"
1922654,"BC EUROPEAN CAPITAL IX - 6 LP",805-7374389009,"BC PARTNERS LLP","802-114565","N"
1922654,"BC EUROPEAN CAPITAL IX - 7 LP",805-9880824811,"BC PARTNERS LLP","802-114565","N"
1922654,"BC EUROPEAN CAPITAL IX - 8 LP",805-9276081251,"BC PARTNERS LLP","802-114565","N"
1922654,"BC EUROPEAN CAPITAL IX - 9 LP",805-7771159691,"BC PARTNERS LLP","802-114565","N"
1922654,"BC EUROPEAN CAPITAL IX - CYXTERA TECHNOLOGIES CO-INVESTMENT - 1 LP",805-5464082032,"BC PARTNERS LLP","802-114565","N"
1922654,"BC EUROPEAN CAPITAL IX - CYXTERA TECHNOLOGIES CO-INVESTMENT - 2 LP",805-6327931829,"BC PARTNERS LLP","802-114565","N"
1922654,"BC EUROPEAN CAPITAL IX LIMITED",805-9639319907,"BC PARTNERS LLP","802-114565","N"
1922654,"BC EUROPEAN CAPITAL X - 10 LP",805-8771542288,"BC PARTNERS LLP","802-114565","N"
1922654,"BC EUROPEAN CAPITAL X - 2 LP",805-8451486975,"BC PARTNERS LLP","802-114565","N"
1922654,"BC EUROPEAN CAPITAL X - 3 LP",805-7595302123,"BC PARTNERS LLP","802-114565","N"
1922654,"BC EUROPEAN CAPITAL X - 4 LP",805-3161751005,"BC PARTNERS LLP","802-114565","N"
1922654,"BC EUROPEAN CAPITAL X - 5 LP",805-7060474492,"BC PARTNERS LLP","802-114565","N"
1922654,"BC EUROPEAN CAPITAL X - 5A LP",805-6648240160,"BC PARTNERS LLP","802-114565","N"
1922654,"BC EUROPEAN CAPITAL X - 6 LP",805-1034296190,"BC PARTNERS LLP","802-114565","N"
1922654,"BC EUROPEAN CAPITAL X - 7 LP",805-7969074019,"BC PARTNERS LLP","802-114565","N"
1922654,"BC EUROPEAN CAPITAL X - 8 LP",805-6442089750,"BC PARTNERS LLP","802-114565","N"
1922654,"BC EUROPEAN CAPITAL X - 9 LP",805-1350442858,"BC PARTNERS LLP","802-114565","N"
1922654,"BC EUROPEAN CAPITAL X - BETTY CO-INVESTMENT (1) LP",805-8236138533,"BC PARTNERS LLP","802-114565","N"
1922654,"BC EUROPEAN CAPITAL X - BETTY CO-INVESTMENT (2) LP",805-6613701979,"BC PARTNERS LLP","802-114565","N"
1922654,"BC EUROPEAN CAPITAL X - CYXTERA TECHNOLOGIES CO-INVESTMENT - 1 LP",805-9599907457,"BC PARTNERS LLP","802-114565","N"
1922654,"BC EUROPEAN CAPITAL X - CYXTERA TECHNOLOGIES CO-INVESTMENT - 2 LP",805-2494888222,"BC PARTNERS LLP","802-114565","N"
1922654,"BC EUROPEAN CAPITAL X - GW CO-INVESTMENT (1) LP",805-2213013116,"BC PARTNERS LLP","802-114565","N"
1922654,"BC EUROPEAN CAPITAL X - HULK CO-INVESTMENT (1) LP",805-9978268392,"BC PARTNERS LLP","802-114565","N"
1922654,"BC EUROPEAN CAPITAL X - HULK CO-INVESTMENT (2) LP",805-9281590384,"BC PARTNERS LLP","802-114565","N"
1922654,"BC EUROPEAN CAPITAL X - NAVIGATOR CO-INVESTMENT (1) LP",805-7605662602,"BC PARTNERS LLP","802-114565","N"
1922654,"BC EUROPEAN CAPITAL X - NAVIGATOR CO-INVESTMENT (2) LP",805-5321616987,"BC PARTNERS LLP","802-114565","N"
1922654,"BC EUROPEAN CAPITAL X - PORT CO-INVESTMENT (1) LP",805-2577981815,"BC PARTNERS LLP","802-114565","N"
1922654,"BC EUROPEAN CAPITAL X - PORT CO-INVESTMENT (2) LP",805-6641074959,"BC PARTNERS LLP","802-114565","N"
1922654,"BC EUROPEAN CAPITAL X-SAINT CO-INVESTMENT (1) LP",805-9687972583,"BC PARTNERS LLP","802-114565","N"
1922654,"BC PARTNERS BEST CO-INVESTMENT LP",805-5366104304,"BC PARTNERS LLP","802-114565","N"
1922654,"BC PARTNERS CLAY CO-INVESTMENT (2)",805-5835696891,"BC PARTNERS LLP","802-114565","N"
1922654,"BC PARTNERS CLAY CO-INVESTMENT (3) LP",805-5541484090,"BC PARTNERS LLP","802-114565","N"
1922654,"BC PARTNERS CLAY CO-INVESTMENT LP",805-5459669813,"BC PARTNERS LLP","802-114565","N"
1922654,"BC PARTNERS DORY CO-INVESTMENT (2) LP",805-4982712555,"BC PARTNERS LLP","802-114565","N"
1922654,"BC PARTNERS DORY CO-INVESTMENT LP",805-5067109302,"BC PARTNERS LLP","802-114565","N"
1922654,"BC PARTNERS ELECTRON CO-INVESTMENT LP",805-4416920430,"BC PARTNERS LLP","802-114565","N"
1922654,"BC PARTNERS EURO CO-INVESTMENT LP",805-3448086947,"BC PARTNERS LLP","802-114565","N"
1922654,"BC PARTNERS GLENGARRY CO-INVESTMENT LP",805-2246818850,"BC PARTNERS LLP","802-114565","N"
1922654,"BC PARTNERS JJ CO-INVESTMENT LP",805-5547024195,"BC PARTNERS LLP","802-114565","N"
1922654,"BC PARTNERS METRO CO-INVESTMENT (2) LP",805-2947230408,"BC PARTNERS LLP","802-114565","N"
1922654,"BC PARTNERS TURING CO-INVESTMENT LP",805-4543988463,"BC PARTNERS LLP","802-114565","N"
1922654,"BC PARTNERS XI GD - 3 L.P.",805-3243962551,"BC PARTNERS LLP","802-114565","N"
1922654,"BC PARTNERS XI GE - 1 L.P.",805-2804415127,"BC PARTNERS LLP","802-114565","N"
1922654,"BC PARTNERS XI GE - 2 L.P.",805-3115679395,"BC PARTNERS LLP","802-114565","N"
1922654,"BC PARTNERS XI LE - 1 SCSP",805-5656013997,"BC PARTNERS LLP","802-114565","N"
1922654,"BC PARTNERS XI LE - 2 SCSP",805-7851785959,"BC PARTNERS LLP","802-114565","N"
1922654,"BC PARTNERS XI LE - 3 SCSP",805-6363185322,"BC PARTNERS LLP","802-114565","N"
1922654,"BCEC X ASTON CO-INVESTMENT (1) LP",805-8919867141,"BC PARTNERS LLP","802-114565","N"
1922654,"BCEC X LUX SCSP",805-2568664787,"BC PARTNERS LLP","802-114565","N"
1922654,"BCEC X METRO CO-INVESTMENT - LP",805-8998517826,"BC PARTNERS LLP","802-114565","N"
1922654,"BCEC X VOLUNTEER CO-INVESTMENT - LP",805-3688685801,"BC PARTNERS LLP","802-114565","N"
1925500,"INVESCO GLOBAL DIRECT REAL ESTATE FUND",805-8801036435,"INVESCO","801-62166","N"
1925500,"INVESCO GLOBAL DIRECT REAL ESTATE FEEDER FUND",805-5385143611,"INVESCO","801-62166","N"
1922389,"BROOKLINE VALUE INVESTMENT FUND LLC",805-7093787287,"BROOKLINE INVESTMENTS, INC.","801-57057","N"
1922636,"TOLLESON INSURANCE FUND SERIES OF THE SALI MULTI-SERIES FUND, L.P.",805-7097699129,"SALI FUND SERVICES","801-61702","Y"
1922864,"PERMANENS CAPITAL HIGH YIELD FUND, L.P.",805-7910785839,"PERMCAP INVESTMENT OFFICE","801-72416","N"
1922864,"ANGELES DIVERSIFIED INCOME FUND",805-1275765520,"ANGELES INVESTMENT ADVISORS","801-60042","N"
1922997,"CMWA MICRO CAP FUND LLC",805-1669333309,"CM WEALTH ADVISORS LLC","801-62376","N"
1928169,"SEI ENERGY DEBT FUND, L.P.",805-7955331435,"SEI INVESTMENTS MANAGEMENT CORP","801-24593","N"
1925389,"NEW HOLLAND TACTICAL ALPHA FUND LP",805-4079867382,"NEW HOLLAND CAPITAL, LLC","801-74244","N"
1924733,"DB REAL ESTATE GLOBAL OPPORTUNITIES IB. L.P.",805-2005396818,"DWS INVESTMENT MANAGEMENT AMERICAS, INC.","801-252","N"
1924733,"AWM LUXEMBOURG S.A. - SICAV-SIF -  EUROPEAN PROPERTY FUND",805-6785513745,"DWS INVESTMENT S.A.","802-115197","N"
1924733,"PAN-EUROPEAN INFRASTRUCTURE FUND III SCSP",805-9992626654,"DWS INVESTMENT S.A.","802-115197","N"
1924733,"INFRAMEWA CO-INVEST, SCSP",805-4497877732,"DWS INVESTMENT S.A.","802-115197","N"
1924733,"COMPASS EUROPEAN INFRASTRUCTURE SCSP",805-3125330400,"DWS INVESTMENT S.A.","802-115197","N"
1924733,"SUSTAINABLE GROWTH INFRASTRUCTURE FUND SCSP SICAV-RAIF",805-4177389056,"DWS INVESTMENT S.A.","802-115197","N"
1923737,"CMAP SRPM FUND LIMITED",805-1891376808,"WILSHIRE","801-36233","N"
1923737,"MAN FUNDS XII SPC",805-4408237133,"MAN SOLUTIONS LLC","801-72402","N"
1923737,"MAN STRATEGIES 1783",805-8345656269,"MAN SOLUTIONS LLC","801-72402","N"
1930565,"PRELUDE STRUCTURED ALTERNATIVES MASTER FUND, LP",805-5248582025,"PRELUDE CAPITAL MANAGEMENT, LLC","801-73598","N"
1929298,"MAN FUNDS XII SPC",805-4408237133,"MAN SOLUTIONS LLC","801-72402","N"
1917880,"MEDALIST PARTNERS ASSET-BASED PRIVATE CREDIT MASTER FUND III-A, L.P.",805-6275045359,"MEDALIST PARTNERS LP","801-113015","N"
1917880,"MEDALIST PARTNERS OPPORTUNITY MASTER FUND II-A, L.P.",805-7639682332,"MEDALIST PARTNERS LP","801-113015","N"
1917880,"WINDMUEHLE FUNDS, LLC - SERIES EIGHT",805-8766993211,"WINDMUEHLE, LLC","802-131818","N"
1922398,"PLAINVIEW FUNDS PLC - MACKAY SHIELDS EMERGING MARKETS DEBT PORTFOLIO",805-5333363263,"NYL INVESTMENTS EUROPE LIMITED","802-117758","Y"
1929162,"PLAINVIEW FUNDS PLC - MACKAY SHIELDS EMERGING MARKETS DEBT PORTFOLIO",805-5333363263,"NYL INVESTMENTS EUROPE LIMITED","802-117758","Y"
1929175,"CERBERUS PNC SENIOR LOAN FUND, L.P.",805-4422952422,"CERBERUS CAPITAL MANAGEMENT, L.P.","801-70989","N"
1922340,"ISP-2014-ACP SERIES 12 UNITS",805-8080849463,"SAGARD REAL ESTATE ADVISORS","801-78724","N"
1927962,"PALOMA INTERNATIONAL L.P.",805-5315493818,"PALOMA PARTNERS MANAGEMENT COMPANY","801-72796","N"
1921098,"CERBERUS PNC SENIOR LOAN FUND, L.P.",805-4422952422,"CERBERUS CAPITAL MANAGEMENT, L.P.","801-70989","N"
1929298,"CMAP SRPM FUND LIMITED",805-1891376808,"WILSHIRE","801-36233","N"
1929298,"MAN STRATEGIES 1783",805-8345656269,"MAN SOLUTIONS LLC","801-72402","N"
1926446,"MAN TARGETRISK GLOBAL EQUITIES",805-2509561831,"MAN SOLUTIONS LIMITED","801-57108","Y"
1926446,"MAN ARP LOW BETA",805-5568199922,"MAN SOLUTIONS LIMITED","801-57108","Y"
1926446,"MAN ARP MASTER LIMITED",805-6208401827,"MAN SOLUTIONS LIMITED","801-57108","Y"
1929360,"MOLECULE MASTER LP",805-9090725513,"PAAMCO PRISMA, LLC","801-57416","N"
1925739,"MFO IDF I (BVI), L.P.",805-9728380707,"MFO CAPITAL LIMITED","802-78468","Y"
1925854,"SWAY VENTURES OPPORTUNITY FUND VIII LP",805-7919723405,"SWAY VENTURES MANAGEMENT LLC","802-79192","Y"
1925854,"SWAY VENTURES OPPORTUNITY FUND X, LP",805-1158617702,"SWAY VENTURES MANAGEMENT LLC","802-79192","Y"
1925854,"CAA-WCP ROYALTY AND MINERAL ACCESS FUND III, L.P.",805-4524734167,"SWAY VENTURES MANAGEMENT LLC","802-79192","Y"
1925854,"IC HEDGE FUND SERIES, L.P. SERIES BALANCED INTERESTS",805-6607420509,"VOYAGER MANAGEMENT, LLC","801-65229","N"
1925854,"IC HEDGE FUND SERIES, LP SERIES ASIA INTERESTS",805-1768426057,"VOYAGER MANAGEMENT, LLC","801-65229","N"
1925854,"IC HEDGE FUND SERIES, L.P. SERIES TIGER GLOBAL 1 INTERESTS",805-8229690940,"VOYAGER MANAGEMENT, LLC","801-65229","N"
1925854,"CAA-HUNTER POINT CAPITAL INVESTORS ACCESS FUND, L.P.",805-6246049348,"ICAPITAL ADVISORS, LLC","801-106690","Y"
1925854,"CAA-MONTAUK TRIGUARD VIII ACCESS FUND, L.P.",805-1075926152,"ICAPITAL ADVISORS, LLC","801-106690","Y"
1925854,"CAA-POINT OLEMA U.S. VC PORTFOLIO, L.P.",805-7774233421,"ICAPITAL ADVISORS, LLC","801-106690","Y"
1925854,"CAA-PPFA CREDIT OPPORTUNITIES FUND I L.P.",805-8004256786,"PACIFIC PRIVATE FUND ADVISORS LLC","801-78581","Y"
1925854,"KORE EARLY STAGE VENTURE I, LP",805-4298912957,"ICAPITAL ADVISORS, LLC","801-106690","Y"
1925854,"KORE FOCUSED ALPHA FUND LP",805-4249526212,"ICAPITAL ADVISORS, LLC","801-106690","Y"
1925854,"KORE PRIVATE CREDIT FUND I, L.P.",805-6123376188,"ICAPITAL ADVISORS, LLC","801-106690","Y"
1925854,"KORE PRIVATE CREDIT FUND II, L.P.",805-9732238823,"ICAPITAL ADVISORS, LLC","801-106690","Y"
1925854,"HCA WINDACRE ACCESS FUND LP",805-4773061047,"PPB ADVISORS, LLC","801-96194","Y"
1925854,"CAA-HUNTER POINT CAPITAL INVESTORS OFFSHORE ACCESS FUND, L.P.",805-2533002698,"ICAPITAL ADVISORS, LLC","801-106690","Y"
1925854,"CAA-MONTAUK TRIGUARD IX ACCESS FUND, L.P.",805-2114447997,"ICAPITAL ADVISORS, LLC","801-106690","Y"
1925854,"CAA-PPFA CREDIT OPPORTUNITIES FUND I L.P.",805-1588863941,"PACIFIC PRIVATE FUND ADVISORS LLC","801-78581","Y"
1925854,"CAA-PPFA EQUITY OPPORTUNITIES FUND I L.P.",805-6143022055,"PACIFIC PRIVATE FUND ADVISORS LLC","801-78581","Y"
1925854,"CAA-PPFA OPPORTUNITIES FUND II L.P.",805-8275330484,"PACIFIC PRIVATE FUND ADVISORS LLC","801-78581","Y"
1925854,"CAA-AKKADIAN VENTURES ANNEX VI, LP",805-5574725030,"AKKADIAN VENTURES, INC.","801-110375","Y"
1925854,"CAA-AKKADIAN VENTURES VI, LP",805-7499540538,"AKKADIAN VENTURES, INC.","801-110375","Y"
1925854,"CAA-ENGAGED CAPITAL ACCESS FUND, LP",805-2557940212,"ICAPITAL ADVISORS, LLC","801-106690","Y"
1925854,"CAA-WCP ROYALTY AND MINERAL ACCESS FUND III, L.P.",805-6796000112,"ICAPITAL ADVISORS, LLC","801-106690","Y"
1925854,"CAA-WCP ENHANCED LOAN FUND I L.P.",805-2213497133,"WARWICK CAPITAL PARTNERS (US) LP","801-127466","Y"
1925854,"ALPHA ACCESS SERIES LP - CREDIT ACCESS OPPORTUNITIES FUND I",805-8606432503,"PPB ADVISORS, LLC","801-96194","Y"
1925854,"ALPHA ACCESS SERIES LP - REAL ESTATE ACCESS OPPORTUNITIES FUND I",805-8780077706,"PPB ADVISORS, LLC","801-96194","Y"
1925854,"ALPHA ACCESS SERIES LP - PRIVATE EQUITY ACCESS SECONDARIES FUND I",805-5115466669,"PPB ADVISORS, LLC","801-96194","Y"
1922031,"CHG-NONAME CAPITAL LLC",805-4772798269,"CYPRESS WEALTH MANAGEMENT","801-128859","N"
1922031,"CHG-MSTK LLC",805-7504977521,"CYPRESS WEALTH MANAGEMENT","801-128859","N"
1922586,"ASIA PACIFIC CREDIT FUNDING LLC (ASIA PACIFIC CREDIT PORTFOLIO - SERIES VII",805-9953019510,"BLACKROCK FINANCIAL MANAGEMENT, INC","801-48433","N"
1922586,"THE OBSIDIAN FUND",805-9384485105,"BLACKROCK FINANCIAL MANAGEMENT, INC","801-48433","N"
1922586,"OBSIDIAN RELATIVE VALUE STRATEGY MASTER FUND, LTD.",805-1847176631,"BLACKROCK FINANCIAL MANAGEMENT, INC","801-48433","N"
1922586,"BLACKROCK EMERGING FRONTIERS FUND LTD",805-3948069616,"BLACKROCK INVESTMENT MANAGEMENT (UK) LIMITED","802-76129","N"
1922586,"BLACKROCK EMERGING FRONTIERS FUND LTD - MASTER",805-8132009582,"BLACKROCK INVESTMENT MANAGEMENT (UK) LIMITED","802-76129","N"
1922603,"BLACKROCK DIVERSIFIED PRIVATE DEBT FUND FEEDER LP",805-5192275396,"BLACKROCK FINANCIAL MANAGEMENT, INC","801-48433","N"
1922603,"BLACKROCK LISI CREDIT FUND, LP",805-6369522045,"BLACKROCK FINANCIAL MANAGEMENT, INC","801-48433","N"
1922603,"BLACKROCK DIVERSIFIED PRIVATE DEBT FUND MASTER LP",805-6157731219,"BLACKROCK FINANCIAL MANAGEMENT, INC","801-48433","N"
1922743,"PARTNERS CAPITAL PHOENIX FUND II LTD - DIVERSIFIED INCOME FUND",805-4992456858,"PARTNERS CAPITAL INVESTMENT GROUP, LLP","801-61234","N"
1922743,"ATAIROS GROUP, INC.",805-8304426686,"ATAIROS MANAGEMENT, L.P.","801-106882","N"
1922743,"ATAIROS STRATEGIC PARTNERS, L.P.",805-4176553935,"ATAIROS MANAGEMENT, L.P.","801-106882","N"
1910905,"CATHOLIC ENDOWMENT FUND, LP",805-2870246362,"CATHOLIC INVESTMENT SERVICES, INC.","801-88187","N"
1910905,"FARRINGTON INCOME STRATEGIES FUND QP LP",805-1868298646,"ETON ADVISORS","801-111042","N"
1910905,"THE TIFF KEYSTONE FUND, LP",805-1856428525,"TIFF INVESTMENT MANAGEMENT","801-73256","N"
1930506,"CARLYLE SKYLINE CREDIT FUND, L.P.",805-5220817619,"CARLYLE GLOBAL CREDIT INVESTMENT MANAGEMENT L.L.C.","801-77691","N"
1925744,"BOOTHBAY ABSOLUTE RETURN STRATEGIES, LP",805-5663558974,"BOOTHBAY FUND MANAGEMENT","801-80018","N"
1925744,"BOOTHBAY DIVERSIFIED ALPHA MASTER FUND LP",805-3035644699,"BOOTHBAY FUND MANAGEMENT","801-80018","N"
1925744,"WALLEYE MANAGER OPPORTUNITIES LLC",805-7359352320,"WALLEYE CAPITAL LLC","801-113731","N"
1925744,"CORBIN HEDGED EQUITY FUND LP",805-4142684909,"CORBIN CAPITAL PARTNERS, L.P.","801-63358","N"
1925744,"I-94 PARTNERS FUND LP",805-6169791570,"WALLEYE CAPITAL LLC","801-113731","N"
1925744,"DOCKSIDE FUND I LP",805-2853280229,"WALLEYE CAPITAL LLC","801-113731","N"
1925924,"STRATEGIC VENTURE CAPITAL ACCESS FUND, L.P.",805-4135563577,"ICAPITAL ADVISORS, LLC","801-106690","Y"
1924770,"CAYMAN GLOBAL MACRO FUND LLC",805-3548207787,"DWS INVESTMENT MANAGEMENT AMERICAS, INC.","801-252","N"
1925042,"SERENGETI OKAPI FUND LP",805-7598191232,"SERENGETI ASSET MANAGEMENT LP","801-73476","N"
1925042,"SERENGETI OPPORTUNITIES MM LP",805-6671912684,"SERENGETI ASSET MANAGEMENT LP","801-73476","N"
1925042,"ALTERNATIVE CAPITAL INVESTMENTS, LP",805-2951703883,"ALTERNATIVE CAPITAL FUND MANAGEMENT LLC","801-130074","N"
1925042,"SERENGETI MASTER CARACAL FUND II LP",805-6203436470,"SERENGETI ASSET MANAGEMENT LP","801-73476","N"
1925042,"SERENGETI LYCAON MM LP",805-8393122955,"SERENGETI ASSET MANAGEMENT LP","801-73476","N"
1925042,"SERENGETI MULTI-SERIES MASTER LLC - SERIES USF",805-5019822454,"SERENGETI ASSET MANAGEMENT LP","801-73476","N"
1925042,"SERENGETI MULTI-SERIES MASTER LLC-SERIES USF II",805-5166865216,"SERENGETI ASSET MANAGEMENT LP","801-73476","N"
1925042,"SERENGETI MULTI-SERIES MASTER LLC - SERIES S",805-1569026084,"SERENGETI ASSET MANAGEMENT LP","801-73476","N"
1925042,"SERENGETI CARACAL MASTER FUND LP",805-4765324695,"SERENGETI ASSET MANAGEMENT LP","801-73476","N"
1925042,"SERENGETI CARACAL MULTI SERIES MASTER LLC - SERIES EC",805-3808375060,"SERENGETI ASSET MANAGEMENT LP","801-73476","N"
1925042,"SERENGETI CARACAL MULTI SERIES MASTER LLC - SERIES AL",805-6848836629,"SERENGETI ASSET MANAGEMENT LP","801-73476","N"
1932521,"THE COMPOUND CAPITAL FUND I, LP",805-8829534309,"ANGELLIST ADVISORS","802-78135","Y"
1918224,"BLUEBAY EMERGING MARKET SELECT BOND SP",805-1006483355,"RBC GLOBAL ASSET MANAGEMENT (U.S.) INC.","801-20303","Y"
1918224,"BLUEBAY TOTAL RETURN CREDIT SP",805-9959361924,"RBC GLOBAL ASSET MANAGEMENT (U.S.) INC.","801-20303","Y"
1918224,"BLUEBAY EMERGING MARKET LONG DURATION CREDIT FUND SP",805-2332923710,"RBC GLOBAL ASSET MANAGEMENT (U.S.) INC.","801-20303","Y"
1918224,"FOSSIL FUEL FREE SERIES OF GLOBAL ASSET MANAGEMENT STRATEGIES, LLC",805-8405246147,"RBC GLOBAL ASSET MANAGEMENT (U.S.) INC.","801-20303","N"
1918224,"EMERGING MARKETS EQUITY SERIES OF GLOBAL ASSET MANAGEMENT STRATEGIES, LLC",805-5798991732,"RBC GLOBAL ASSET MANAGEMENT (U.S.) INC.","801-20303","N"
1918224,"GLOBAL EQUITY LEADERS SERIES OF GLOBAL ASSET MANAGEMENT STRATEGIES, LLC",805-3402461107,"RBC GLOBAL ASSET MANAGEMENT (U.S.) INC.","801-20303","N"
1918224,"GLOBAL EQUITY SERIES OF GLOBAL ASSET MANAGEMENT STRATEGIES, LLC",805-7880934501,"RBC GLOBAL ASSET MANAGEMENT (U.S.) INC.","801-20303","N"
1923365,"PRELUDE OPPORTUNITY FUND, LP",805-1637413029,"PRELUDE CAPITAL MANAGEMENT, LLC","801-73598","N"
1908871,"CAXTON INTERNATIONAL LIMITED",805-9298549809,"CAXTON EUROPE LLP","802-131979","N"
1908871,"CX DYNAMIS LIMITED",805-6057510013,"CAXTON EUROPE LLP","802-131979","N"
1908871,"CX MACRO LIMITED",805-7560228537,"CAXTON EUROPE LLP","802-131979","N"
1933529,"BLUEBAY EVENT DRIVEN CREDIT (MASTER) FUND LIMITED",805-6961344543,"RBC GLOBAL ASSET MANAGEMENT (UK) LIMITED","801-78436","Y"
1933529,"BLUEBAY GLOBAL CREDIT ALPHA LONG SHORT (MASTER) FUND LIMITED",805-1474191511,"RBC GLOBAL ASSET MANAGEMENT (UK) LIMITED","801-78436","Y"
1933529,"BLUEBAY GLOBAL SECURITISED CREDIT OPPORTUNITIES FUND",805-9967618124,"RBC GLOBAL ASSET MANAGEMENT (UK) LIMITED","801-78436","Y"
1933748,"VIRTUS EMERGING MARKETS CONSUMER LLC",805-1703983846,"VIRTUS FUND ADVISERS, LLC","801-23163","N"
1933748,"VIRTUS INTERNATIONAL SMALL-CAP OPPORTUNITIES LLC",805-7964728763,"VIRTUS FUND ADVISERS, LLC","801-23163","N"
1929249,"REMORA CAPITAL PARTNERS I, L.P.",805-6373177037,"REMORA CAPITAL PARTNERS","801-130828","N"
1929249,"REMORA CAPITAL PARTNERS QP, L.P.",805-2100109580,"REMORA CAPITAL PARTNERS","801-130828","N"
1929249,"REMORA CAPITAL PARTNERS II, L.P.",805-5651088176,"REMORA CAPITAL PARTNERS","801-130828","N"
1929249,"REMORA CAPITAL PARTNERS II QP, L.P.",805-6962646983,"REMORA CAPITAL PARTNERS","801-130828","N"
1930997,"I-94 PARTNERS FUND LP",805-6169791570,"WALLEYE CAPITAL LLC","801-113731","N"
1928132,"MOLECULE MASTER, LP",805-9090725513,"PAAMCO PRISMA, LLC","801-57416","N"
1927665,"SALI MULTI SERIES FUND XIV, LP",805-8869910641,"SALI FUND SERVICES","801-61702","N"
1933890,"CORUNDUM MANAGED EQUITY FUND AI LLC",805-6927558559,"CORUNDUM GROUP, INC.","801-42281","N"
1933890,"CORUNDUM MANAGED EQUITY FUND QP LLC",805-6780062866,"CORUNDUM GROUP, INC.","801-42281","N"
1933890,"CORUNDUM INCOME FUND QP LLC",805-8196921760,"CORUNDUM GROUP, INC.","801-42281","N"
1927695,"CARDINAL ADVISOR SERIES - STRATEGIC COMMODITIES MASTER FUND L.P.",805-9215865885,"ICAPITAL ADVISORS, LLC","801-106690","N"
1927695,"GRESHAM RDP INSURANCE FUND SERIES OF THE SALI MULTI-SERIES FUND V, L.P",805-1648946326,"SALI FUND SERVICES","801-61702","N"
1928517,"DEUTSCHE REAL ASSETS FUND: CAYMAN REAL ASSETS FUND, LTD",805-3785921345,"DWS INVESTMENT MANAGEMENT AMERICAS, INC.","801-252","N"
1928517,"DB REAL ESTATE GLOBAL OPPORTUNITIES IB, LP",805-2005396818,"DWS INVESTMENT MANAGEMENT AMERICAS, INC.","801-252","N"
1928848,"SALI MULTI SERIES FUND XIV, LP",805-8869910641,"SALI FUND SERVICES","801-61702","N"
1928850,"SALI MULTI SERIES FUND XIV, LP",805-8869910641,"SALI FUND SERVICES","801-61702","N"
1908333,"MOLECULE MASTER LP",805-9090725513,"PAAMCO PRISMA, LLC","801-57416","N"
1924381,"COVENANT GLOBAL EQUITIES FUND SERIES INTERESTS OF THE SALI MULTI-SERIES FUND II, L.P.",805-6769581351,"SALI FUND SERVICES","801-61702","Y"
1924381,"COVENANT GLOBAL EQUITIES FUND SERIES INTERESTS OF THE SALI MULTI-SERIES FUND II 3(C)(1), LP",805-2581175015,"SALI FUND SERVICES","801-61702","Y"
1924381,"TRUSTCORE PRIVATE OPPORTUNITIES FUND LP",805-7259788753,"PPB ADVISORS, LLC","801-96194","Y"
1924381,"ONE BRICK SELECT PRIVATE CREDIT FUND I, LP",805-2885543117,"PPB ADVISORS, LLC","801-96194","Y"
1931157,"PARTNERS GROUP PRIVATE MARKETS INSURANCE FUND I, A SERIES OF SALI MULTI-SERIES FUND IX, L.P.",805-3104524637,"SALI FUND SERVICES","801-61702","N"
1931157,"PARTNERS GROUP PRIVATE MARKETS LONGTAIL INSURANCE DEDICATED FUND, A SERIES OF PARTNERS GROUP INSURANCE DEDICATED FUND II L.P.",805-5364519485,"SALI FUND SERVICES","801-61702","N"
1931157,"PARTNERS GROUP PRIVATE EQUITY INSURANCE DEDICATED FUND I, A SERIES OF PARTNERS GROUP INSURANCE DEDICATED FUND L.P.",805-1957539681,"SALI FUND SERVICES","801-61702","N"
1931157,"PARTNERS GROUP PRIVATE MARKETS INSURANCE FUND II, A SERIES OF SALI MULTI-SERIES FUND IX, L.P.",805-9341518780,"SALI FUND SERVICES","801-61702","N"
1930099,"BROOKFIELD FAIRFIELD U.S. MULTIFAMILY VALUE ADD FUND II, L.P.",805-8391546034,"BROOKFIELD ASSET MANAGEMENT PIC US, LLC","801-72031","N"
1930099,"BROOKFIELD FAIRFIELD U.S. MULTIFAMILY VALUE ADD FUND III, L.P.",805-4227697754,"BROOKFIELD ASSET MANAGEMENT PIC US, LLC","801-72031","N"
1930099,"BROOKFIELD FAIRFIELD U.S. MULTIFAMILY VALUE ADD FUND II DEV PF",805-4220193254,"BROOKFIELD ASSET MANAGEMENT PIC US, LLC","801-72031","N"
1930099,"BROOKFIELD FAIRFIELD U.S. MULTIFAMILY VALUE ADD FUND II PF, L.P.",805-5717024359,"BROOKFIELD ASSET MANAGEMENT PIC US, LLC","801-72031","N"
1930099,"BROOKFIELD FAIRFIELD U.S. MULTIFAMILY VALUE ADD FUND III PF L.P.",805-3741759168,"BROOKFIELD ASSET MANAGEMENT PIC US, LLC","801-72031","N"
1926892,"MANAGED FUND/BRIDGEWATER FUND LIMITED",805-9898224021,"WILSHIRE","801-36233","N"
1926892,"BW PRIVATE INVESTORS OFFSHORE, LTD",805-8704653306,"J.P. MORGAN PRIVATE INVESTMENTS INC.","801-41088","N"
1926892,"BW PRIVATE INVESTORS, LLC",805-1183905109,"J.P. MORGAN PRIVATE INVESTMENTS INC.","801-41088","N"
1926892,"LIWA CAPITAL HOLDING B, L.P.",805-2609446343,"LIWA CAPITAL ADVISORS LTD.","802-108690","N"
1926892,"LIWA CORE ASSOCIATES (U.S.), L.P.",805-6409763850,"LIWA CAPITAL ADVISORS LTD.","802-108690","N"
1923934,"SCHONFELD EXT MASTER FUND, LP",805-9523817841,"SCHONFELD STRATEGIC ADVISORS LLC","801-106963","N"
1923934,"SQUAREPOINT MASTER FUND LIMITED",805-5562077628,"SQUAREPOINT OPS LLC","801-80565","N"
1923934,"MAP 283, A SEGREGATED PORTFOLIO OF LMA SPC",805-4524678736,"LIGHTHOUSE INVESTMENT PARTNERS, LLC","801-64978","N"
1930277,"NEUBERGER BERMAN JAPAN EQUITY MASTER FUND L.P.",805-2761371360,"NEUBERGER BERMAN INVESTMENT ADVISERS LLC","801-61757","Y"
1930277,"NEUBERGER BERMAN JAPAN EQUITY FUND L.P.",805-6866217096,"NEUBERGER BERMAN INVESTMENT ADVISERS LLC","801-61757","Y"
1928633,"BLUEARC GLOBAL PRIVATE CREDIT II, A SERIES OF BLUEARC ALTERNATIVES FUND, LLC",805-6028314077,"BLUEARC CAPITAL MANAGEMENT","801-79523","Y"
1928633,"BLUEARC GLOBAL PRIVATE CREDIT OPPORTUNITY FUND (QC), A SERIES OF BLUEARC CREDIT ALTERNATIVES FUND, LLC",805-8749329377,"BLUEARC CAPITAL MANAGEMENT","801-79523","Y"
1928633,"BLUEARC GLOBAL PRIVATE CREDIT OPPORTUNITY FUND (QP), A SERIES OF BLUEARC CREDIT ALTERNATIVES FUND, LLC",805-1380305750,"BLUEARC CAPITAL MANAGEMENT","801-79523","Y"
1928633,"BLUEARC REAL ESTATE INCOME FUND (QC), A SERIES OF BLUEARC REAL ESTATE INVESTMENTS, LLC",805-2308684270,"BLUEARC CAPITAL MANAGEMENT","801-79523","Y"
1928633,"BLUEARC GLOBAL PRIVATE CREDIT II (QP), A SERIES OF BLUEARC ALTERNATIVES FUND, LLC",805-4055117507,"BLUEARC CAPITAL MANAGEMENT","801-79523","Y"
1928633,"BLUEARC REAL ESTATE INCOME FUND (QP), A SERIES OF BLUEARC REAL ESTATE INVESTMENTS, LLC",805-3690022231,"BLUEARC CAPITAL MANAGEMENT","801-79523","Y"
1928633,"BLUEARC DIVERSIFIED HEDGE FUND STRATEGIES (QP), A SERIES OF BLUEARC ALTERNATIVES FUND, LLC",805-7553025160,"BLUEARC CAPITAL MANAGEMENT","801-79523","Y"
1928633,"BLUEARC DIVERSIFIED HEDGE FUND STRATEGIES, A SERIES OF BLUEARC ALTERNATIVES FUND, LLC",805-9778796491,"BLUEARC CAPITAL MANAGEMENT","801-79523","Y"
1924821,"SEQUENCE MULTI ASSET IDF SERIES INTERESTS OF THE SALI MULTI-SERIES FUND, L.P.",805-1523717208,"SALI FUND SERVICES","801-61702","N"
1924821,"SEQUENCE MULTI ASSET IDF III SERIES INTERESTS OF THE SALI MULTI-SERIES FUND IV, L.P.",805-6623253726,"SALI FUND SERVICES","801-61702","N"
1931889,"SHOREPOINT INCOME FUND I, LP",805-9959300699,"PPB ADVISORS, LLC","801-96194","Y"
1923937,"CALEDONIA CO-INVEST MASTER FUND LP",805-7835412582,"CALEDONIA US, LP","801-112541","N"
1923937,"CALEDONIA MASTER FUND LTD.",805-5087819397,"CALEDONIA US, LP","801-112541","N"
1923937,"CALEDONIA CONCENTRATED FUND LP",805-7142147964,"CALEDONIA US, LP","801-112541","N"
1923937,"CALEDONIA AGGREGATED FUND LP",805-8984166951,"CALEDONIA US, LP","801-112541","N"
1923969,"BOOTHBAY ABSOLUTE RETURN STRATEGIES LP",805-5663558974,"BOOTHBAY FUND MANAGEMENT","801-80018","N"
1923969,"TOPWATER STONEFLY FUND LLC",805-2756441721,"LEUCADIA ASSET MANAGEMENT LLC","801-61698","N"
1925236,"IWP EVOLUTION FUND I, LP",805-6740804103,"IWP WEALTH MANAGEMENT LLC","801-64549","N"
1922622,"BLACKROCK ENERGY OPPORTUNITY MASTER FUND, L.P.",805-7212440311,"BLACKROCK CAPITAL MANAGEMENT, INC.","801-57038","N"
1922920,"CARDINAL ADVISOR SERIES - MULTI-MANAGER INTERNATIONAL EQUITY LP",805-7938242776,"ICAPITAL ADVISORS, LLC","801-106690","Y"
1934012,"REMORA CAPITAL PARTNERS I, L.P.",805-6373177037,"REMORA CAPITAL PARTNERS","801-130828","N"
1934012,"REMORA CAPITAL PARTNERS QP, L.P.",805-2100109580,"REMORA CAPITAL PARTNERS","801-130828","N"
1934012,"REMORA CAPITAL PARTNERS II, L.P.",805-5651088176,"REMORA CAPITAL PARTNERS","801-130828","N"
1934012,"REMORA CAPITAL PARTNERS II QP, L.P.",805-6962646983,"REMORA CAPITAL PARTNERS","801-130828","N"
1922112,"CMWA MICRO CAP FUND LLC",805-1669333309,"CM WEALTH ADVISORS LLC","801-62376","N"
1922620,"TCP DIRECT LENDING FUND VIII-L (IRELAND)",805-8848373214,"TENNENBAUM CAPITAL PARTNERS, LLC","801-60384","N"
1922622,"GOLDPOINT CORE OPPORTUNITIES LP FUND OF SALI MULTI-SERIES FUND LP",805-9056642895,"SALI FUND SERVICES","801-61702","N"
1922622,"TAXABLE FIXED INCOME MANAGERS: PORTFOLIO 1 OFFSHORE L.P.",805-8897813261,"GOLDMAN SACHS ASSET MANAGEMENT, L.P.","801-37591","N"
1922622,"NORTH HAVEN ALTERNATIVES INSURANCE FUND A SERIES INTERESTS OF THE SALI MULTI-SERIES FUND, L.P.",805-9416645313,"SALI FUND SERVICES","801-61702","N"
1922622,"MLP-SD",805-6663806228,"MILLENNIUM MANAGEMENT LLC","801-73884","N"
1922622,"ASCENSION ALPHA FUND, LLC",805-2714848130,"ASCENSION INVESTMENT MANAGEMENT","801-73295","N"
1922622,"CARLYLE METROPOLITAN REAL ESTATE SSI OF THE SALI MS FUND, L.P.",805-9777969361,"SALI FUND SERVICES","801-61702","N"
1922622,"CARLYLE REAL ASSETS SER IDF SERIES INTERESTS OF THE SALI MULTI-SERIES FND",805-1130702733,"SALI FUND SERVICES","801-61702","N"
1922622,"ELLIOTT INTERNATIONAL L.P.",805-2276824265,"ELLIOTT COVE CAPITAL MANAGEMENT","801-63436","N"
1922622,"CARLYLE PRIVATE EQUITY SER SR INT SALI MULTI-S LP",805-4055604880,"SALI FUND SERVICES","801-61702","N"
1922622,"TETRA OPPORTUNITIES PARTNERS L.P. SERIES - SALI MULTI-SERIES FUND",805-7766641566,"SALI FUND SERVICES","801-61702","N"
1922622,"CRESTVIEW JUPITER LLC",805-4261340918,"CRESTVIEW PARTNERS","801-73897","N"
1922622,"CARLYLE PRIVATE EQ SER II IDF SERIES INTERESTS OF THE SALI MULTI-SERIES FND",805-7338555726,"SALI FUND SERVICES","801-61702","N"
1922622,"GLOBAL CREDIT OPPORTUNITIES (CANADA) LP - AGGREGATE",805-3541135987,"BLACKROCK ASSET MANAGEMENT CANADA LIMITED","802-76230","N"
1922622,"MASTER ASSET VEHICLE III",805-8729128659,"BLACKROCK ASSET MANAGEMENT CANADA LIMITED","802-76230","N"
1922622,"TAXABLE FIXED INCOME MANAGERS: PORTFOLIO 1 [SERIES]",805-9060653631,"GOLDMAN SACHS ASSET MANAGEMENT, L.P.","801-37591","N"
1922622,"SAB1",805-9345986752,"LINCOLN FINANCIAL INVESTMENTS CORPORATION","801-23411","N"
1922622,"YUKON PARTNERS IDF SERIES INTERESTS OF THE SALI MUTI-SERIES FUND, L.P",805-1038541620,"SALI FUND SERVICES","801-61702","N"
1922622,"PEM GROWTH INSURANCE DEDICATED FUND SERIES INTERESTS OF THE SALI MULTI-SERIES FUND, L.P.",805-5624410177,"SALI FUND SERVICES","801-61702","N"
1922622,"TETRA OPPORTUNITIES PARTNERS L.P. SERIES INTERESTS OF THE SALI SVW MULTI-SERIES FUND, L.P.",805-2934600168,"SALI FUND SERVICES","801-61702","N"
1922622,"ONE ROCK CAPITAL PARTNERS INSURANCE ACCESS FUND SERIES INTERESTS OF THE SALI MULTI-SERIES FUND, L.P.",805-7079225370,"SALI FUND SERVICES","801-61702","N"
1922622,"DYNAMIC EQUITY (GLOBAL EQUITY) MANAGERS: PORTFOLIO 5 [SERIES]",805-6809364692,"GOLDMAN SACHS ASSET MANAGEMENT, L.P.","801-37591","N"
1922622,"GOLDPOINT CORE OPPORTUNITIES LP FUND SERIES INTERESTS OF SALI MULTI-SERIES FUND, LP",805-9292652169,"SALI FUND SERVICES","801-61702","N"
1922622,"BGO STRATEGIC CAPITAL PARTNERS TACTICAL REAL ESTATE SERIES INTERESTS OF THE SALL MULTI-SERIES FUND, LP",805-3425889339,"SALI FUND SERVICES","801-61702","N"
1922622,"MILLENNIUM GLOBAL ESTATE LP",805-9843377684,"MILLENNIUM MANAGEMENT LLC","801-73884","N"
1922622,"STEPSTONE REAL ESTATE INSURANCE FUND SERIES INTERESTS OF THE SALI MULTI-SERIES FUND, L.P.",805-1597921366,"SALI FUND SERVICES","801-61702","N"
1922622,"MASTER ASSET VEHICLE III",805-4281701222,"BLACKROCK ASSET MANAGEMENT CANADA LIMITED","802-76230","N"
1922622,"GLENDOWER CAPITAL INSURANCE INVESTOR FUND SERIES INTERESTS OF THE SALI MULTI-SERIES FUND, L.P.",805-2959933190,"SALI FUND SERVICES","801-61702","N"
1922622,"CARLYLE PRIVATE EQUITY SERIES II INSURANCE DEDICATED FUND SERIES INTERESTS OF THE SALI MULTI-SERIES FUND, L.P.",805-8489984572,"SALI FUND SERVICES","801-61702","N"
1922622,"CARLYLE PRIVATE EQUITY SERIES SERIES INTERESTS OF THE SALI MULTI-SERIES FUND, L.P.",805-1024991103,"SALI FUND SERVICES","801-61702","N"
1922622,"CARLYLE REAL ASSETS SERIES I INSURANCE DEDICATED FUND SERIES INTERESTS OF THE SALI MULTI-SERIES FUND, L.P.",805-5010008544,"SALI FUND SERVICES","801-61702","N"
1922622,"BGO STRATEGIC CAPITAL PARTNERS REAL ESTATE SERIES INTERESTS OF THE SALI MULTI-SERIES FUND, LP",805-9196716988,"SALI FUND SERVICES","801-61702","N"
1922622,"ELLIOTT INTERNATIONAL L.P.",805-1428688771,"ELLIOTT INVESTMENT MANAGEMENT L.P.","801-119969","N"
1904266,"SALI MULTI-SERIES FUND, L.P.",805-6771655470,"SALI FUND SERVICES","801-61702","N"
1919569,"THE HARTFORD CAYMAN REAL ASSET FUND, LTD.",805-9239573793,"HARTFORD FUNDS","801-77209","N"
1919569,"COMMONFUND EM QUANTITATIVE FOCUS FUND, LLC",805-1118310215,"COMMONFUND OCIO, INC.","801-56548","N"
1919569,"GLOBAL EQUITY PLUS FUND",805-5351145898,"RUSSELL INVESTMENTS","801-56576","N"
1919569,"TTC WORLD EQUITY FUND QP, LP",805-1198575718,"TIEDEMANN ADVISORS, LLC","801-69865","N"
1919569,"ARCHIPELAGO HOLDINGS, LTD.",805-3304602860,"WELLINGTON ALTERNATIVE INVESTMENTS","801-107461","Y"
1919569,"ARCHIPELAGO PARTNERS, L.P.",805-2419107837,"WELLINGTON ALTERNATIVE INVESTMENTS","801-107461","Y"
1919569,"AREGUA INVESTORS (CAYMAN), LTD.",805-4185534754,"WELLINGTON ALTERNATIVE INVESTMENTS","801-107461","Y"
1919569,"AREGUA MASTER INVESTORS (CAYMAN) L.P.",805-9821580623,"WELLINGTON ALTERNATIVE INVESTMENTS","801-107461","N"
1919569,"AREGUA PARTNERS, L.P.",805-9702511745,"WELLINGTON ALTERNATIVE INVESTMENTS","801-107461","Y"
1919569,"WELLINGTON MACRO STRATEGIES FUND (CAYMAN), LTD.",805-7517366117,"WELLINGTON ALTERNATIVE INVESTMENTS","801-107461","Y"
1919569,"WELLINGTON MACRO STRATEGIES FUND MASTER INVESTORS (CAYMAN) L.P.",805-3919979460,"WELLINGTON ALTERNATIVE INVESTMENTS","801-107461","N"
1919569,"WELLINGTON MACRO STRATEGIES FUND, L.P.",805-1839135874,"WELLINGTON ALTERNATIVE INVESTMENTS","801-107461","Y"
1919569,"BAY POND INVESTORS (BERMUDA) L.P.",805-2284755846,"WELLINGTON ALTERNATIVE INVESTMENTS","801-107461","Y"
1919569,"BAY POND PARTNERS, L.P.",805-7565517923,"WELLINGTON ALTERNATIVE INVESTMENTS","801-107461","Y"
1919569,"WELLINGTON CREDIT STRATEGIES FUND (CAYMAN), LTD.",805-9484488127,"WELLINGTON ALTERNATIVE INVESTMENTS","801-107461","Y"
1919569,"WELLINGTON CREDIT STRATEGIES MASTER FUND (CAYMAN) L.P.",805-1434767571,"WELLINGTON ALTERNATIVE INVESTMENTS","801-107461","N"
1919569,"WELLINGTON CREDIT STRATEGIES FUND, L.P.",805-4451845105,"WELLINGTON ALTERNATIVE INVESTMENTS","801-107461","Y"
1919569,"GLOBAL EQUITY ABSOLUTE RETURN MASTER INVESTORS (CAYMAN) L.P.",805-3415293928,"WELLINGTON ALTERNATIVE INVESTMENTS","801-107461","N"
1919569,"HADLEY HARBOR INVESTORS (CAYMAN) L.P.",805-1119173283,"WELLINGTON ALTERNATIVE INVESTMENTS","801-107461","Y"
1919569,"HADLEY HARBOR MASTER INVESTORS (CAYMAN) L.P.",805-1369274927,"WELLINGTON ALTERNATIVE INVESTMENTS","801-107461","Y"
1919569,"HAWKES BAY INVESTORS (CAYMAN), LTD.",805-9106363183,"WELLINGTON ALTERNATIVE INVESTMENTS","801-107461","Y"
1919569,"HAWKES BAY MASTER INVESTORS (CAYMAN) L.P.",805-4192011419,"WELLINGTON ALTERNATIVE INVESTMENTS","801-107461","N"
1919569,"HAWKES BAY PARTNERS, L.P.",805-6225634555,"WELLINGTON ALTERNATIVE INVESTMENTS","801-107461","Y"
1919569,"WELLINGTON GLOBAL TECHNOLOGY LONG/SHORT FUND (BERMUDA) L.P.",805-9446705490,"WELLINGTON ALTERNATIVE INVESTMENTS","801-107461","Y"
1919569,"WELLINGTON GLOBAL TECHNOLOGY LONG/SHORT FUND, L.P.",805-6587797273,"WELLINGTON ALTERNATIVE INVESTMENTS","801-107461","Y"
1919569,"HADLEY HARBOR PARTNERS, L.P.",805-7098644780,"WELLINGTON ALTERNATIVE INVESTMENTS","801-107461","Y"
1919569,"HIGH HAITH INVESTORS (CAYMAN), LTD.",805-3632277678,"WELLINGTON ALTERNATIVE INVESTMENTS","801-107461","Y"
1919569,"HIGH HAITH MASTER INVESTORS (CAYMAN) L.P.",805-7112621105,"WELLINGTON ALTERNATIVE INVESTMENTS","801-107461","N"
1919569,"HIGH HAITH PARTNERS, L.P.",805-3283416537,"WELLINGTON ALTERNATIVE INVESTMENTS","801-107461","Y"
1919569,"IGUAZU INVESTORS (CAYMAN), SPC",805-9007598077,"WELLINGTON ALTERNATIVE INVESTMENTS","801-107461","Y"
1919569,"IGUAZU MASTER INVESTORS (CAYMAN) L.P.",805-1514745488,"WELLINGTON ALTERNATIVE INVESTMENTS","801-107461","N"
1919569,"IGUAZU PARTNERS, L.P.",805-9695515617,"WELLINGTON ALTERNATIVE INVESTMENTS","801-107461","Y"
1919569,"ITHAN CREEK PARTNERS, L.P.",805-2217503150,"WELLINGTON ALTERNATIVE INVESTMENTS","801-107461","Y"
1919569,"ITHAN CREEK INVESTORS (CAYMAN) II, LTD.",805-6014908978,"WELLINGTON ALTERNATIVE INVESTMENTS","801-107461","Y"
1919569,"ITHAN CREEK INVESTORS (CAYMAN), LTD.",805-7370203404,"WELLINGTON ALTERNATIVE INVESTMENTS","801-107461","Y"
1919569,"ITHAN CREEK MASTER INVESTORS (CAYMAN) L.P.",805-8264399805,"WELLINGTON ALTERNATIVE INVESTMENTS","801-107461","N"
1919569,"J. CAIRD INVESTORS (BERMUDA) L.P.",805-8330022167,"WELLINGTON ALTERNATIVE INVESTMENTS","801-107461","Y"
1919569,"J. CAIRD PARTNERS, L.P.",805-8835414780,"WELLINGTON ALTERNATIVE INVESTMENTS","801-107461","Y"
1919569,"NORTH RIVER INVESTORS (BERMUDA) L.P.",805-7894470511,"WELLINGTON ALTERNATIVE INVESTMENTS","801-107461","Y"
1919569,"NORTH RIVER PARTNERS, L.P.",805-7222588491,"WELLINGTON ALTERNATIVE INVESTMENTS","801-107461","Y"
1919569,"PAGOSA INVESTORS (CAYMAN), LTD.",805-7514899716,"WELLINGTON ALTERNATIVE INVESTMENTS","801-107461","Y"
1919569,"PAGOSA PARTNERS, L.P.",805-4640329854,"WELLINGTON ALTERNATIVE INVESTMENTS","801-107461","Y"
1919569,"QUISSETT INVESTORS (BERMUDA) L.P.",805-7394262866,"WELLINGTON ALTERNATIVE INVESTMENTS","801-107461","Y"
1919569,"QUISSETT PARTNERS, L.P.",805-8708847970,"WELLINGTON ALTERNATIVE INVESTMENTS","801-107461","Y"
1919569,"SALTHILL INVESTORS (BERMUDA) L.P.",805-7286263013,"WELLINGTON ALTERNATIVE INVESTMENTS","801-107461","Y"
1919569,"SALTHILL PARTNERS, L.P.",805-8429466434,"WELLINGTON ALTERNATIVE INVESTMENTS","801-107461","Y"
1919569,"SPINDRIFT INVESTORS (BERMUDA) L.P.",805-9494670820,"WELLINGTON ALTERNATIVE INVESTMENTS","801-107461","Y"
1919569,"SPINDRIFT PARTNERS, L.P.",805-7223437049,"WELLINGTON ALTERNATIVE INVESTMENTS","801-107461","Y"
1919569,"US RESEARCH EQUITY EXTENDED FUND, L.P.",805-4166815994,"WELLINGTON ALTERNATIVE INVESTMENTS","801-107461","Y"
1919569,"US RESEARCH EQUITY EXTENDED MASTER FUND (CAYMAN) L.P.",805-1822983470,"WELLINGTON ALTERNATIVE INVESTMENTS","801-107461","N"
1919569,"WOLF CREEK INVESTORS (BERMUDA) L.P.",805-6764120033,"WELLINGTON ALTERNATIVE INVESTMENTS","801-107461","Y"
1919569,"WOLF CREEK PARTNERS, L.P.",805-5933356589,"WELLINGTON ALTERNATIVE INVESTMENTS","801-107461","Y"
1919569,"ELBE MASTER INVESTORS (CAYMAN) L.P.",805-9956929119,"WELLINGTON ALTERNATIVE INVESTMENTS","801-107461","N"
1919569,"ELBE PARTNERS, L.P.",805-6408689566,"WELLINGTON ALTERNATIVE INVESTMENTS","801-107461","Y"
1919569,"ELBE INVESTORS (CAYMAN), LTD.",805-9564789584,"WELLINGTON ALTERNATIVE INVESTMENTS","801-107461","Y"
1919569,"WELLINGTON PAGOSA FUND (CAYMAN) II, LTD.",805-3401177871,"WELLINGTON ALTERNATIVE INVESTMENTS","801-107461","Y"
1919569,"WELLINGTON CREDIT STRATEGIES FUND (CAYMAN) II, LTD.",805-4337073416,"WELLINGTON ALTERNATIVE INVESTMENTS","801-107461","N"
1919569,"GLOBAL EQUITY ABSOLUTE RETURN INVESTORS (CAYMAN) II, LTD.",805-5766832504,"WELLINGTON ALTERNATIVE INVESTMENTS","801-107461","N"
1919569,"HIGH HAITH INVESTORS (CAYMAN) II, LTD.",805-6622561715,"WELLINGTON ALTERNATIVE INVESTMENTS","801-107461","N"
1919569,"MAGDALENA MASTER INVESTORS (CAYMAN) L.P.",805-6537503178,"WELLINGTON ALTERNATIVE INVESTMENTS","801-107461","N"
1919569,"MAGDALENA PARTNERS, L.P.",805-8036360842,"WELLINGTON ALTERNATIVE INVESTMENTS","801-107461","Y"
1919569,"MAGDALENA INVESTORS (CAYMAN), LTD.",805-3339910040,"WELLINGTON ALTERNATIVE INVESTMENTS","801-107461","Y"
1919569,"HADLEY HARBOR INVESTORS (CAYMAN) II L.P.",805-3050842902,"WELLINGTON ALTERNATIVE INVESTMENTS","801-107461","Y"
1919569,"HADLEY HARBOR MASTER INVESTORS (CAYMAN) II L.P.",805-7209504824,"WELLINGTON ALTERNATIVE INVESTMENTS","801-107461","Y"
1919569,"HADLEY HARBOR PARTNERS II, L.P.",805-5529711303,"WELLINGTON ALTERNATIVE INVESTMENTS","801-107461","Y"
1919569,"WELLINGTON COMPOUND GROWTH, L.P.",805-5522646274,"WELLINGTON FUNDS (US) LLC","801-111643","Y"
1919569,"WELLINGTON INDIA OPPORTUNITIES FUND, LTD.",805-5945345207,"WELLINGTON FUNDS (US) LLC","801-111643","Y"
1919569,"WELLINGTON SECURITIZED OPPORTUNITIES, LTD.",805-6972699082,"WELLINGTON FUNDS (US) LLC","801-111643","Y"
1919569,"WELLINGTON SELECT QUALITY EQUITY, L.P.",805-3558141901,"WELLINGTON FUNDS (US) LLC","801-111643","Y"
1919569,"WELLINGTON DURABLE ENTERPRISES, L.P.",805-8065282849,"WELLINGTON FUNDS (US) LLC","801-111643","Y"
1919569,"WELLINGTON: NON-US EQUITY OFFSHORE MASTER L.P.",805-7034496758,"GOLDMAN SACHS ASSET MANAGEMENT, L.P.","801-37591","N"
1919569,"DIAMOND BROOK INVESTORS (CAYMAN), LTD.",805-4107634872,"WELLINGTON ALTERNATIVE INVESTMENTS","801-107461","Y"
1919569,"MAGDALENA INVESTORS (CAYMAN) II, LTD.",805-9308841918,"WELLINGTON ALTERNATIVE INVESTMENTS","801-107461","N"
1919569,"WELLINGTON EXTENDED HORIZONS, L.P.",805-9423964476,"WELLINGTON FUNDS (US) LLC","801-111643","Y"
1919569,"NON-US EQUITY MANAGERS: PORTFOLIO1 [SERIES]",805-3153234192,"GOLDMAN SACHS ASSET MANAGEMENT, L.P.","801-37591","N"
1919569,"MULTI-ADVISOR FUNDS INTERNATIONAL EQUITY VALUE FUND",805-8586862680,"NORTHERN TRUST INVESTMENTS, INCORPORATED","801-33358","N"
1919569,"COMMONFUND SCREENED GLOBAL EQUITY, LLC",805-1844552231,"COMMONFUND OCIO, INC.","801-56548","N"
1919569,"WELLINGTON BIOMEDICAL INNOVATION INVESTORS (CAYMAN) I L.P.",805-7529750568,"WELLINGTON ALTERNATIVE INVESTMENTS","801-107461","Y"
1919569,"WELLINGTON BIOMEDICAL INNOVATION MASTER INVESTORS (CAYMAN) I L.P.",805-9954132149,"WELLINGTON ALTERNATIVE INVESTMENTS","801-107461","Y"
1919569,"WELLINGTON BIOMEDICAL INNOVATION PARTNERS I, L.P.",805-7405502086,"WELLINGTON ALTERNATIVE INVESTMENTS","801-107461","Y"
1919569,"WELLINGTON HADLEY HARBOR INVESTORS (CAYMAN) III L.P.",805-7933612726,"WELLINGTON ALTERNATIVE INVESTMENTS","801-107461","Y"
1919569,"WELLINGTON HADLEY HARBOR MASTER INVESTORS (CAYMAN) III L.P.",805-2675850439,"WELLINGTON ALTERNATIVE INVESTMENTS","801-107461","Y"
1919569,"WELLINGTON HADLEY HARBOR PARTNERS III, L.P.",805-3778093356,"WELLINGTON ALTERNATIVE INVESTMENTS","801-107461","Y"
1919569,"INTERNATIONAL RESEARCH EQUITY EXTENDED MASTER FUND (CAYMAN), L.P.",805-2717757694,"WELLINGTON ALTERNATIVE INVESTMENTS","801-107461","N"
1919569,"INTERNATIONAL RESEARCH EQUITY EXTENDED FUND, L.P.",805-6878904477,"WELLINGTON ALTERNATIVE INVESTMENTS","801-107461","Y"
1919569,"MACRO THEMES INVESTORS (CAYMAN) L.P.",805-9622611222,"WELLINGTON ALTERNATIVE INVESTMENTS","801-107461","Y"
1919569,"MACRO THEMES MASTER INVESTORS (CAYMAN), L.P.",805-2429154145,"WELLINGTON ALTERNATIVE INVESTMENTS","801-107461","N"
1919569,"TEXAS HIDALGO CO-INVESTMENT FUND, L.P.",805-4886505545,"WELLINGTON ALTERNATIVE INVESTMENTS","801-107461","Y"
1919569,"HH III CO-INVEST DIST INVESTORS (CAYMAN) L.P.",805-3401913009,"WELLINGTON ALTERNATIVE INVESTMENTS","801-107461","Y"
1919569,"HH III CO-INVEST DIST MASTER INVESTORS (CAYMAN) L.P.",805-7103550227,"WELLINGTON ALTERNATIVE INVESTMENTS","801-107461","N"
1919569,"HH III CO-INVEST DIST PARTNERS, L.P.",805-9158940356,"WELLINGTON ALTERNATIVE INVESTMENTS","801-107461","Y"
1919569,"WELLINGTON BLENDED OPPORTUNISTIC EMD, L.P.",805-6558731051,"WELLINGTON FUNDS (US) LLC","801-111643","Y"
1919569,"WELLINGTON COMPOUND GROWTH (CAYMAN), LTD.",805-9298666306,"WELLINGTON FUNDS (US) LLC","801-111643","Y"
1919569,"COMMONFUND INSTITUTIONAL CORE EQUITY FUND, LLC",805-8447695108,"COMMONFUND OCIO, INC.","801-56548","N"
1919569,"HH III CO-INVEST INST INVESTORS (CAYMAN) L.P.",805-6145598769,"WELLINGTON ALTERNATIVE INVESTMENTS","801-107461","Y"
1919569,"GLOBAL RESEARCH EQUITY EXTENDED MASTER FUND (CAYMAN), L.P.",805-8889413130,"WELLINGTON ALTERNATIVE INVESTMENTS","801-107461","N"
1919569,"GLOBAL RESEARCH EQUITY EXTENDED FUND, L.P.",805-7404651977,"WELLINGTON ALTERNATIVE INVESTMENTS","801-107461","Y"
1919569,"COMMONFUND INSTITUTIONAL MULTI-STRATEGY EQUITY FUND, LLC",805-6622899664,"COMMONFUND OCIO, INC.","801-56548","N"
1919569,"COMMONFUND MULTI-STRATEGY EQUITY INVESTORS, LLC",805-3627167750,"COMMONFUND OCIO, INC.","801-56548","N"
1919569,"TJU NQ GLOBAL EX-US EQUITY FUND",805-6235187367,"RUSSELL INVESTMENTS","801-56576","N"
1919569,"WELLINGTON CLIMATE RESILIENCE FUND, L.P.",805-5141221739,"WELLINGTON FUNDS (US) LLC","801-111643","Y"
1919569,"WELLINGTON DYNAMIC ACTIVE EQUITY MASTER FUND (CAYMAN) L.P.",805-9329044711,"WELLINGTON FUNDS (US) LLC","801-111643","N"
1919569,"WELLINGTON DYNAMIC ACTIVE EQUITY FUND, L.P.",805-9885419566,"WELLINGTON FUNDS (US) LLC","801-111643","Y"
1919569,"WELLINGTON DYNAMIC ACTIVE EQUITY FUND (CAYMAN), LTD.",805-3722436129,"WELLINGTON FUNDS (US) LLC","801-111643","Y"
1919569,"WELLINGTON CLIMATE RESILIENCE MASTER FUND (CAYMAN) L.P",805-3545795994,"WELLINGTON FUNDS (US) LLC","801-111643","N"
1919569,"WAI INVESTMENT STRATEGIES I, LLC",805-8349740828,"WELLINGTON ALTERNATIVE INVESTMENTS","801-107461","N"
1919569,"WELLINGTON BIOMEDICAL INNOVATION INVESTORS (CAYMAN) II L.P",805-6623751456,"WELLINGTON ALTERNATIVE INVESTMENTS","801-107461","Y"
1919569,"WELLINGTON BIOMEDICAL INNOVATION MASTER INVESTORS (CAYMAN) II L.P",805-2778306763,"WELLINGTON ALTERNATIVE INVESTMENTS","801-107461","N"
1919569,"WELLINGTON BIOMEDICAL INNOVATION PARTNERS II, L.P.",805-4978074100,"WELLINGTON ALTERNATIVE INVESTMENTS","801-107461","Y"
1919569,"WELLINGTON CLIMATE INNOVATION FEEDER FUND (CAYMAN) I L.P.",805-7698551329,"WELLINGTON ALTERNATIVE INVESTMENTS","801-107461","Y"
1919569,"WELLINGTON CLIMATE INNOVATION FUND (CAYMAN) I L.P.",805-8783703048,"WELLINGTON ALTERNATIVE INVESTMENTS","801-107461","Y"
1919569,"WELLINGTON CLIMATE INNOVATION FUND I, L.P.",805-1793193474,"WELLINGTON ALTERNATIVE INVESTMENTS","801-107461","Y"
1919569,"WELLINGTON CLIMATE MARKET NEUTRAL FUND (CAYMAN), LTD.",805-8717790344,"WELLINGTON ALTERNATIVE INVESTMENTS","801-107461","Y"
1919569,"WELLINGTON CLIMATE MARKET NEUTRAL FUND, L.P.",805-7750991088,"WELLINGTON ALTERNATIVE INVESTMENTS","801-107461","Y"
1919569,"WELLINGTON CLIMATE MARKET NEUTRAL MASTER FUND (CAYMAN) L.P.",805-9021301918,"WELLINGTON ALTERNATIVE INVESTMENTS","801-107461","N"
1919569,"WELLINGTON HADLEY HARBOR AIV II MASTER INVESTORS (CAYMAN) III, LTD.",805-8231995718,"WELLINGTON ALTERNATIVE INVESTMENTS","801-107461","N"
1919569,"WELLINGTON HADLEY HARBOR AIV INVESTORS (CAYMAN) III, LTD.",805-5080902645,"WELLINGTON ALTERNATIVE INVESTMENTS","801-107461","Y"
1919569,"WELLINGTON HADLEY HARBOR AIV MASTER INVESTORS (CAYMAN) III, LTD.",805-3919726364,"WELLINGTON ALTERNATIVE INVESTMENTS","801-107461","Y"
1919569,"WELLINGTON INSTITUTIONAL MULTI-STRATEGY MASTER FUND (CAYMAN) L.P.",805-7936344884,"WELLINGTON ALTERNATIVE INVESTMENTS","801-107461","N"
1919569,"WELLINGTON TMT MARKET NEUTRAL FUND, L.P.",805-4146974807,"WELLINGTON ALTERNATIVE INVESTMENTS","801-107461","Y"
1919569,"WELLINGTON TMT MARKET NEUTRAL MASTER FUND (CAYMAN) L.P.",805-3752730609,"WELLINGTON ALTERNATIVE INVESTMENTS","801-107461","N"
1919569,"WELLINGTON VENTURE INVESTMENTS I, L.P.",805-5545938750,"WELLINGTON ALTERNATIVE INVESTMENTS","801-107461","Y"
1919569,"WELLINGTON INSTITUTIONAL MULTI-STRATEGY FUND (CAYMAN) LTD.",805-7390546630,"WELLINGTON ALTERNATIVE INVESTMENTS","801-107461","Y"
1919569,"WELLINGTON CUSTOM DIVERSIFIED ALPHA FUND (CAYMAN), LTD.",805-2706741337,"WELLINGTON ALTERNATIVE INVESTMENTS","801-107461","Y"
1919569,"GLOBAL RESEARCH EQUITY EXTENDED FUND, CAYMAN LTD.",805-8377981064,"WELLINGTON ALTERNATIVE INVESTMENTS","801-107461","Y"
1919569,"HH IV CO-INVEST DIST INVESTORS (CAYMAN) L.P.",805-3778412494,"WELLINGTON ALTERNATIVE INVESTMENTS","801-107461","Y"
1919569,"HH IV CO-INVEST DIST MASTER INVESTORS (CAYMAN) L.P.",805-4770314695,"WELLINGTON ALTERNATIVE INVESTMENTS","801-107461","N"
1919569,"HH IV CO-INVEST DIST PARTNERS, L.P.",805-3456879586,"WELLINGTON ALTERNATIVE INVESTMENTS","801-107461","Y"
1919569,"WELLINGTON CUSTOM DEFENSIVE ALTERNATIVES FUND (CAYMAN), LTD.",805-9378785782,"WELLINGTON ALTERNATIVE INVESTMENTS","801-107461","Y"
1919569,"WELLINGTON HADLEY HARBOR MASTER INVESTORS (CAYMAN) IV L.P.",805-3148747383,"WELLINGTON ALTERNATIVE INVESTMENTS","801-107461","Y"
1919569,"WELLINGTON HADLEY HARBOR INVESTORS (CAYMAN) IV L.P.",805-1851579199,"WELLINGTON ALTERNATIVE INVESTMENTS","801-107461","Y"
1919569,"WELLINGTON HADLEY HARBOR PARTNERS IV, L.P.",805-4146476813,"WELLINGTON ALTERNATIVE INVESTMENTS","801-107461","Y"
1919569,"WELLINGTON MACRO EQUITY OPPORTUNITIES MASTER FUND (CAYMAN) L.P.",805-1190373482,"WELLINGTON ALTERNATIVE INVESTMENTS","801-107461","N"
1919569,"WELLINGTON MACRO EQUITY OPPORTUNITIES FUND, L.P.",805-6761780582,"WELLINGTON ALTERNATIVE INVESTMENTS","801-107461","Y"
1919569,"WELLINGTON MACRO EQUITY OPPORTUNITIES FUND (CAYMAN), LTD.",805-3431122988,"WELLINGTON ALTERNATIVE INVESTMENTS","801-107461","Y"
1919569,"WELLINGTON TMT MARKET NEUTRAL FUND, CAYMAN LTD.",805-1758508257,"WELLINGTON ALTERNATIVE INVESTMENTS","801-107461","Y"
1919569,"WELLINGTON CLIMATE RESILIENCE FUND (CAYMAN), LTD.",805-5907484234,"WELLINGTON FUNDS (US) LLC","801-111643","Y"
1919569,"EMERGING MARKETS SMALL CAP DISCOVERY FUND (CAYMAN), LTD.",805-2615679569,"WELLINGTON FUNDS (US) LLC","801-111643","Y"
1919569,"EMERGING MARKETS SMALL CAP DISCOVERY MASTER FUND (CAYMAN) L.P.",805-8157023494,"WELLINGTON FUNDS (US) LLC","801-111643","N"
1919569,"WELLINGTON FOCUSED ASIA EQUITY, L.P.",805-2628346807,"WELLINGTON FUNDS (US) LLC","801-111643","Y"
1919569,"NEXT GENERATION VEHICLES MASTER FUND (CAYMAN)  L.P.",805-4825658398,"WELLINGTON FUNDS (US) LLC","801-111643","N"
1919569,"NEXT GENERATION VEHICLES FUND (CAYMAN), LTD.",805-5257855811,"WELLINGTON FUNDS (US) LLC","801-111643","Y"
1919569,"NEXT GENERATION VEHICLES FUND, L.P.",805-1711643963,"WELLINGTON FUNDS (US) LLC","801-111643","Y"
1919569,"EMERGING MARKETS SMALL CAP DISCOVERY FUND L.P.",805-2152418255,"WELLINGTON FUNDS (US) LLC","801-111643","Y"
1919569,"INTERNATIONAL EQUITY FUND",805-4206310733,"RUSSELL INVESTMENTS","801-56576","N"
1919569,"TJU DB GLOBAL EX-US EQUITY FUND",805-7111072100,"RUSSELL INVESTMENTS","801-56576","N"
1919569,"WELLINGTON-CIS DIVERSIFYING STRATEGIES FUND (CAYMAN) L.P.",805-6260834140,"WELLINGTON ALTERNATIVE INVESTMENTS","801-107461","N"
1919569,"WELLINGTON-CIS DIVERSIFYING STRATEGIES FUND (CAYMAN), LTD.",805-7118644907,"WELLINGTON ALTERNATIVE INVESTMENTS","801-107461","Y"
1919569,"WELLINGTON-CIS FIXED INCOME FUND, L.P.",805-9870413418,"WELLINGTON ALTERNATIVE INVESTMENTS","801-107461","Y"
1919569,"WELLINGTON-CIS GLOBAL EQUITY FUND, L.P.",805-9429326685,"WELLINGTON ALTERNATIVE INVESTMENTS","801-107461","Y"
1919569,"WELLINGTON MANAGEMENT CLO LTD.",805-6073356323,"WELLINGTON ALTERNATIVE INVESTMENTS","801-107461","N"
1919569,"WELLINGTON DIVERSIFYING ALPHA FUND (CAYMAN) L.P.",805-2476977714,"WELLINGTON ALTERNATIVE INVESTMENTS","801-107461","Y"
1919569,"WELLINGTON GLOBAL MULTI-STRATEGY FUND, L.P.",805-3177311886,"WELLINGTON ALTERNATIVE INVESTMENTS","801-107461","Y"
1919569,"WELLINGTON GLOBAL MULTI-STRATEGY MASTER FUND (CAYMAN) L.P.",805-6486484121,"WELLINGTON ALTERNATIVE INVESTMENTS","801-107461","N"
1919569,"WELLINGTON GLOBAL MULTI-STRATEGY FUND (CAYMAN), LTD.",805-5140901210,"WELLINGTON ALTERNATIVE INVESTMENTS","801-107461","Y"
1919569,"WELLINGTON SELECT CHINA, L.P.",805-8771159338,"WELLINGTON FUNDS (US) LLC","801-111643","Y"
1919569,"WELLINGTON NATURAL GAS OPPORTUNITIES II FUND (CAYMAN), LTD.",805-5059547124,"WELLINGTON FUNDS (US) LLC","801-111643","Y"
1919569,"WELLINGTON NATURAL GAS OPPORTUNITIES II FUND, L.P.",805-4057509182,"WELLINGTON FUNDS (US) LLC","801-111643","Y"
1919569,"WELLINGTON NATURAL GAS OPPORTUNITIES II MASTER FUND (CAYMAN) L.P.",805-2250864894,"WELLINGTON FUNDS (US) LLC","801-111643","N"
1921031,"ABS DIRECT EQUITY FUND LLC - CANADA SERIES 1",805-7086826854,"ABS GLOBAL INVESTMENTS","801-62188","N"
1922500,"TS&W INTERNATIONAL SMALL CAP EQUITY FUND (DST)",805-5213833933,"JOHCM (USA) INC","801-78083","Y"
1922500,"TS&W INTERNATIONAL LARGE CAP EQUITY FUND (DST)",805-4632101076,"JOHCM (USA) INC","801-78083","Y"
1922500,"TS&W SMID CAP EQUITY FUND (DST)",805-7898005675,"JOHCM (USA) INC","801-78083","Y"
1924766,"BOOTHBAY ABSOLUTE RETURN STRATEGIES, LP",805-5663558974,"BOOTHBAY FUND MANAGEMENT","801-80018","N"
1924766,"BOOTHBAY DIVERSIFIED ALPHA MASTER FUND LP",805-3035644699,"BOOTHBAY FUND MANAGEMENT","801-80018","N"
1924766,"WALLEYE MANAGER OPPORTUNITIES LLC",805-7359352320,"WALLEYE CAPITAL LLC","801-113731","N"
1924766,"CORBIN HEDGED EQUITY FUND LP",805-4142684909,"CORBIN CAPITAL PARTNERS, L.P.","801-63358","N"
1924766,"I-94 PARTNERS FUND LP",805-6169791570,"WALLEYE CAPITAL LLC","801-113731","N"
1924766,"DOCKSIDE FUND I LP",805-2853280229,"WALLEYE CAPITAL LLC","801-113731","N"
1924776,"CANAL DIVERSIFYING STRATEGIES FUND I, LP",805-8362431328,"PPB ADVISORS, LLC","801-96194","Y"
1922088,"ULLICO DIVERSIFIED INTERNATIONAL EQUITY FUND, L.P.",805-4470684001,"ULLICO INVESTMENT ADVISORS, INC.","801-36371","N"
1922090,"ULLICO DIVERSIFIED INTERNATIONAL EQUITY FUND, L.P.",805-4470684001,"ULLICO INVESTMENT ADVISORS, INC.","801-36371","N"
1926857,"EVGC GROWTH I CO-INVEST, LLC",805-4404912353,"E.VENTURES MANAGEMENT, LLC","802-116979","N"
1926857,"EVGC GROWTH II CO-INVEST, LLC",805-8329541915,"E.VENTURES MANAGEMENT, LLC","802-116979","N"
1926857,"YS VC GC I LLC",805-9512906558,"YIELDSTREET","801-107574","N"
1926857,"YS VC GC II LLC",805-3981277437,"YIELDSTREET","801-107574","N"
1906092,"A&Q METRIC SPC- EMSO OPPORTUNITIES I SP",805-9900011520,"UBS ASSET MANAGEMENT (AMERICAS) LLC","801-34910","N"
1906092,"CMAP EMSO FUND - CMAP EMSO FUND LIMITED",805-2886944715,"WILSHIRE","801-36233","N"
1925140,"COMPLUS ASIA FIXED INCOME FUND",805-7594691957,"COMPLUS ASSET MANAGEMENT LIMITED","801-113880","Y"
1925140,"COMPLUS ASIA MACRO JPY FUND",805-8229688434,"COMPLUS ASSET MANAGEMENT LIMITED","801-113880","N"
1925140,"COMPLUS ASIA MACRO MASTER FUND LTD",805-7451227416,"COMPLUS ASSET MANAGEMENT LIMITED","801-113880","N"
1922850,"CONSTITUTION FUND V, LLC",805-1020161050,"FAIRVIEW CONSTITUTION MANAGEMENT IV LLC","801-72952","N"
1922821,"DYNAMIC EQUITY MANAGERS: PORTFOLIO 2 OFFSHORE L.P.",805-4614930501,"GOLDMAN SACHS ASSET MANAGEMENT, L.P.","801-37591","N"
1920090,"VERITION MULTI-STRATEGY MASTER FUND LTD.",805-5168944969,"VERITION FUND MANAGEMENT LLC","801-74000","N"
1928590,"SPEARHEAD INSURANCE SOLUTIONS IDF, LLC SERIES ELM",805-8851755241,"SPEARHEAD ADMINISTRATIVE SERVICES, LLC","801-123610","N"
1922850,"CONSTITUTION LIQUIDATING FUND LP",805-7914507442,"FAIRVIEW CONSTITUTION MANAGEMENT IV LLC","801-72952","N"
1922850,"FAIRVIEW CONSTITUTION II, LP",805-6673593699,"FAIRVIEW CONSTITUTION MANAGEMENT IV LLC","801-72952","N"
1922850,"FAIRVIEW CONSTITUTION III LP",805-8775066169,"FAIRVIEW CONSTITUTION MANAGEMENT IV LLC","801-72952","N"
1922850,"FAIRVIEW CONSTITUTION IV LP",805-3672571855,"FAIRVIEW CONSTITUTION MANAGEMENT IV LLC","801-72952","N"
1930610,"FIAM GLOBAL CREDIT EX-U.S. HEDGED FUND, LP",805-4029340684,"FIAM LLC","801-63658","N"
1930610,"FIAM GLOBAL FOUNDERS FUND LP",805-2802861464,"FIAM LLC","801-63658","N"
1930303,"VANGUARD STERLING SHORT-TERM MONEY MARKET FUND",805-3789338560,"VANGUARD GLOBAL ADVISERS, LLC","801-76825","N"
1922465,"BT SELECT FUND I LP",805-3305467320,"WAVERLY ADVISORS, LLC","801-60741","N"
1922465,"BT OPPORTUNITY FUND, LP",805-4712852275,"WAVERLY ADVISORS, LLC","801-60741","N"
1922191,"PUTNAM STRUCTURED PRODUCT CDO 2001-1 LTD.",805-2571386057,"FRANKLIN ADVISERS, INC.","801-26292","N"
1922191,"PUTNAM STRUCTURED PRODUCT FUNDING 2003-1 LTD.",805-6644911294,"FRANKLIN ADVISERS, INC.","801-26292","N"
1922573,"BLACKROCK NEW FRONTIERS FUND LLC",805-4839524705,"BLACKROCK FINANCIAL MANAGEMENT, INC","801-48433","N"
1922573,"BLACKROCK NEW FRONTIERS MASTER FUND LIMITED",805-8759258024,"BLACKROCK FINANCIAL MANAGEMENT, INC","801-48433","N"
1931736,"COPENHAGEN INFRASTRUCTURE IV FEEDER FUND SCSP",805-5403599841,"COPENHAGEN INFRASTRUCTURE PARTNERS","802-118416","N"
1931736,"COPENHAGEN INFRASTRUCTURE IV K/S",805-1664095990,"COPENHAGEN INFRASTRUCTURE PARTNERS","802-118416","N"
1931736,"COPENHAGEN INFRASTRUCTURE IV SCSP",805-2146771079,"COPENHAGEN INFRASTRUCTURE PARTNERS","802-118416","N"
1931736,"COPENHAGEN INFRASTRUCTURE ENERGY TRANSITION FUND I FEEDER SCSP",805-6613331092,"COPENHAGEN INFRASTRUCTURE PARTNERS","802-118416","N"
1931173,"PWF FUND, LP",805-5639328594,"CAMBRIDGE ASSOCIATES, LLC","801-14255","N"
1931173,"BVU FUND, LP",805-6046182428,"CAMBRIDGE ASSOCIATES, LLC","801-14255","N"
1923139,"MAGNITUDE INSURANCE PARTNERS SERIES INTERESTS OF THE SALI MULTI-SERIES FUND, LP",805-4145958964,"SALI FUND SERVICES","801-61702","N"
1929863,"PALOMA INTERNATIONAL LP",805-5315493818,"PALOMA PARTNERS MANAGEMENT COMPANY","801-72796","N"
1929151,"CORUNDUM MANAGED EQUITY FUND AI LLC",805-6927558559,"CORUNDUM GROUP, INC.","801-42281","N"
1929151,"CORUNDUM MANAGED EQUITY FUND QP LLC",805-6780062866,"CORUNDUM GROUP, INC.","801-42281","N"
1929151,"CORUNDUM INCOME FUND QP LLC",805-8196921760,"CORUNDUM GROUP, INC.","801-42281","N"
1931736,"COPENHAGEN INFRASTRUCTURE ENERGY TRANSITION FUND I K/S",805-9544915393,"COPENHAGEN INFRASTRUCTURE PARTNERS","802-118416","N"
1931736,"COPENHAGEN INFRASTRUCTURE ENERGY TRANSITION FUND I SCSP",805-8939209775,"COPENHAGEN INFRASTRUCTURE PARTNERS","802-118416","N"
1931736,"COPENHAGEN INFRASTRUCTURE GREEN CREDIT FUND I NON-SRT AIV SCSP",805-1903972601,"COPENHAGEN INFRASTRUCTURE PARTNERS","802-118416","N"
1931736,"COPENHAGEN INFRASTRUCTURE GREEN CREDIT FUND I SCSP",805-1056510004,"COPENHAGEN INFRASTRUCTURE PARTNERS","802-118416","N"
1931736,"COPENHAGEN INFRASTRUCTURE ADVANCED BIOENERGY I SCSP",805-7557386772,"COPENHAGEN INFRASTRUCTURE PARTNERS","802-118416","N"
1931736,"COPENHAGEN INFRASTRUCTURE ADVANCED BIOENERGY I FEEDER SCSP",805-7844503041,"COPENHAGEN INFRASTRUCTURE PARTNERS","802-118416","N"
1931736,"COPENHAGEN INFRASTRUCTURE V SCSP",805-1206475901,"COPENHAGEN INFRASTRUCTURE PARTNERS","802-118416","N"
1931736,"COPENHAGEN INFRASTRUCTURE V EUR BLOCKER FEEDER SCSP",805-5521295786,"COPENHAGEN INFRASTRUCTURE PARTNERS","802-118416","N"
1931736,"COPENHAGEN INFRASTRUCTURE V USD FEEDER SCSP",805-5005748229,"COPENHAGEN INFRASTRUCTURE PARTNERS","802-118416","N"
1931736,"COPENHAGEN INFRASTRUCTURE V USD BLOCKER FEEDER SCSP",805-9978500878,"COPENHAGEN INFRASTRUCTURE PARTNERS","802-118416","N"
1931736,"ATKL BRASILIANA K/S",805-1445205144,"COPENHAGEN INFRASTRUCTURE PARTNERS","802-118416","N"
1931736,"COPENHAGEN INFRASTRUCTURE ENERGY TRANSITION FUND I FEEDER K/S",805-1260326364,"COPENHAGEN INFRASTRUCTURE PARTNERS","802-118416","N"
1931736,"COPENHAGEN INFRASTRUCTURE III K/S",805-2465140340,"COPENHAGEN INFRASTRUCTURE PARTNERS","802-118416","N"
1931736,"COPENHAGEN INFRASTRUCTURE IV AUS TRUST",805-5774047587,"COPENHAGEN INFRASTRUCTURE PARTNERS","802-118416","N"
1931736,"COPENHAGEN INFRASTRUCTURE IV DUTCH K/S",805-8001690237,"COPENHAGEN INFRASTRUCTURE PARTNERS","802-118416","N"
1931736,"COPENHAGEN INFRASTRUCTURE NEW MARKETS FUND I K/S",805-5747469413,"COPENHAGEN INFRASTRUCTURE PARTNERS","802-118416","N"
1931736,"ENERGIØ I K/S",805-2340514019,"COPENHAGEN INFRASTRUCTURE PARTNERS","802-118416","N"
1931736,"NMF BRAZIL K/S",805-2811063990,"COPENHAGEN INFRASTRUCTURE PARTNERS","802-118416","N"
1931736,"PDLP BRASILIEN K/S",805-4218949224,"COPENHAGEN INFRASTRUCTURE PARTNERS","802-118416","N"
1931736,"NYSCRF CI CO-INVEST SCSP",805-6531207505,"COPENHAGEN INFRASTRUCTURE PARTNERS","802-118416","N"
1931736,"COPENHAGEN INFRASTRUCTURE GROWTH MARKETS FUND II FEEDER SCSP",805-7536741396,"COPENHAGEN INFRASTRUCTURE PARTNERS","802-118416","N"
1931736,"COPENHAGEN INFRASTRUCTURE GROWTH MARKETS FUND II SCSP",805-7398521443,"COPENHAGEN INFRASTRUCTURE PARTNERS","802-118416","N"
1931736,"COPENHAGEN INFRASTRUCTURE V FEEDER SCA SICAV-RAIF",805-3414797830,"COPENHAGEN INFRASTRUCTURE PARTNERS","802-118416","N"
1922714,"ABS DIRECT EQUITY FUND LLC - CANADA SERIES 1",805-7086826854,"ABS GLOBAL INVESTMENTS","801-62188","N"
1911743,"RAINTREE CREDIT OPPORTUNITY MASTER FUND LTD",805-5204162535,"OGAM, LP","801-110456","N"
1911743,"CHAPELGATE CREDIT OPPORTUNITY MASTER FUND LIMITED",805-4499678218,"ORCHARD GLOBAL ASSET MANAGEMENT (S) PTE LTD","802-76672","N"
1911743,"ELEGANTREE 2015 LEVERAGED MASTER FUND LTD",805-3113915389,"ORCHARD GLOBAL ASSET MANAGEMENT (S) PTE LTD","802-76672","N"
1911743,"ELEGANTREE 2015 TACTICAL MASTER FUND LTD",805-3363467182,"ORCHARD GLOBAL ASSET MANAGEMENT (S) PTE LTD","802-76672","N"
1911743,"BLACK FOREST STRUCTURED LENDING MASTER FUND LP",805-8887043878,"ORCHARD GLOBAL ASSET MANAGEMENT (S) PTE LTD","802-76672","N"
1911743,"ELEGANTREE OPPORTUNITIES MASTER FUND III LP",805-5182161591,"OGAM, LP","801-110456","N"
1922473,"PUTNAM STRUCTURED PRODUCT CDO 2001-1 LTD.",805-2571386057,"FRANKLIN ADVISERS, INC.","801-26292","N"
1922473,"PUTNAM STRUCTURED PRODUCT FUNDING 2003-1 LTD.",805-6644911294,"FRANKLIN ADVISERS, INC.","801-26292","N"
1922554,"PRIME EFFICIENCY FUND I, LLC",805-1369683416,"PRIME FINANCE ADVISOR, L.P.","801-73438","N"
1922592,"BLACKROCK EMERGING FRONTIERS MASTER FUND LIMITED",805-8132009582,"BLACKROCK INVESTMENT MANAGEMENT (UK) LIMITED","802-76129","N"
1922592,"BLACKROCK EMERGING FRONTIERS FUND LIMITED",805-3948069616,"BLACKROCK INVESTMENT MANAGEMENT (UK) LIMITED","802-76129","N"
