"FilingID","Fund Name","Fund ID","Adviser Name","Adviser SEC Number","Clients Solicited?"
2007814,"GLOBAL MANAGER FOCUSED GROWTH SEGREGATED PORTFOLIO",805-3824555850,"UNIMAR","801-108974","N"
2011007,"AWA SMALL CAP ACCESS FUND, L.P",805-1296209439,"ARGOS WEALTH ADVISORS LLC","801-68097","N"
2009099,"K2 LAZARD LIQUID CONVERTIBLES PLUS MASTER FUND LTD",805-3056277892,"K2/D&S MANAGEMENT CO., L.L.C.","801-61852","N"
1982098,"THE HARTFORD CAYMAN REAL ASSET FUND, LTD.",805-9239573793,"HARTFORD FUNDS","801-77209","N"
1982098,"COMMONFUND EM QUANTITATIVE FOCUS FUND, LLC",805-1118310215,"COMMONFUND OCIO, INC.","801-56548","N"
1982098,"GLOBAL EQUITY PLUS FUND",805-5351145898,"RUSSELL INVESTMENTS","801-56576","N"
1982098,"TTC WORLD EQUITY FUND QP, LP",805-1198575718,"TIEDEMANN ADVISORS, LLC","801-69865","N"
1982098,"ARCHIPELAGO HOLDINGS, LTD.",805-3304602860,"WELLINGTON ALTERNATIVE INVESTMENTS","801-107461","Y"
1982098,"ARCHIPELAGO PARTNERS, L.P.",805-2419107837,"WELLINGTON ALTERNATIVE INVESTMENTS","801-107461","Y"
1982098,"WELLINGTON MACRO STRATEGIES FUND (CAYMAN), LTD.",805-7517366117,"WELLINGTON ALTERNATIVE INVESTMENTS","801-107461","Y"
1982098,"WELLINGTON MACRO STRATEGIES FUND MASTER INVESTORS (CAYMAN) L.P.",805-3919979460,"WELLINGTON ALTERNATIVE INVESTMENTS","801-107461","N"
1982098,"WELLINGTON MACRO STRATEGIES FUND, L.P.",805-1839135874,"WELLINGTON ALTERNATIVE INVESTMENTS","801-107461","Y"
1982098,"BAY POND INVESTORS (BERMUDA) L.P.",805-2284755846,"WELLINGTON ALTERNATIVE INVESTMENTS","801-107461","Y"
1982098,"BAY POND PARTNERS, L.P.",805-7565517923,"WELLINGTON ALTERNATIVE INVESTMENTS","801-107461","Y"
1982098,"WELLINGTON CREDIT STRATEGIES FUND (CAYMAN), LTD.",805-9484488127,"WELLINGTON ALTERNATIVE INVESTMENTS","801-107461","Y"
1982098,"WELLINGTON CREDIT STRATEGIES MASTER FUND (CAYMAN) L.P.",805-1434767571,"WELLINGTON ALTERNATIVE INVESTMENTS","801-107461","N"
1982098,"WELLINGTON CREDIT STRATEGIES FUND, L.P.",805-4451845105,"WELLINGTON ALTERNATIVE INVESTMENTS","801-107461","Y"
1982098,"GLOBAL EQUITY ABSOLUTE RETURN MASTER INVESTORS (CAYMAN) L.P.",805-3415293928,"WELLINGTON ALTERNATIVE INVESTMENTS","801-107461","N"
1982098,"HADLEY HARBOR INVESTORS (CAYMAN) L.P.",805-1119173283,"WELLINGTON ALTERNATIVE INVESTMENTS","801-107461","Y"
1982098,"HADLEY HARBOR MASTER INVESTORS (CAYMAN) L.P.",805-1369274927,"WELLINGTON ALTERNATIVE INVESTMENTS","801-107461","Y"
1982098,"HAWKES BAY INVESTORS (CAYMAN), LTD.",805-9106363183,"WELLINGTON ALTERNATIVE INVESTMENTS","801-107461","Y"
1982098,"HAWKES BAY MASTER INVESTORS (CAYMAN) L.P.",805-4192011419,"WELLINGTON ALTERNATIVE INVESTMENTS","801-107461","N"
1982098,"HAWKES BAY PARTNERS, L.P.",805-6225634555,"WELLINGTON ALTERNATIVE INVESTMENTS","801-107461","Y"
1982098,"WELLINGTON GLOBAL TECHNOLOGY LONG/SHORT FUND (BERMUDA) L.P.",805-9446705490,"WELLINGTON ALTERNATIVE INVESTMENTS","801-107461","Y"
1982098,"WELLINGTON GLOBAL TECHNOLOGY LONG/SHORT FUND, L.P.",805-6587797273,"WELLINGTON ALTERNATIVE INVESTMENTS","801-107461","Y"
1982098,"HADLEY HARBOR PARTNERS, L.P.",805-7098644780,"WELLINGTON ALTERNATIVE INVESTMENTS","801-107461","Y"
1982098,"HIGH HAITH INVESTORS (CAYMAN), LTD.",805-3632277678,"WELLINGTON ALTERNATIVE INVESTMENTS","801-107461","Y"
1982098,"HIGH HAITH MASTER INVESTORS (CAYMAN) L.P.",805-7112621105,"WELLINGTON ALTERNATIVE INVESTMENTS","801-107461","N"
1982098,"HIGH HAITH PARTNERS, L.P.",805-3283416537,"WELLINGTON ALTERNATIVE INVESTMENTS","801-107461","Y"
1982098,"IGUAZU INVESTORS (CAYMAN), SPC",805-9007598077,"WELLINGTON ALTERNATIVE INVESTMENTS","801-107461","Y"
1982098,"IGUAZU MASTER INVESTORS (CAYMAN) L.P.",805-1514745488,"WELLINGTON ALTERNATIVE INVESTMENTS","801-107461","N"
1982098,"IGUAZU PARTNERS, L.P.",805-9695515617,"WELLINGTON ALTERNATIVE INVESTMENTS","801-107461","Y"
1982098,"ITHAN CREEK INVESTORS (CAYMAN) II, LTD.",805-6014908978,"WELLINGTON ALTERNATIVE INVESTMENTS","801-107461","Y"
1982098,"ITHAN CREEK INVESTORS (CAYMAN), LTD.",805-7370203404,"WELLINGTON ALTERNATIVE INVESTMENTS","801-107461","Y"
1982098,"ITHAN CREEK MASTER INVESTORS (CAYMAN) L.P.",805-8264399805,"WELLINGTON ALTERNATIVE INVESTMENTS","801-107461","N"
1982098,"ITHAN CREEK PARTNERS, L.P.",805-2217503150,"WELLINGTON ALTERNATIVE INVESTMENTS","801-107461","Y"
1982098,"J. CAIRD INVESTORS (BERMUDA) L.P.",805-8330022167,"WELLINGTON ALTERNATIVE INVESTMENTS","801-107461","Y"
1982098,"J. CAIRD PARTNERS, L.P.",805-8835414780,"WELLINGTON ALTERNATIVE INVESTMENTS","801-107461","Y"
1982098,"NORTH RIVER INVESTORS (BERMUDA) L.P.",805-7894470511,"WELLINGTON ALTERNATIVE INVESTMENTS","801-107461","Y"
1982098,"NORTH RIVER PARTNERS, L.P.",805-7222588491,"WELLINGTON ALTERNATIVE INVESTMENTS","801-107461","Y"
1982098,"PAGOSA INVESTORS (CAYMAN), LTD.",805-7514899716,"WELLINGTON ALTERNATIVE INVESTMENTS","801-107461","Y"
1982098,"PAGOSA PARTNERS, L.P.",805-4640329854,"WELLINGTON ALTERNATIVE INVESTMENTS","801-107461","Y"
1982098,"QUISSETT INVESTORS (BERMUDA) L.P.",805-7394262866,"WELLINGTON ALTERNATIVE INVESTMENTS","801-107461","Y"
1982098,"QUISSETT PARTNERS, L.P.",805-8708847970,"WELLINGTON ALTERNATIVE INVESTMENTS","801-107461","Y"
1982098,"SALTHILL INVESTORS (BERMUDA) L.P.",805-7286263013,"WELLINGTON ALTERNATIVE INVESTMENTS","801-107461","Y"
1982098,"SALTHILL PARTNERS, L.P.",805-8429466434,"WELLINGTON ALTERNATIVE INVESTMENTS","801-107461","Y"
1982098,"SPINDRIFT INVESTORS (BERMUDA) L.P.",805-9494670820,"WELLINGTON ALTERNATIVE INVESTMENTS","801-107461","Y"
1982098,"SPINDRIFT PARTNERS, L.P.",805-7223437049,"WELLINGTON ALTERNATIVE INVESTMENTS","801-107461","Y"
1982098,"US RESEARCH EQUITY EXTENDED FUND, L.P.",805-4166815994,"WELLINGTON ALTERNATIVE INVESTMENTS","801-107461","Y"
1982098,"US RESEARCH EQUITY EXTENDED MASTER FUND (CAYMAN) L.P.",805-1822983470,"WELLINGTON ALTERNATIVE INVESTMENTS","801-107461","N"
1982098,"WOLF CREEK INVESTORS (BERMUDA) L.P.",805-6764120033,"WELLINGTON ALTERNATIVE INVESTMENTS","801-107461","Y"
1982098,"WOLF CREEK PARTNERS, L.P.",805-5933356589,"WELLINGTON ALTERNATIVE INVESTMENTS","801-107461","Y"
1982098,"ELBE MASTER INVESTORS (CAYMAN) L.P.",805-9956929119,"WELLINGTON ALTERNATIVE INVESTMENTS","801-107461","N"
1982098,"ELBE PARTNERS, L.P.",805-6408689566,"WELLINGTON ALTERNATIVE INVESTMENTS","801-107461","Y"
1982098,"ELBE INVESTORS (CAYMAN), LTD.",805-9564789584,"WELLINGTON ALTERNATIVE INVESTMENTS","801-107461","Y"
1982098,"WELLINGTON PAGOSA FUND (CAYMAN) II, LTD.",805-3401177871,"WELLINGTON ALTERNATIVE INVESTMENTS","801-107461","Y"
1982098,"GLOBAL EQUITY ABSOLUTE RETURN INVESTORS (CAYMAN) II, LTD.",805-5766832504,"WELLINGTON ALTERNATIVE INVESTMENTS","801-107461","N"
1982098,"MAGDALENA MASTER INVESTORS (CAYMAN) L.P.",805-6537503178,"WELLINGTON ALTERNATIVE INVESTMENTS","801-107461","N"
1982098,"MAGDALENA PARTNERS, L.P.",805-8036360842,"WELLINGTON ALTERNATIVE INVESTMENTS","801-107461","Y"
1982098,"MAGDALENA INVESTORS (CAYMAN), LTD.",805-3339910040,"WELLINGTON ALTERNATIVE INVESTMENTS","801-107461","Y"
1982098,"HADLEY HARBOR INVESTORS (CAYMAN) II L.P.",805-3050842902,"WELLINGTON ALTERNATIVE INVESTMENTS","801-107461","Y"
1982098,"HADLEY HARBOR MASTER INVESTORS (CAYMAN) II L.P.",805-7209504824,"WELLINGTON ALTERNATIVE INVESTMENTS","801-107461","Y"
1982098,"HADLEY HARBOR PARTNERS II, L.P.",805-5529711303,"WELLINGTON ALTERNATIVE INVESTMENTS","801-107461","Y"
1982098,"WELLINGTON COMPOUND GROWTH, L.P.",805-5522646274,"WELLINGTON FUNDS (US) LLC","801-111643","Y"
1982098,"WELLINGTON INDIA OPPORTUNITIES FUND, LTD.",805-5945345207,"WELLINGTON FUNDS (US) LLC","801-111643","Y"
1982098,"WELLINGTON SECURITIZED OPPORTUNITIES, LTD.",805-6972699082,"WELLINGTON FUNDS (US) LLC","801-111643","Y"
1982098,"WELLINGTON SELECT QUALITY EQUITY, L.P.",805-3558141901,"WELLINGTON FUNDS (US) LLC","801-111643","Y"
1982098,"WELLINGTON DURABLE ENTERPRISES, L.P.",805-8065282849,"WELLINGTON FUNDS (US) LLC","801-111643","Y"
1982098,"WELLINGTON: NON-US EQUITY OFFSHORE MASTER L.P.",805-7034496758,"GOLDMAN SACHS ASSET MANAGEMENT, L.P.","801-37591","N"
1982098,"DIAMOND BROOK INVESTORS (CAYMAN), LTD.",805-4107634872,"WELLINGTON ALTERNATIVE INVESTMENTS","801-107461","Y"
1982098,"WELLINGTON EXTENDED HORIZONS, L.P.",805-9423964476,"WELLINGTON FUNDS (US) LLC","801-111643","Y"
1982098,"NON-US EQUITY MANAGERS: PORTFOLIO1 [SERIES]",805-3153234192,"GOLDMAN SACHS ASSET MANAGEMENT, L.P.","801-37591","N"
1982098,"MULTI-ADVISOR FUNDS INTERNATIONAL EQUITY VALUE FUND",805-8586862680,"NORTHERN TRUST INVESTMENTS, INCORPORATED","801-33358","N"
1982098,"COMMONFUND SCREENED GLOBAL EQUITY, LLC",805-1844552231,"COMMONFUND OCIO, INC.","801-56548","N"
1982098,"WELLINGTON BIOMEDICAL INNOVATION INVESTORS (CAYMAN) I L.P.",805-7529750568,"WELLINGTON ALTERNATIVE INVESTMENTS","801-107461","Y"
1982098,"WELLINGTON BIOMEDICAL INNOVATION MASTER INVESTORS (CAYMAN) I L.P.",805-9954132149,"WELLINGTON ALTERNATIVE INVESTMENTS","801-107461","Y"
1982098,"WELLINGTON BIOMEDICAL INNOVATION PARTNERS I, L.P.",805-7405502086,"WELLINGTON ALTERNATIVE INVESTMENTS","801-107461","Y"
1982098,"WELLINGTON HADLEY HARBOR INVESTORS (CAYMAN) III L.P.",805-7933612726,"WELLINGTON ALTERNATIVE INVESTMENTS","801-107461","Y"
1982098,"WELLINGTON HADLEY HARBOR MASTER INVESTORS (CAYMAN) III L.P.",805-2675850439,"WELLINGTON ALTERNATIVE INVESTMENTS","801-107461","Y"
1982098,"WELLINGTON HADLEY HARBOR PARTNERS III, L.P.",805-3778093356,"WELLINGTON ALTERNATIVE INVESTMENTS","801-107461","Y"
1982098,"INTERNATIONAL RESEARCH EQUITY EXTENDED MASTER FUND (CAYMAN), L.P.",805-2717757694,"WELLINGTON ALTERNATIVE INVESTMENTS","801-107461","N"
1982098,"INTERNATIONAL RESEARCH EQUITY EXTENDED FUND, L.P.",805-6878904477,"WELLINGTON ALTERNATIVE INVESTMENTS","801-107461","Y"
1982098,"MACRO THEMES INVESTORS (CAYMAN) L.P.",805-9622611222,"WELLINGTON ALTERNATIVE INVESTMENTS","801-107461","Y"
1982098,"MACRO THEMES MASTER INVESTORS (CAYMAN), L.P.",805-2429154145,"WELLINGTON ALTERNATIVE INVESTMENTS","801-107461","N"
1982098,"TEXAS HIDALGO CO-INVESTMENT FUND, L.P.",805-4886505545,"WELLINGTON ALTERNATIVE INVESTMENTS","801-107461","Y"
1982098,"HH III CO-INVEST DIST INVESTORS (CAYMAN) L.P.",805-3401913009,"WELLINGTON ALTERNATIVE INVESTMENTS","801-107461","Y"
1982098,"HH III CO-INVEST DIST MASTER INVESTORS (CAYMAN) L.P.",805-7103550227,"WELLINGTON ALTERNATIVE INVESTMENTS","801-107461","N"
1982098,"HH III CO-INVEST DIST PARTNERS, L.P.",805-9158940356,"WELLINGTON ALTERNATIVE INVESTMENTS","801-107461","Y"
1982098,"WELLINGTON BLENDED OPPORTUNISTIC EMD, L.P.",805-6558731051,"WELLINGTON FUNDS (US) LLC","801-111643","Y"
1982098,"WELLINGTON COMPOUND GROWTH (CAYMAN), LTD.",805-9298666306,"WELLINGTON FUNDS (US) LLC","801-111643","Y"
1982098,"HH III CO-INVEST INST INVESTORS (CAYMAN) L.P.",805-6145598769,"WELLINGTON ALTERNATIVE INVESTMENTS","801-107461","Y"
1982098,"GLOBAL RESEARCH EQUITY EXTENDED MASTER FUND (CAYMAN), L.P.",805-8889413130,"WELLINGTON ALTERNATIVE INVESTMENTS","801-107461","N"
1982098,"GLOBAL RESEARCH EQUITY EXTENDED FUND, L.P.",805-7404651977,"WELLINGTON ALTERNATIVE INVESTMENTS","801-107461","Y"
1982098,"COMMONFUND INSTITUTIONAL CORE EQUITY FUND, LLC",805-8447695108,"COMMONFUND OCIO, INC.","801-56548","N"
1982098,"COMMONFUND INSTITUTIONAL MULTI-STRATEGY EQUITY FUND, LLC",805-6622899664,"COMMONFUND OCIO, INC.","801-56548","N"
1982098,"COMMONFUND MULTI-STRATEGY EQUITY INVESTORS, LLC",805-3627167750,"COMMONFUND OCIO, INC.","801-56548","N"
1982098,"TJU NQ GLOBAL EX-US EQUITY FUND",805-6235187367,"RUSSELL INVESTMENTS","801-56576","N"
1982098,"WELLINGTON CLIMATE RESILIENCE FUND, L.P.",805-5141221739,"WELLINGTON FUNDS (US) LLC","801-111643","Y"
1982098,"WELLINGTON DYNAMIC ACTIVE EQUITY MASTER FUND (CAYMAN) L.P.",805-9329044711,"WELLINGTON FUNDS (US) LLC","801-111643","N"
1982098,"WELLINGTON DYNAMIC ACTIVE EQUITY FUND, L.P.",805-9885419566,"WELLINGTON FUNDS (US) LLC","801-111643","Y"
1982098,"WELLINGTON DYNAMIC ACTIVE EQUITY FUND (CAYMAN), LTD.",805-3722436129,"WELLINGTON FUNDS (US) LLC","801-111643","Y"
1982098,"WELLINGTON CLIMATE RESILIENCE MASTER FUND (CAYMAN) L.P",805-3545795994,"WELLINGTON FUNDS (US) LLC","801-111643","N"
1982098,"WAI INVESTMENT STRATEGIES I, LLC",805-8349740828,"WELLINGTON ALTERNATIVE INVESTMENTS","801-107461","N"
1982098,"WELLINGTON BIOMEDICAL INNOVATION INVESTORS (CAYMAN) II L.P",805-6623751456,"WELLINGTON ALTERNATIVE INVESTMENTS","801-107461","Y"
1982098,"WELLINGTON BIOMEDICAL INNOVATION MASTER INVESTORS (CAYMAN) II L.P",805-2778306763,"WELLINGTON ALTERNATIVE INVESTMENTS","801-107461","N"
1982098,"WELLINGTON BIOMEDICAL INNOVATION PARTNERS II, L.P.",805-4978074100,"WELLINGTON ALTERNATIVE INVESTMENTS","801-107461","Y"
1982098,"WELLINGTON CLIMATE INNOVATION FEEDER FUND (CAYMAN) I L.P.",805-7698551329,"WELLINGTON ALTERNATIVE INVESTMENTS","801-107461","Y"
1982098,"WELLINGTON CLIMATE INNOVATION FUND (CAYMAN) I L.P.",805-8783703048,"WELLINGTON ALTERNATIVE INVESTMENTS","801-107461","Y"
1982098,"WELLINGTON CLIMATE INNOVATION FUND I, L.P.",805-1793193474,"WELLINGTON ALTERNATIVE INVESTMENTS","801-107461","Y"
1982098,"WELLINGTON CLIMATE MARKET NEUTRAL FUND (CAYMAN), LTD.",805-8717790344,"WELLINGTON ALTERNATIVE INVESTMENTS","801-107461","Y"
1982098,"WELLINGTON CLIMATE MARKET NEUTRAL FUND, L.P.",805-7750991088,"WELLINGTON ALTERNATIVE INVESTMENTS","801-107461","Y"
1982098,"WELLINGTON CLIMATE MARKET NEUTRAL MASTER FUND (CAYMAN) L.P.",805-9021301918,"WELLINGTON ALTERNATIVE INVESTMENTS","801-107461","N"
1982098,"WELLINGTON HADLEY HARBOR AIV II MASTER INVESTORS (CAYMAN) III, LTD.",805-8231995718,"WELLINGTON ALTERNATIVE INVESTMENTS","801-107461","N"
1982098,"WELLINGTON HADLEY HARBOR AIV INVESTORS (CAYMAN) III, LTD.",805-5080902645,"WELLINGTON ALTERNATIVE INVESTMENTS","801-107461","Y"
1982098,"WELLINGTON HADLEY HARBOR AIV MASTER INVESTORS (CAYMAN) III, LTD.",805-3919726364,"WELLINGTON ALTERNATIVE INVESTMENTS","801-107461","Y"
1982098,"WELLINGTON INSTITUTIONAL MULTI-STRATEGY MASTER FUND (CAYMAN) L.P.",805-7936344884,"WELLINGTON ALTERNATIVE INVESTMENTS","801-107461","N"
1982098,"WELLINGTON TMT MARKET NEUTRAL FUND, L.P.",805-4146974807,"WELLINGTON ALTERNATIVE INVESTMENTS","801-107461","Y"
1982098,"WELLINGTON TMT MARKET NEUTRAL MASTER FUND (CAYMAN) L.P.",805-3752730609,"WELLINGTON ALTERNATIVE INVESTMENTS","801-107461","N"
1982098,"WELLINGTON VENTURE INVESTMENTS I, L.P.",805-5545938750,"WELLINGTON ALTERNATIVE INVESTMENTS","801-107461","Y"
1982098,"WELLINGTON INSTITUTIONAL MULTI-STRATEGY FUND (CAYMAN) LTD.",805-7390546630,"WELLINGTON ALTERNATIVE INVESTMENTS","801-107461","Y"
1982098,"GLOBAL RESEARCH EQUITY EXTENDED FUND, CAYMAN LTD.",805-8377981064,"WELLINGTON ALTERNATIVE INVESTMENTS","801-107461","Y"
1982098,"HH IV CO-INVEST DIST INVESTORS (CAYMAN) L.P.",805-3778412494,"WELLINGTON ALTERNATIVE INVESTMENTS","801-107461","Y"
1982098,"HH IV CO-INVEST DIST MASTER INVESTORS (CAYMAN) L.P.",805-4770314695,"WELLINGTON ALTERNATIVE INVESTMENTS","801-107461","N"
1982098,"HH IV CO-INVEST DIST PARTNERS, L.P.",805-3456879586,"WELLINGTON ALTERNATIVE INVESTMENTS","801-107461","Y"
1982098,"WELLINGTON CUSTOM DEFENSIVE ALTERNATIVES FUND (CAYMAN), LTD.",805-9378785782,"WELLINGTON ALTERNATIVE INVESTMENTS","801-107461","Y"
1982098,"WELLINGTON HADLEY HARBOR MASTER INVESTORS (CAYMAN) IV L.P.",805-3148747383,"WELLINGTON ALTERNATIVE INVESTMENTS","801-107461","Y"
1982098,"WELLINGTON HADLEY HARBOR INVESTORS (CAYMAN) IV L.P.",805-1851579199,"WELLINGTON ALTERNATIVE INVESTMENTS","801-107461","Y"
1982098,"WELLINGTON HADLEY HARBOR PARTNERS IV, L.P.",805-4146476813,"WELLINGTON ALTERNATIVE INVESTMENTS","801-107461","Y"
1982098,"WELLINGTON MACRO EQUITY OPPORTUNITIES MASTER FUND (CAYMAN) L.P.",805-1190373482,"WELLINGTON ALTERNATIVE INVESTMENTS","801-107461","N"
1982098,"WELLINGTON MACRO EQUITY OPPORTUNITIES FUND, L.P.",805-6761780582,"WELLINGTON ALTERNATIVE INVESTMENTS","801-107461","Y"
1982098,"WELLINGTON MACRO EQUITY OPPORTUNITIES FUND (CAYMAN), LTD.",805-3431122988,"WELLINGTON ALTERNATIVE INVESTMENTS","801-107461","Y"
1982098,"WELLINGTON TMT MARKET NEUTRAL FUND, CAYMAN LTD.",805-1758508257,"WELLINGTON ALTERNATIVE INVESTMENTS","801-107461","Y"
1982098,"WELLINGTON CLIMATE RESILIENCE FUND (CAYMAN), LTD.",805-5907484234,"WELLINGTON FUNDS (US) LLC","801-111643","Y"
1982098,"EMERGING MARKETS SMALL CAP DISCOVERY FUND (CAYMAN), LTD.",805-2615679569,"WELLINGTON FUNDS (US) LLC","801-111643","Y"
1982098,"EMERGING MARKETS SMALL CAP DISCOVERY MASTER FUND (CAYMAN) L.P.",805-8157023494,"WELLINGTON FUNDS (US) LLC","801-111643","N"
1982098,"WELLINGTON FOCUSED ASIA EQUITY, L.P.",805-2628346807,"WELLINGTON FUNDS (US) LLC","801-111643","Y"
1982098,"NEXT GENERATION VEHICLES MASTER FUND (CAYMAN)  L.P.",805-4825658398,"WELLINGTON FUNDS (US) LLC","801-111643","N"
1982098,"NEXT GENERATION VEHICLES FUND (CAYMAN), LTD.",805-5257855811,"WELLINGTON FUNDS (US) LLC","801-111643","Y"
1982098,"NEXT GENERATION VEHICLES FUND, L.P.",805-1711643963,"WELLINGTON FUNDS (US) LLC","801-111643","Y"
1982098,"EMERGING MARKETS SMALL CAP DISCOVERY FUND L.P.",805-2152418255,"WELLINGTON FUNDS (US) LLC","801-111643","Y"
1982098,"INTERNATIONAL EQUITY FUND",805-4206310733,"RUSSELL INVESTMENTS","801-56576","N"
1982098,"TJU DB GLOBAL EX-US EQUITY FUND",805-7111072100,"RUSSELL INVESTMENTS","801-56576","N"
1982098,"WELLINGTON-CIS DIVERSIFYING STRATEGIES FUND (CAYMAN) L.P.",805-6260834140,"WELLINGTON ALTERNATIVE INVESTMENTS","801-107461","N"
1982098,"WELLINGTON-CIS DIVERSIFYING STRATEGIES FUND (CAYMAN), LTD.",805-7118644907,"WELLINGTON ALTERNATIVE INVESTMENTS","801-107461","Y"
1982098,"WELLINGTON-CIS FIXED INCOME FUND, L.P.",805-9870413418,"WELLINGTON ALTERNATIVE INVESTMENTS","801-107461","Y"
1982098,"WELLINGTON-CIS GLOBAL EQUITY FUND, L.P.",805-9429326685,"WELLINGTON ALTERNATIVE INVESTMENTS","801-107461","Y"
1982098,"WELLINGTON MANAGEMENT CLO 1 LTD.",805-6073356323,"WELLINGTON ALTERNATIVE INVESTMENTS","801-107461","N"
1982098,"WELLINGTON DIVERSIFYING ALPHA FUND (CAYMAN) L.P.",805-2476977714,"WELLINGTON ALTERNATIVE INVESTMENTS","801-107461","Y"
1982098,"WELLINGTON GLOBAL MULTI-STRATEGY FUND, L.P.",805-3177311886,"WELLINGTON ALTERNATIVE INVESTMENTS","801-107461","Y"
1982098,"WELLINGTON GLOBAL MULTI-STRATEGY MASTER FUND (CAYMAN) L.P.",805-6486484121,"WELLINGTON ALTERNATIVE INVESTMENTS","801-107461","N"
1982098,"WELLINGTON GLOBAL MULTI-STRATEGY FUND (CAYMAN), LTD.",805-5140901210,"WELLINGTON ALTERNATIVE INVESTMENTS","801-107461","Y"
1982098,"WELLINGTON SELECT CHINA, L.P.",805-8771159338,"WELLINGTON FUNDS (US) LLC","801-111643","Y"
1982098,"WELLINGTON NATURAL GAS OPPORTUNITIES II FUND (CAYMAN), LTD.",805-5059547124,"WELLINGTON FUNDS (US) LLC","801-111643","Y"
1982098,"WELLINGTON NATURAL GAS OPPORTUNITIES II FUND, L.P.",805-4057509182,"WELLINGTON FUNDS (US) LLC","801-111643","Y"
1982098,"WELLINGTON NATURAL GAS OPPORTUNITIES II MASTER FUND (CAYMAN) L.P.",805-2250864894,"WELLINGTON FUNDS (US) LLC","801-111643","N"
1982098,"WELLINGTON GROWTH LENDING OPPORTUNITIES FUND I, L.P.",805-9951195010,"WELLINGTON ALTERNATIVE INVESTMENTS","801-107461","Y"
1982098,"WELLINGTON MANAGEMENT CLO 2 LTD.",805-9964204298,"WELLINGTON ALTERNATIVE INVESTMENTS","801-107461","Y"
1982098,"WELLINGTON MANAGEMENT CLO 3 LTD.",805-1059246441,"WELLINGTON ALTERNATIVE INVESTMENTS","801-107461","Y"
1982098,"US RESEARCH EQUITY EXTENDED FUND (CAYMAN) II, LTD.",805-8317765068,"WELLINGTON ALTERNATIVE INVESTMENTS","801-107461","Y"
2005976,"ENERGY ACQUISITION VEHICLE LP",805-2906871839,"STONE RIDGE ASSET MANAGEMENT LLC","801-77228","N"
2005976,"ENERGY ACQUISITION VEHICLE II LP",805-7950972034,"STONE RIDGE ASSET MANAGEMENT LLC","801-77228","N"
2005976,"STONE RIDGE ENERGY ACQUISITION FUND LP",805-7139055856,"STONE RIDGE ASSET MANAGEMENT LLC","801-77228","N"
2005976,"STONE RIDGE ENERGY ACQUISITION FUND II LP",805-2564077632,"STONE RIDGE ASSET MANAGEMENT LLC","801-77228","Y"
2012704,"CAYMAN GLOBAL MACRO FUND LLC",805-3548207787,"DWS INVESTMENT MANAGEMENT AMERICAS, INC.","801-252","N"
2006758,"BEACHHEAD CREDIT OPPORTUNITIES LLC",805-3314871224,"CORRIGO INVESTMENT PARTNERS, LLC","801-113497","N"
2006758,"BEACHHEAD SPECIAL OPPORTUNITIES LLC",805-4880981205,"CORRIGO INVESTMENT PARTNERS, LLC","801-113497","N"
2006758,"CO-INVESTMENT SERIES 1, A SERIES OF CO-INVESTMENT SERIES LLC",805-8006648870,"GOLDMAN SACHS ASSET MANAGEMENT, L.P.","801-37591","N"
2011715,"EURO-GALAXY III CLO DAC",805-6318500375,"PINEBRIDGE INVESTMENTS EUROPE LIMITED","802-76432","Y"
2011715,"EURO-GALAXY IV CLO DAC",805-8086565255,"PINEBRIDGE INVESTMENTS EUROPE LIMITED","802-76432","Y"
2011715,"EURO-GALAXY V CLO DAC",805-8116411399,"PINEBRIDGE INVESTMENTS EUROPE LIMITED","802-76432","N"
2011715,"EURO GALAXY VI CLO DAC",805-1676494459,"PINEBRIDGE INVESTMENTS EUROPE LIMITED","802-76432","N"
2011715,"GALAXY XIX CLO LTD",805-4409150850,"PINEBRIDGE GALAXY LLC","801-108522","N"
2011715,"GALAXY XXIII CLO LTD",805-7077775888,"PINEBRIDGE GALAXY LLC","801-108522","N"
2011715,"GALAXY XXIV CLO LTD",805-8270828823,"PINEBRIDGE GALAXY LLC","801-108522","N"
2011715,"GALAXY XXV CLO LTD",805-6911095823,"PINEBRIDGE GALAXY LLC","801-108522","N"
2011715,"GALAXY XXVI CLO LTD",805-9186101293,"PINEBRIDGE GALAXY LLC","801-108522","N"
2011715,"PINEBRIDGE PRIVATE EQUITY INSURANCE FUND SERIES INTERESTS OF THE SALI MULTI-SERIES FUND, LP",805-9666095370,"SALI FUND SERVICES","801-61702","Y"
2011715,"PINEBRIDGE GLOBAL EMERGING MARKETS CORPORATE BOND FUND",805-4488981496,"PINEBRIDGE INVESTMENTS EUROPE LIMITED","802-76432","Y"
2011715,"PINEBRIDGE GLOBAL FOCUS EQUITY FUND",805-1734289646,"PINEBRIDGE INVESTMENTS EUROPE LIMITED","802-76432","Y"
2011715,"EURO GALAXY VII CLO DAC",805-5184263433,"PINEBRIDGE INVESTMENTS EUROPE LIMITED","802-76432","Y"
2008866,"MAP 287, A SEGREGATED PORTFOLIO OF LMA SPC",805-6814105614,"LIGHTHOUSE INVESTMENT PARTNERS, LLC","801-64978","N"
2009006,"POLYMER ASIA FUND LP",805-2952790549,"POLYMER CAPITAL MANAGEMENT (HK) LIMITED","802-118884","N"
1992775,"NR 1 SP, A SEGREGATED PORTFOLIO OF NORTH ROCK SPC",805-5517156357,"LIGHTHOUSE INVESTMENT PARTNERS, LLC","801-64978","N"
2012345,"PROFICIO STRATEGIC OPPORTUNITIES IDF",805-4228687978,"SALI FUND SERVICES","801-61702","Y"
2012345,"PROFICIO UNCORRELATED FUND SERIES OF SALI MULTI-SERIES FUND, L.P.",805-5931171232,"SALI FUND SERVICES","801-61702","Y"
2008440,"COVENANT GLOBAL EQUITIES FUND SERIES INTERESTS OF THE SALI MULTI-SERIES FUND II, L.P.",805-6769581351,"SALI FUND SERVICES","801-61702","Y"
2008440,"COVENANT GLOBAL EQUITIES FUND SERIES INTERESTS OF THE SALI MULTI-SERIES FUND II 3(C)(1), LP",805-2581175015,"SALI FUND SERVICES","801-61702","Y"
2008440,"TRUSTCORE PRIVATE OPPORTUNITIES FUND LP",805-7259788753,"PPB ADVISORS, LLC","801-96194","Y"
2008440,"ONE BRICK SELECT PRIVATE CREDIT FUND I, LP",805-2885543117,"PPB ADVISORS, LLC","801-96194","Y"
2008440,"ONE BRICK SELECT PRIVATE CREDIT QUALIFIED FUND LP",805-9366372760,"PPB ADVISORS, LLC","801-96194","Y"
2008440,"VEGA MULTI-STRATEGY FUND SERIES OF THE SALI MULTI-SERIES FUND, L.P",805-4686625818,"SALI FUND SERVICES","801-61702","Y"
2008440,"MR INVESTMENT FUND I, LLC-CLASS 1",805-1806585412,"PPB ADVISORS, LLC","801-96194","Y"
2008440,"MRA CREDIT STRATEGIES FUND I-A, LP",805-8618447813,"PPB ADVISORS, LLC","801-96194","Y"
2008440,"MRA CREDIT STRATEGIES FUND I-B, LP",805-1251668653,"PPB ADVISORS, LLC","801-96194","Y"
2008440,"MRA OPPORTUNITIES FUND I-A, LP",805-8095933319,"PPB ADVISORS, LLC","801-96194","Y"
2008440,"MRA OPPORTUNITIES FUND I-B, LP (CLASS 1 & 2)",805-9344545568,"PPB ADVISORS, LLC","801-96194","Y"
2010921,"CORBIN OPPORTUNITY FUND, L.P.",805-1470962946,"CORBIN CAPITAL PARTNERS, L.P.","801-63358","N"
2010921,"ROCK BLUFF STRATEGIC FIXED INCOME PARTNERSHIP, LP",805-7633076200,"TOLLESON PRIVATE WEALTH MANAGEMENT","801-57641","N"
2010921,"GOLDENTREE INSURANCE FUND SERIES INTERESTS OF THE SALI MULTI-SERIES FUND LP",805-6887336548,"SALI FUND SERVICES","801-61702","N"
2010921,"CORBIN ERISA OPPORTUNITY FUND LTD",805-6342800715,"CORBIN CAPITAL PARTNERS, L.P.","801-63358","N"
1989657,"MAN TARGETRISK GLOBAL EQUITIES (CAYMAN)",805-2509561831,"MAN SOLUTIONS LIMITED","801-57108","Y"
2003593,"GLOBAL EQUITY FOCUS FUND",805-6837945052,"TOWERS WATSON INVESTMENT SERVICES, INC.","801-46008","N"
2007341,"STRATEGIC VENTURE CAPITAL ACCESS FUND, L.P.",805-4135563577,"ICAPITAL ADVISORS, LLC","801-106690","Y"
2007094,"MAIN MANAGEMENT INSURANCE FUND SERIES INTERESTS OF THE SALI MULTI-SERIES FUND, L.P.",805-9342255496,"SALI FUND SERVICES","801-61702","Y"
2007340,"PRELUDE OPPORTUNITY FUND, LP",805-1637413029,"PRELUDE CAPITAL MANAGEMENT, LLC","801-73598","N"
2012615,"DESTINY ALTERNATIVE FUND II LLC",805-9365957838,"FIRST TRUST CAPITAL MANAGEMENT L.P.","801-122924","Y"
2012434,"BOOTHBAY INSURANCE DEDICATED FUND SERIES INTERESTS OF THE SALI MULTI-SERIES FUND L.P.",805-5248833946,"SALI FUND SERVICES","801-61702","N"
2012434,"BOOTHBAY INSURANCE DEDICATED FUND II SERIES INTERESTS OF THE SALI MULTI-SERIES FUND, L.P.",805-6350980027,"SALI FUND SERVICES","801-61702","N"
2009773,"DB REAL ESTATE GLOBAL OPPORTUNITIES IB. L.P.",805-2005396818,"DWS INVESTMENT MANAGEMENT AMERICAS, INC.","801-252","N"
2009773,"PAN-EUROPEAN INFRASTRUCTURE FUND III SCSP",805-9992626654,"DWS INVESTMENT S.A.","802-115197","N"
2009773,"INFRAMEWA CO-INVEST, SCSP",805-4497877732,"DWS INVESTMENT S.A.","802-115197","N"
2009773,"COMPASS EUROPEAN INFRASTRUCTURE SCSP",805-3125330400,"DWS INVESTMENT S.A.","802-115197","N"
2009773,"SUSTAINABLE GROWTH INFRASTRUCTURE FUND SCSP SICAV-RAIF",805-4177389056,"DWS INVESTMENT S.A.","802-115197","N"
2009773,"PAN EUROPEAN INFRASTRUCTURE FUND IV SCSP",805-7495348269,"DWS INVESTMENT S.A.","802-115197","N"
2009773,"MELODY MASTER JERSEY LP",805-1240915329,"MELODY GP LIMITED","802-132440","N"
2011129,"DESTINY ALTERNATIVE FUND II LLC",805-9365957838,"FIRST TRUST CAPITAL MANAGEMENT L.P.","801-122924","Y"
2011475,"ARES CREDIT STRATEGIES INSURANCE DEDICATED FUND SERIES INTERESTS OF THE SALI MULTI-SERIES FUND, L.P.",805-8409152288,"SALI FUND SERVICES","801-61702","N"
2011475,"LANDMARK PARTNERS INSURANCE FUND SERIES INTERESTS OF THE SALI MULTI-SERIES FUND, L.P.",805-8459206648,"SALI FUND SERVICES","801-61702","N"
2010090,"PEPPERTREE CAPITAL INSURANCE FUND SERIES INTERESTS OF THE SALI MULTI-SERIES FUND, L.P.",805-1844017349,"SALI FUND SERVICES","801-61702","N"
2009770,"CAYMAN GLOBAL MACRO FUND LLC",805-3548207787,"DWS INVESTMENT MANAGEMENT AMERICAS, INC.","801-252","N"
2012306,"BLUESTEM PARTNERS, L.P.",805-2792674185,"BLUESTEM ASSET MANAGEMENT, LLC","801-73150","N"
2008535,"TEKNE PRIVATE VENTURES VIII, LP",805-9395452156,"TEKNE CAPITAL MANAGEMENT, LLC","801-76834","N"
2008535,"TEKNE PRIVATE VENTURES X, LP",805-3926768765,"TEKNE CAPITAL MANAGEMENT, LLC","801-76834","N"
2008535,"TEKNE PRIVATE VENTURES XIV, LP",805-5412558992,"TEKNE CAPITAL MANAGEMENT, LLC","801-76834","N"
2013250,"CASTLE CREEK LAUNCHPAD FUND I, LP",805-8831941380,"CASTLE CREEK LAUNCHPAD","802-125853","N"
2012463,"EXCHANGE PLACE LP",805-3891503385,"GOLDMAN SACHS ASSET MANAGEMENT, L.P.","801-37591","Y"
2012463,"EXCHANGE PLACE: ALL CAP LP",805-4027616710,"GOLDMAN SACHS ASSET MANAGEMENT, L.P.","801-37591","Y"
2010441,"BLACKSTONE ANNEX MASTER FUND L.P.",805-4135193975,"BLACKSTONE ALTERNATIVE ASSET MANAGEMENT L.P.","801-52559","N"
2008104,"GOLDPOINT CORE OPPORTUNITIES LP FUND OF SALI MULTI-SERIES FUND LP",805-9056642895,"SALI FUND SERVICES","801-61702","N"
2008104,"TAXABLE FIXED INCOME MANAGERS: PORTFOLIO 1 OFFSHORE L.P.",805-8897813261,"GOLDMAN SACHS ASSET MANAGEMENT, L.P.","801-37591","N"
2008104,"BLACKROCK ENERGY OPPORTUNITY MASTER FUND, L.P.",805-7212440311,"BLACKROCK CAPITAL MANAGEMENT, INC.","801-57038","N"
2008104,"NORTH HAVEN ALTERNATIVES INSURANCE FUND A SERIES INTERESTS OF THE SALI MULTI-SERIES FUND, L.P.",805-9416645313,"SALI FUND SERVICES","801-61702","N"
2008104,"MLP-SD",805-6663806228,"MILLENNIUM MANAGEMENT LLC","801-73884","N"
2008104,"ASCENSION ALPHA FUND, LLC",805-2714848130,"ASCENSION INVESTMENT MANAGEMENT","801-73295","N"
2008104,"CARLYLE METROPOLITAN REAL ESTATE SSI OF THE SALI MS FUND, L.P.",805-9777969361,"SALI FUND SERVICES","801-61702","N"
2008104,"ELLIOTT INTERNATIONAL L.P.",805-2276824265,"ELLIOTT COVE CAPITAL MANAGEMENT","801-63436","N"
2008104,"CARLYLE PRIVATE EQUITY SER SR INT SALI MULTI-S LP",805-4055604880,"SALI FUND SERVICES","801-61702","N"
2008104,"TETRA OPPORTUNITIES PARTNERS L.P. SERIES - SALI MULTI-SERIES FUND",805-7766641566,"SALI FUND SERVICES","801-61702","N"
2008104,"CARLYLE REAL ASSETS SER IDF SERIES INTERESTS OF THE SALI MULTI-SERIES FND",805-1130702733,"SALI FUND SERVICES","801-61702","N"
2008104,"CRESTVIEW JUPITER LLC",805-4261340918,"CRESTVIEW PARTNERS","801-73897","N"
2008104,"CARLYLE PRIVATE EQ SER II IDF SERIES INTERESTS OF THE SALI MULTI-SERIES FND",805-7338555726,"SALI FUND SERVICES","801-61702","N"
2008104,"GLOBAL CREDIT OPPORTUNITIES (CANADA) LP - AGGREGATE",805-3541135987,"BLACKROCK ASSET MANAGEMENT CANADA LIMITED","802-76230","N"
2008104,"MASTER ASSET VEHICLE III",805-8729128659,"BLACKROCK ASSET MANAGEMENT CANADA LIMITED","802-76230","N"
2008104,"TAXABLE FIXED INCOME MANAGERS: PORTFOLIO 1 [SERIES]",805-9060653631,"GOLDMAN SACHS ASSET MANAGEMENT, L.P.","801-37591","N"
2008104,"SAB1",805-9345986752,"LINCOLN FINANCIAL INVESTMENTS CORPORATION","801-23411","N"
2008104,"YUKON PARTNERS IDF SERIES INTERESTS OF THE SALI MUTI-SERIES FUND, L.P",805-1038541620,"SALI FUND SERVICES","801-61702","N"
2008104,"PEM GROWTH INSURANCE DEDICATED FUND SERIES INTERESTS OF THE SALI MULTI-SERIES FUND, L.P.",805-5624410177,"SALI FUND SERVICES","801-61702","N"
2008104,"TETRA OPPORTUNITIES PARTNERS L.P. SERIES INTERESTS OF THE SALI SVW MULTI-SERIES FUND, L.P.",805-2934600168,"SALI FUND SERVICES","801-61702","N"
2008104,"ONE ROCK CAPITAL PARTNERS INSURANCE ACCESS FUND SERIES INTERESTS OF THE SALI MULTI-SERIES FUND, L.P.",805-7079225370,"SALI FUND SERVICES","801-61702","N"
2008104,"DYNAMIC EQUITY (GLOBAL EQUITY) MANAGERS: PORTFOLIO 5 [SERIES]",805-6809364692,"GOLDMAN SACHS ASSET MANAGEMENT, L.P.","801-37591","N"
2008104,"GOLDPOINT CORE OPPORTUNITIES LP FUND SERIES INTERESTS OF SALI MULTI-SERIES FUND, LP",805-9292652169,"SALI FUND SERVICES","801-61702","N"
2008104,"BGO STRATEGIC CAPITAL PARTNERS TACTICAL REAL ESTATE SERIES INTERESTS OF THE SALL MULTI-SERIES FUND, LP",805-3425889339,"SALI FUND SERVICES","801-61702","N"
2008104,"MILLENNIUM GLOBAL ESTATE LP",805-9843377684,"MILLENNIUM MANAGEMENT LLC","801-73884","N"
2008104,"STEPSTONE REAL ESTATE INSURANCE FUND SERIES INTERESTS OF THE SALI MULTI-SERIES FUND, L.P.",805-1597921366,"SALI FUND SERVICES","801-61702","N"
2008104,"MASTER ASSET VEHICLE III",805-4281701222,"BLACKROCK ASSET MANAGEMENT CANADA LIMITED","802-76230","N"
2008104,"GLENDOWER CAPITAL INSURANCE INVESTOR FUND SERIES INTERESTS OF THE SALI MULTI-SERIES FUND, L.P.",805-2959933190,"SALI FUND SERVICES","801-61702","N"
2008104,"CARLYLE PRIVATE EQUITY SERIES II INSURANCE DEDICATED FUND SERIES INTERESTS OF THE SALI MULTI-SERIES FUND, L.P.",805-8489984572,"SALI FUND SERVICES","801-61702","N"
2008104,"CARLYLE PRIVATE EQUITY SERIES SERIES INTERESTS OF THE SALI MULTI-SERIES FUND, L.P.",805-1024991103,"SALI FUND SERVICES","801-61702","N"
2008104,"CARLYLE REAL ASSETS SERIES I INSURANCE DEDICATED FUND SERIES INTERESTS OF THE SALI MULTI-SERIES FUND, L.P.",805-5010008544,"SALI FUND SERVICES","801-61702","N"
2008104,"BGO STRATEGIC CAPITAL PARTNERS REAL ESTATE SERIES INTERESTS OF THE SALI MULTI-SERIES FUND, LP",805-9196716988,"SALI FUND SERVICES","801-61702","N"
2008104,"ELLIOTT INTERNATIONAL L.P.",805-1428688771,"ELLIOTT INVESTMENT MANAGEMENT L.P.","801-119969","N"
2008999,"STRATEGIC VENTURE CAPITAL ACCESS FUND, L.P.",805-4135563577,"ICAPITAL ADVISORS, LLC","801-106690","Y"
2006889,"HINES RIALTO CREDIT PARTNERS, LP",805-6052125476,"RIALTO CAPITAL MANAGEMENT, LLC","801-74178","Y"
2013033,"GLOBAL HIGH GRADE CLO DEBT FUND PCC LIMITED",805-4773021418,"ALCENTRA NY, LLC","801-62417","N"
2013033,"ALCENTRA VIADUCT FUND (MASTER FUND) LP",805-1560635290,"ALCENTRA NY, LLC","801-62417","N"
2013033,"ASCOF IV HOLDCO LIMITED",805-4998175651,"ALCENTRA NY, LLC","801-62417","N"
2013033,"ALCENTRA STRUCTURED CREDIT OPPORTUNITIES FUND IV (MASTER FUND) L.P.",805-1384679801,"ALCENTRA NY, LLC","801-62417","N"
2013033,"ALCENTRA STRUCTURED CREDIT OPPORTUNITIES FUND IV (USD) L.P.",805-2486852884,"ALCENTRA NY, LLC","801-62417","N"
2013033,"ALCENTRA STRUCTURED CREDIT OPPORTUNITIES FUND V (MASTER FUND) L.P.",805-7324384010,"ALCENTRA NY, LLC","801-62417","Y"
2013033,"ALCENTRA STRUCTURED CREDIT OPPORTUNITIES FUND V (USD) L.P.",805-4301286403,"ALCENTRA NY, LLC","801-62417","Y"
2013033,"ALCENTRA GLOBAL CLO MEZZANINE FUND",805-3067785431,"ALCENTRA NY, LLC","801-62417","Y"
2013033,"ASCOF V HOLDCO LIMITED",805-9206056930,"ALCENTRA NY, LLC","801-62417","Y"
1997532,"CARRHAE CAPITAL LONG MASTER FUND LTD",805-3338733255,"CARRHAE CAPITAL","801-77064","N"
1997532,"CARRHAE CAPITAL LONG FUND LTD",805-3493069257,"CARRHAE CAPITAL","801-77064","N"
1997532,"CARRHAE CAPITAL LONG FUND LP",805-8115715978,"CARRHAE CAPITAL","801-77064","N"
1997532,"CARRHAE CAPITAL MASTER FUND LTD",805-1835230174,"CARRHAE CAPITAL","801-77064","N"
1997532,"CARRHAE CAPITAL FUND LP",805-6842947858,"CARRHAE CAPITAL","801-77064","N"
1997532,"CARRHAE CAPITAL FUND LTD",805-3161588281,"CARRHAE CAPITAL","801-77064","N"
2012992,"BOOTHBAY ABSOLUTE RETURN STRATEGIES, LP",805-5663558974,"BOOTHBAY FUND MANAGEMENT","801-80018","N"
2010100,"MAP 88, A SEGREGATED PORTFOLIO OF LMA SPC",805-4762975186,"LIGHTHOUSE INVESTMENT PARTNERS, LLC","801-64978","N"
2010100,"PFL CORPORATE ACCOUNT ONE",805-7595651830,"AEGON ASSET MANAGEMENT US","801-60667","N"
2010100,"AON HEWITT GROUP TRUST MULTI-ASSET CREDIT FUND",805-6200188779,"AON INVESTMENTS USA INC.","801-17219","N"
2010100,"YIELD OPPORTUNITIES (INSURANCE DEDICATED) FUND SERIES INTERESTS OF THE SALI MULTI-SERIES FUND VII, L.P.",805-5709389545,"SALI FUND SERVICES","801-61702","N"
2010100,"U.S. MORTGAGES (INSURANCE DEDICATED) FUND SERIES INTERESTS OF THE SALI SVW MULTI-SERIES FUND, L.P.",805-2805163904,"SALI FUND SERVICES","801-61702","N"
2010100,"PRIVATE MARKETS INSURANCE FUND SERIES INTEREST OF THE SALI MULTI-SERIES FUND, L.P.",805-2111577760,"SALI FUND SERVICES","801-61702","N"
2010100,"WEST STREET PRIVATE MARKETS 2024, L.P.",805-3366230073,"GOLDMAN SACHS & CO. LLC","801-16048","Y"
2010100,"WEST STREET PRIVATE MARKETS 2024 OFFSHORE, L.P.",805-5098620616,"GOLDMAN SACHS & CO. LLC","801-16048","Y"
2010100,"WEST STREET PRIVATE MARKETS 2024 LUXEMBOURG, SLP",805-3689690579,"GOLDMAN SACHS & CO. LLC","801-16048","Y"
2010100,"WEST STREET PRIVATE MARKETS 2021, L.P.",805-6351600758,"GOLDMAN SACHS & CO. LLC","801-16048","Y"
2010100,"WEST STREET PRIVATE MARKETS 2022 OFFSHORE, SLP",805-6912871275,"GOLDMAN SACHS & CO. LLC","801-16048","Y"
2010100,"WEST STREET PRIVATE MARKETS 2022, L.P.",805-7582423719,"GOLDMAN SACHS & CO. LLC","801-16048","Y"
2010100,"WEST STREET PRIVATE MARKETS 2023 OFFSHORE, SLP",805-5947865987,"GOLDMAN SACHS & CO. LLC","801-16048","Y"
2010100,"WEST STREET PRIVATE MARKETS 2023, L.P.",805-9765758452,"GOLDMAN SACHS & CO. LLC","801-16048","Y"
2010100,"CAPITAL OPTIMIZED FIXED INCOME (INSURANCE DEDICATED) FUND SERIES INTERESTS OF THE SALI SVW MULTI-SERIES FUND, L.P.",805-8811704289,"SALI FUND SERVICES","801-61702","N"
2010100,"COLLATERALIZED LOAN OBLIGATIONS (INSURANCE DEDICATED) FUND SERIES, INTERESTS OF THE SALI SVW MULTI-SERIES FUND, L.P.",805-9883190920,"SALI FUND SERVICES","801-61702","N"
2007944,"OFFSHORE EMERGING MARKETS FUND",805-9133149976,"MORGAN STANLEY INVESTMENT MANAGEMENT INC.","801-15757","N"
2007944,"EMERGING MARKETS TRUST",805-3044775149,"MORGAN STANLEY INVESTMENT MANAGEMENT INC.","801-15757","N"
2007944,"EMERGING MARKETS LEADERS TRUST",805-4149615117,"MORGAN STANLEY INVESTMENT MANAGEMENT INC.","801-15757","N"
2008600,"K2 LAZARD LIQUID CONVERTIBLES PLUS MASTER FUND LTD",805-3056277892,"K2/D&S MANAGEMENT CO., L.L.C.","801-61852","N"
2009695,"NORTH HAVEN ALTERNATIVES INSURANCE FUND A SERIES INTERESTS OF THE SALI MULTI-SERIES FUND, L.P.",805-1371175540,"SALI FUND SERVICES","801-61702","N"
2010004,"ABANCO INVESTORS LTD, LLC",805-8239738124,"BRANDYWINE MANAGERS, LLC","801-66569","N"
2010004,"BRANDYTRUST GLOBAL PARTNERS, LP",805-1612730949,"BRANDYWINE MANAGERS, LLC","801-66569","N"
2010004,"ATHENA CATHOLIC VALUES FUND LP",805-7513676616,"FIDUCIARY TRUST INTERNATIONAL, LLC","801-62001","N"
2010004,"MERCER GLOBAL MULTI-ASSET FUND, LLC",805-1700584771,"MERCER INVESTMENTS LLC","801-63730","N"
2010004,"CPCM DAF MASTER LP",805-4874202838,"CORNERSTONE PARTNERS","801-119827","N"
2010004,"CPCM PEF LP",805-2377323541,"CORNERSTONE PARTNERS","801-119827","N"
2010004,"CAHABA PARTNERS EQUITY PLUS FUND",805-2808614878,"HIGHLAND ASSOCIATES INC","801-30248","N"
2010004,"CAHABA PARTNERS TACTICAL EQUITY PROGRAM",805-4998964855,"HIGHLAND ASSOCIATES INC","801-30248","N"
2010004,"CITW FUND LP",805-2481866547,"CAMBRIDGE ASSOCIATES LIMITED, LLC","801-45277","N"
2010004,"NEPC EMERGING MARKETS EQUITY SERIES",805-4048378196,"NEPC, LLC","801-37227","N"
2010004,"NEPC GLOBAL EQUITY SERIES",805-3489312573,"NEPC, LLC","801-37227","N"
2010004,"HESEG LLC",805-3945155614,"BRANDYWINE MANAGERS, LLC","801-66569","N"
2010004,"LA COUHARDE INVESTMENTS",805-8927748497,"BRANDYWINE MANAGERS, LLC","801-66569","N"
2010004,"PHOENIX LAKE HOLDINGS",805-5978762016,"BRANDYWINE MANAGERS, LLC","801-66569","N"
2010004,"RDZ FAMILY LLC",805-1125943703,"BRANDYWINE MANAGERS, LLC","801-66569","N"
2010004,"TRAVERSE PARK VENTURES LLC",805-4447442836,"BRANDYWINE MANAGERS, LLC","801-66569","N"
2010004,"NEPC US SMALL CAP EQUITY SERIES",805-1549380522,"NEPC, LLC","801-37227","N"
2010004,"CA 1148",805-7086256582,"NEPC, LLC","801-37227","N"
2010004,"CA 1344",805-1030139536,"NEPC, LLC","801-37227","N"
2010004,"CA 1481",805-8472663301,"NEPC, LLC","801-37227","N"
2010004,"CA 2271",805-5945174904,"NEPC, LLC","801-37227","N"
2010004,"CA 2799 J",805-2179827614,"NEPC, LLC","801-37227","N"
2010004,"EHTF, LP",805-3906388962,"NEPC, LLC","801-37227","N"
2010004,"PACE UNIVERSITY FUND, L.P.",805-8797802693,"NEPC, LLC","801-37227","N"
2010004,"PWF FUND, LP",805-5639328594,"NEPC, LLC","801-37227","N"
2010004,"ST. LUKE'S FOUNDATION SIF, LP",805-2276772387,"NEPC, LLC","801-37227","N"
2010004,"UNCG ENDOWMENT PARTNERS, L.P.",805-9168180585,"NEPC, LLC","801-37227","N"
2010004,"RIVER PARTNERS GLOBAL EQUITY, LLC",805-8059529278,"RIVER PARTNERS CAPITAL MANAGEMENT, LP","801-80478","N"
2010004,"UNIVERSITY OF ALASKA FOUNDATION CONSOLIATED ENDOWMENT FUND, L.P.",805-4019016755,"NEPC, LLC","801-37227","N"
2012588,"BOOTHBAY ABSOLUTE RETURN STRATEGIES, LP",805-5663558974,"BOOTHBAY FUND MANAGEMENT","801-80018","N"
2012543,"RPAQ 2015 FUND L.P.",805-2991904324,"INNOCAP GLOBAL INVESTMENT MANAGEMENT (IRELAND) LTD","801-110606","N"
2012543,"405 MSTV I LP",805-4028788721,"NEW HOLLAND CAPITAL, LLC","801-74244","N"
2012373,"DRYDEN 29 EURO CLO 2013 DAC",805-5981842332,"PGIM LIMITED","801-73882","N"
2012373,"DRYDEN 32 EURO CLO 2014 DAC",805-3580963437,"PGIM LIMITED","801-73882","N"
2012373,"DRYDEN 35 EURO CLO 2014 DAC",805-5343933946,"PGIM LIMITED","801-73882","N"
2012373,"DRYDEN 39 EURO CLO 2015 DAC",805-3967785256,"PGIM LIMITED","801-73882","N"
2012373,"DRYDEN 46 EURO CLO 2016 DAC",805-8195923679,"PGIM LIMITED","801-73882","N"
2012373,"DRYDEN 48 EURO CLO 2016 DAC",805-6523918486,"PGIM LIMITED","801-73882","N"
2012373,"DRYDEN 52 EURO CLO 2017 DAC",805-5915106342,"PGIM LIMITED","801-73882","N"
2012373,"DRYDEN 56 EURO CLO 2017 DAC",805-4218404876,"PGIM LIMITED","801-73882","N"
2012373,"DRYDEN XXVII-R EURO CLO 2017 DAC",805-3893686805,"PGIM LIMITED","801-73882","N"
2012373,"DRYDEN 59 EURO CLO 2017 DAC",805-5724092478,"PGIM LIMITED","801-73882","N"
2012373,"DRYDEN 44 EURO CLO 2015 DAC",805-9708396292,"PGIM LIMITED","801-73882","N"
2012373,"DRYDEN 62 EURO CLO 2017 DAC",805-2392391752,"PGIM LIMITED","801-73882","N"
2012373,"DRYDEN 66 EURO CLO 2018 DAC",805-3391752795,"PGIM LIMITED","801-73882","N"
2012373,"MERCER FFTC US FIXED INCOME INVESTMENT PORTFOLIO LLC",805-8925741904,"MERCER INVESTMENTS LLC","801-63730","N"
2012373,"MERCER ACTIVE LONG CORPORATE FIXED INCOME PORTFOLIO",805-7826615139,"MERCER INVESTMENTS LLC","801-63730","N"
2012373,"WILLIS TOWERS WATSON GROUP TRUST DIVERSIFIED CREDIT FUND",805-7189977590,"TOWERS WATSON INVESTMENT SERVICES, INC.","801-46008","N"
2012373,"DRYDEN 69 EURO CLO 2018 DAC",805-8616384764,"PGIM LIMITED","801-73882","N"
2012373,"DRYDEN 73 EURO CLO 2018 DAC",805-2603572242,"PGIM LIMITED","801-73882","N"
2012373,"DRYDEN 74 EURO CLO 2018 DAC",805-2738111082,"PGIM LIMITED","801-73882","N"
2012373,"DRYDEN 79 EURO CLO 2018 DAC",805-8023120768,"PGIM LIMITED","801-73882","N"
2012373,"DRYDEN 88 EURO CLO DAC",805-5046824348,"PGIM LIMITED","801-73882","N"
2012373,"DRYDEN 89 EURO CLO 2020 DAC",805-8577220312,"PGIM LIMITED","801-73882","N"
2012373,"DRYDEN 91 EURO CLO 2021 DAC",805-3211297747,"PGIM LIMITED","801-73882","N"
2012373,"DRYDEN 96 EURO CLO 2021 DAC",805-9262535409,"PGIM LIMITED","801-73882","N"
2012373,"DRYDEN 103 EURO CLO 2021 DAC",805-6867932919,"PGIM LIMITED","801-73882","N"
2012373,"DRYDEN 111 EURO CLO 2022 DAC",805-3895604305,"PGIM LIMITED","801-73882","N"
2012373,"DRYDEN 124 EURO CLO 2024 DAC",805-3724818219,"PGIM LIMITED","801-73882","N"
2006640,"TAULA MASTER FUND",805-6405185426,"TAULA CAPITAL MANAGEMENT (JERSEY) LIMITED","801-129646","N"
2008741,"CQS CREDIT MULTI ASSET FUND A SUB-FUND OF CQS GLOBAL FUNDS (IRELAND) P.L.C.",805-7685080741,"CQS (UK) LLP","802-107009","N"
2008741,"CQS RCR FUND I MASTER (EL) LP",805-1104032058,"CQS (UK) LLP","802-107009","N"
2008741,"CQS RCR FUND I MASTER (DL) LP",805-8690015726,"CQS (UK) LLP","802-107009","N"
2008741,"CQS RCR II FUND AGGREGATOR, LP",805-1989483911,"CQS (UK) LLP","802-107009","N"
2008741,"CQS RCR FUND II MASTER (EL), LP",805-2430444226,"CQS (UK) LLP","802-107009","N"
2008741,"CQS RCR FUND II MASTER (DL), LP",805-4482594743,"CQS (UK) LLP","802-107009","N"
2009083,"WALLEYE MANAGER OPPORTUNITIES LLC",805-7359352320,"WALLEYE CAPITAL LLC","801-113731","N"
2009083,"CORBIN HEDGED EQUITY FUND LP",805-4142684909,"CORBIN CAPITAL PARTNERS, L.P.","801-63358","N"
2005038,"ICG GLOBAL LOAN FUND 1 DAC",805-8212808820,"ICG EUROPE S.A.R.L.","802-113580","N"
2005038,"ICG GLOBAL TOTAL CREDIT FUND 1 DAC",805-5620690714,"ICG EUROPE S.A.R.L.","802-113580","N"
2005038,"ICG SENIOR DEBT PARTNERS SV 1 - ICG SECURED FINANCE COMPARTMENT",805-5103333354,"ICG EUROPE S.A.R.L.","802-113580","N"
2009569,"TAULA MASTER FUND",805-6405185426,"TAULA CAPITAL MANAGEMENT (JERSEY) LIMITED","801-129646","N"
2008537,"MFO IDF I (BVI), L.P.",805-9728380707,"MFO CAPITAL LIMITED","802-78468","Y"
2004196,"MAP 287, A SEGREGATED PORTFOLIO OF LMA SPC",805-6814105614,"LIGHTHOUSE INVESTMENT PARTNERS, LLC","801-64978","N"
2010593,"OKABENA BOND FUND, LLC",805-7214714180,"OKABENA INVESTMENT SERVICES INC","801-47929","N"
2010593,"RUSSELL INVESTMENTS INSTITUTIONAL FUNDS LLC - GLOBAL LISTED INFRASTRUCTURE FUND",805-9407781128,"RUSSELL INVESTMENTS","801-17141","N"
2008995,"COLI-VUL MANAGED FUND VI (PIMCO)",805-9312200040,"EMPOWER CAPITAL MANAGEMENT, LLC","801-52309","N"
2008995,"AON HEWITT GROUP TRUST LONG CREDIT BOND FUND",805-2150836022,"AON INVESTMENTS USA INC.","801-17219","N"
2008995,"AON HEWITT GROUP TRUST INTERMEDIATE CREDIT BOND FUND",805-7185525112,"AON INVESTMENTS USA INC.","801-17219","N"
2008995,"PFL CORPORATE ACCOUNT ONE",805-7595651830,"AEGON ASSET MANAGEMENT US","801-60667","N"
2008995,"THE PRUDENTIAL INSURANCE COMPANY OF AMERICA VARIABLE CONTRACT ACCOUNT GI-100-NFB-1",805-3666200810,"WELLINGTON MANAGEMENT COMPANY LLP","801-15908","N"
2008995,"THE PRUDENTIAL INSURANCE COMPANY OF AMERICA VARIABLE CONTRACT ACCOUNT GI-BNY-1",805-3084182187,"WELLINGTON MANAGEMENT COMPANY LLP","801-15908","N"
2008995,"THE PRUDENTIAL INSURANCE COMPANY OF AMERICA VARIABLE CONTRACT ACCOUNT GI-100-7-DMI-P",805-1546380613,"BLACKROCK FINANCIAL MANAGEMENT, INC","801-48433","N"
2008995,"SAB3",805-2606079006,"LINCOLN FINANCIAL INVESTMENTS CORPORATION","801-23411","N"
2010903,"INTERCHANGE-RE-0403 FUND I, A SERIES OF ANGELLIST FUNDS 2024, LP",805-5375786788,"ANGELLIST ADVISORS","802-78135","Y"
2010903,"INTERCHANGE CAPITAL PARTNERS ONRAMP FUND, LP",805-1682919835,"OPTO INVESTMENT MANAGEMENT, LLC","801-123757","Y"
2007800,"4C GPS I, LP",805-7935552115,"CYNOSURE GROUP, LLC","801-107042","Y"
2007800,"4C GPS II, LP",805-8728748191,"CYNOSURE GROUP, LLC","801-107042","Y"
2007800,"4C GPS III, LP",805-6641574248,"CYNOSURE GROUP, LLC","801-107042","Y"
2007493,"EMERGING MARKETS EQUITY FUND, A SERIES OF ABRDN INSTITUTIONAL COMMINGLED FUNDS, LLC",805-5981061768,"ABRDN INC.","801-49966","N"
2007493,"EAFE PLUS FUND, A SERIES OF ABRDN INSTITUTIONAL COMMINGLED FUNDS, LLC",805-2289712564,"ABRDN INC.","801-49966","N"
2007493,"INTERNATIONAL EQUITY SUSTAINABLE LEADERS FUND, A SERIES OF ABRDN INSTITUTIONAL COMMINGLED FUNDS, LLC",805-3718555998,"ABRDN INC.","801-49966","N"
2007493,"EMERGING MARKETS SMALLER COMPANIES FUND, A SERIES OF ABRDN INSTITUTIONAL COMMINGLED FUNDS, LLC",805-1105580182,"ABRDN INC.","801-49966","N"
2007493,"EMERGING MARKETS ALL CAP CORE EQUITY FUND, A SERIES OF ABRDN INSTITUTIONAL COMMINGLED FUNDS, LLC",805-1654269672,"ABRDN INC.","801-49966","N"
2007493,"EMERGING MARKETS BOND FUND, A SERIES OF ABRDN INSTITUTIONAL COMMINGLED FUNDS, LLC",805-1194366500,"ABRDN INC.","801-49966","N"
2007493,"EMERGING MARKETS DEBT LOCAL AND HARD CURRENCY FUND, A SERIES OF ABRDN INSTITUTIONAL COMMINGLED FUNDS, LLC",805-6419123773,"ABRDN INC.","801-49966","N"
2007493,"ANDEAN SOCIAL INFRASTRUCTURE FUND LP",805-4111796970,"HOSTONE SA","802-117640","N"
2007493,"ABERDEEN EUROPEAN OPPORTUNITIES PROPERTY FUND OF FUNDS LLC",805-8367059469,"ABRDN INC.","801-49966","N"
2007493,"EMERGING MARKETS EX-CHINA EQUITY FUND, A SERIES OF ABRDN INSTITUTIONAL COMMINGLED FUNDS, LLC",805-8488418835,"ABRDN INC.","801-49966","N"
2010225,"ACASTA GLOBAL MASTER FUND",805-2244919361,"ACASTA PARTNERS US LLC","801-134118","N"
2010233,"ACASTA ENERGY EVOLUTION MASTER FUND",805-9393836371,"ACASTA PARTNERS UK LLP","801-134119","N"
2008442,"HOLLYPORT SECONDARY OPPORTUNITIES VIII LP",805-1377665612,"HOLLYPORT CAPITAL LLP","801-128737","N"
2010418,"ARLINGTON DIVERSIFIED FUND LLC",805-4769238712,"ARLINGTON PARTNERS LLC","801-57250","N"
2010242,"KAYNE PARTNERS FUND IV, L.P.",805-1296715794,"KAYNE ANDERSON CAPITAL ADVISORS LP","801-46991","Y"
2010242,"KAYNE PARTNERS FUND IV (QP), L.P.",805-8512311304,"KAYNE ANDERSON CAPITAL ADVISORS LP","801-46991","Y"
2010242,"KAYNE PARTNERS FUND V, L.P.",805-8968463793,"KAYNE ANDERSON CAPITAL ADVISORS LP","801-46991","Y"
2010242,"KAYNE PARTNERS GROWTH CREDIT, L.P.",805-8212777107,"KAYNE ANDERSON CAPITAL ADVISORS LP","801-46991","Y"
2010242,"PANZURA/KPF COINVESTMENT FUND, L.P.",805-9603709316,"KAYNE ANDERSON CAPITAL ADVISORS LP","801-46991","Y"
2010242,"KPF V CO-INVESTMENT AGGREGATOR, LLC",805-3025987791,"KAYNE ANDERSON CAPITAL ADVISORS LP","801-46991","N"
2006195,"KNIGHTS OF COLUMBUS PRIVATE CREDIT FUND, LP",805-6925510506,"KNIGHTS OF COLUMBUS ASSET ADVISORS LLC","801-80844","N"
2006195,"AUDAX CO-INVEST III, L.P.",805-5972179282,"AUDAX PRIVATE EQUITY","801-73306","N"
2006195,"AUDAX TRUST CO-INVEST, L.P.",805-1150421149,"AUDAX PRIVATE EQUITY","801-73306","N"
2007568,"LMAP 904 LIMITED",805-5567154316,"LIGHTHOUSE INVESTMENT PARTNERS, LLC","801-64978","N"
2010397,"MONROE CAPITAL INSURANCE FUND SERIES INTERESTS OF THE SALI MULTI-SERIES FUND, L.P.",805-4949685054,"SALI FUND SERVICES","801-61702","N"
2010049,"TAULA MASTER FUND",805-6405185426,"TAULA CAPITAL MANAGEMENT (JERSEY) LIMITED","801-129646","N"
2011801,"CQS CREDIT MULTI ASSET FUND A SUB-FUND OF CQS GLOBAL FUNDS (IRELAND) P.L.C.",805-7685080741,"CQS (UK) LLP","802-107009","N"
2011801,"CQS RCR FUND I MASTER (EL) LP",805-1104032058,"CQS (UK) LLP","802-107009","N"
2011801,"CQS RCR FUND I MASTER (DL) LP",805-8690015726,"CQS (UK) LLP","802-107009","N"
2011801,"CQS RCR II FUND AGGREGATOR, LP",805-1989483911,"CQS (UK) LLP","802-107009","N"
2011801,"CQS RCR FUND II MASTER (EL), LP",805-2430444226,"CQS (UK) LLP","802-107009","N"
2011801,"CQS RCR FUND II MASTER (DL), LP",805-4482594743,"CQS (UK) LLP","802-107009","N"
2011521,"GOLDPOINT CORE OPPORTUNITIES LP FUND OF SALI MULTI-SERIES FUND LP",805-9056642895,"SALI FUND SERVICES","801-61702","N"
2011521,"TAXABLE FIXED INCOME MANAGERS: PORTFOLIO 1 OFFSHORE L.P.",805-8897813261,"GOLDMAN SACHS ASSET MANAGEMENT, L.P.","801-37591","N"
2011521,"BLACKROCK ENERGY OPPORTUNITY MASTER FUND, L.P.",805-7212440311,"BLACKROCK CAPITAL MANAGEMENT, INC.","801-57038","N"
2011521,"NORTH HAVEN ALTERNATIVES INSURANCE FUND A SERIES INTERESTS OF THE SALI MULTI-SERIES FUND, L.P.",805-9416645313,"SALI FUND SERVICES","801-61702","N"
2011521,"MLP-SD",805-6663806228,"MILLENNIUM MANAGEMENT LLC","801-73884","N"
2011521,"ASCENSION ALPHA FUND, LLC",805-2714848130,"ASCENSION INVESTMENT MANAGEMENT","801-73295","N"
2011521,"CARLYLE METROPOLITAN REAL ESTATE SSI OF THE SALI MS FUND, L.P.",805-9777969361,"SALI FUND SERVICES","801-61702","N"
2011521,"ELLIOTT INTERNATIONAL L.P.",805-2276824265,"ELLIOTT COVE CAPITAL MANAGEMENT","801-63436","N"
2011521,"CARLYLE PRIVATE EQUITY SER SR INT SALI MULTI-S LP",805-4055604880,"SALI FUND SERVICES","801-61702","N"
2011521,"TETRA OPPORTUNITIES PARTNERS L.P. SERIES - SALI MULTI-SERIES FUND",805-7766641566,"SALI FUND SERVICES","801-61702","N"
2011521,"CARLYLE REAL ASSETS SER IDF SERIES INTERESTS OF THE SALI MULTI-SERIES FND",805-1130702733,"SALI FUND SERVICES","801-61702","N"
2011521,"CRESTVIEW JUPITER LLC",805-4261340918,"CRESTVIEW PARTNERS","801-73897","N"
2011521,"CARLYLE PRIVATE EQ SER II IDF SERIES INTERESTS OF THE SALI MULTI-SERIES FND",805-7338555726,"SALI FUND SERVICES","801-61702","N"
2011521,"GLOBAL CREDIT OPPORTUNITIES (CANADA) LP - AGGREGATE",805-3541135987,"BLACKROCK ASSET MANAGEMENT CANADA LIMITED","802-76230","N"
2011521,"MASTER ASSET VEHICLE III",805-8729128659,"BLACKROCK ASSET MANAGEMENT CANADA LIMITED","802-76230","N"
2011521,"TAXABLE FIXED INCOME MANAGERS: PORTFOLIO 1 [SERIES]",805-9060653631,"GOLDMAN SACHS ASSET MANAGEMENT, L.P.","801-37591","N"
2011521,"SAB1",805-9345986752,"LINCOLN FINANCIAL INVESTMENTS CORPORATION","801-23411","N"
2011521,"YUKON PARTNERS IDF SERIES INTERESTS OF THE SALI MUTI-SERIES FUND, L.P",805-1038541620,"SALI FUND SERVICES","801-61702","N"
2011521,"PEM GROWTH INSURANCE DEDICATED FUND SERIES INTERESTS OF THE SALI MULTI-SERIES FUND, L.P.",805-5624410177,"SALI FUND SERVICES","801-61702","N"
2011521,"TETRA OPPORTUNITIES PARTNERS L.P. SERIES INTERESTS OF THE SALI SVW MULTI-SERIES FUND, L.P.",805-2934600168,"SALI FUND SERVICES","801-61702","N"
2011521,"ONE ROCK CAPITAL PARTNERS INSURANCE ACCESS FUND SERIES INTERESTS OF THE SALI MULTI-SERIES FUND, L.P.",805-7079225370,"SALI FUND SERVICES","801-61702","N"
2011521,"DYNAMIC EQUITY (GLOBAL EQUITY) MANAGERS: PORTFOLIO 5 [SERIES]",805-6809364692,"GOLDMAN SACHS ASSET MANAGEMENT, L.P.","801-37591","N"
2011521,"GOLDPOINT CORE OPPORTUNITIES LP FUND SERIES INTERESTS OF SALI MULTI-SERIES FUND, LP",805-9292652169,"SALI FUND SERVICES","801-61702","N"
2011521,"BGO STRATEGIC CAPITAL PARTNERS TACTICAL REAL ESTATE SERIES INTERESTS OF THE SALL MULTI-SERIES FUND, LP",805-3425889339,"SALI FUND SERVICES","801-61702","N"
2011521,"MILLENNIUM GLOBAL ESTATE LP",805-9843377684,"MILLENNIUM MANAGEMENT LLC","801-73884","N"
2011521,"STEPSTONE REAL ESTATE INSURANCE FUND SERIES INTERESTS OF THE SALI MULTI-SERIES FUND, L.P.",805-1597921366,"SALI FUND SERVICES","801-61702","N"
2011521,"MASTER ASSET VEHICLE III",805-4281701222,"BLACKROCK ASSET MANAGEMENT CANADA LIMITED","802-76230","N"
2011521,"GLENDOWER CAPITAL INSURANCE INVESTOR FUND SERIES INTERESTS OF THE SALI MULTI-SERIES FUND, L.P.",805-2959933190,"SALI FUND SERVICES","801-61702","N"
2011521,"CARLYLE PRIVATE EQUITY SERIES II INSURANCE DEDICATED FUND SERIES INTERESTS OF THE SALI MULTI-SERIES FUND, L.P.",805-8489984572,"SALI FUND SERVICES","801-61702","N"
2011521,"CARLYLE PRIVATE EQUITY SERIES SERIES INTERESTS OF THE SALI MULTI-SERIES FUND, L.P.",805-1024991103,"SALI FUND SERVICES","801-61702","N"
2011521,"CARLYLE REAL ASSETS SERIES I INSURANCE DEDICATED FUND SERIES INTERESTS OF THE SALI MULTI-SERIES FUND, L.P.",805-5010008544,"SALI FUND SERVICES","801-61702","N"
2011521,"BGO STRATEGIC CAPITAL PARTNERS REAL ESTATE SERIES INTERESTS OF THE SALI MULTI-SERIES FUND, LP",805-9196716988,"SALI FUND SERVICES","801-61702","N"
2011521,"ELLIOTT INTERNATIONAL L.P.",805-1428688771,"ELLIOTT INVESTMENT MANAGEMENT L.P.","801-119969","N"
2010230,"PIMCO RAE US FUND LLC",805-4823590273,"PACIFIC INVESTMENT MANAGEMENT COMPANY LLC","801-48187","N"
2010230,"PIMCO RAE EMERGING MARKETS FUND LLC",805-3839794967,"PACIFIC INVESTMENT MANAGEMENT COMPANY LLC","801-48187","N"
2010230,"PIMCO RAE INTERNATIONAL FUND LLC",805-4689469439,"PACIFIC INVESTMENT MANAGEMENT COMPANY LLC","801-48187","N"
2010230,"PIMCO RAE GLOBAL FUND LLC",805-3752092163,"PACIFIC INVESTMENT MANAGEMENT COMPANY LLC","801-48187","N"
2010230,"PIMCO RAE GLOBAL EX-US FUND LLC",805-8292067293,"PACIFIC INVESTMENT MANAGEMENT COMPANY LLC","801-48187","N"
2012520,"VISTRIA SENIOR CREDIT FUND I, LP",805-7581922376,"THE VISTRIA GROUP, LP","801-77790","N"
2012779,"DEUTSCHE REAL ASSETS FUND: CAYMAN REAL ASSETS FUND, LTD",805-3785921345,"DWS INVESTMENT MANAGEMENT AMERICAS, INC.","801-252","N"
2012779,"DB REAL ESTATE GLOBAL OPPORTUNITIES IB, LP",805-2005396818,"DWS INVESTMENT MANAGEMENT AMERICAS, INC.","801-252","N"
2011781,"CORBIN HEDGED EQUITY FUND,",805-4142684909,"CORBIN CAPITAL PARTNERS, L.P.","801-63358","N"
1993500,"COPENHAGEN INFRASTRUCTURE IV FEEDER FUND SCSP",805-5403599841,"COPENHAGEN INFRASTRUCTURE PARTNERS","802-118416","N"
1993500,"COPENHAGEN INFRASTRUCTURE IV K/S",805-1664095990,"COPENHAGEN INFRASTRUCTURE PARTNERS","802-118416","N"
1993500,"COPENHAGEN INFRASTRUCTURE IV SCSP",805-2146771079,"COPENHAGEN INFRASTRUCTURE PARTNERS","802-118416","N"
1993500,"COPENHAGEN INFRASTRUCTURE ENERGY TRANSITION FUND I FEEDER SCSP",805-6613331092,"COPENHAGEN INFRASTRUCTURE PARTNERS","802-118416","N"
1993500,"COPENHAGEN INFRASTRUCTURE ENERGY TRANSITION FUND I K/S",805-9544915393,"COPENHAGEN INFRASTRUCTURE PARTNERS","802-118416","N"
1993500,"COPENHAGEN INFRASTRUCTURE ENERGY TRANSITION FUND I SCSP",805-8939209775,"COPENHAGEN INFRASTRUCTURE PARTNERS","802-118416","N"
1993500,"COPENHAGEN INFRASTRUCTURE GREEN CREDIT FUND I NON-SRT AIV SCSP",805-1903972601,"COPENHAGEN INFRASTRUCTURE PARTNERS","802-118416","N"
1993500,"COPENHAGEN INFRASTRUCTURE GREEN CREDIT FUND I SCSP",805-1056510004,"COPENHAGEN INFRASTRUCTURE PARTNERS","802-118416","N"
1993500,"COPENHAGEN INFRASTRUCTURE ADVANCED BIOENERGY I SCSP",805-7557386772,"COPENHAGEN INFRASTRUCTURE PARTNERS","802-118416","N"
1993500,"COPENHAGEN INFRASTRUCTURE ADVANCED BIOENERGY I FEEDER SCSP",805-7844503041,"COPENHAGEN INFRASTRUCTURE PARTNERS","802-118416","N"
1993500,"COPENHAGEN INFRASTRUCTURE V SCSP",805-1206475901,"COPENHAGEN INFRASTRUCTURE PARTNERS","802-118416","N"
1993500,"COPENHAGEN INFRASTRUCTURE V EUR BLOCKER FEEDER SCSP",805-5521295786,"COPENHAGEN INFRASTRUCTURE PARTNERS","802-118416","N"
1993500,"COPENHAGEN INFRASTRUCTURE V USD FEEDER SCSP",805-5005748229,"COPENHAGEN INFRASTRUCTURE PARTNERS","802-118416","N"
1993500,"COPENHAGEN INFRASTRUCTURE V USD BLOCKER FEEDER SCSP",805-9978500878,"COPENHAGEN INFRASTRUCTURE PARTNERS","802-118416","N"
1993500,"ATKL BRASILIANA K/S",805-1445205144,"COPENHAGEN INFRASTRUCTURE PARTNERS","802-118416","N"
1993500,"COPENHAGEN INFRASTRUCTURE ENERGY TRANSITION FUND I FEEDER K/S",805-1260326364,"COPENHAGEN INFRASTRUCTURE PARTNERS","802-118416","N"
1993500,"COPENHAGEN INFRASTRUCTURE III K/S",805-2465140340,"COPENHAGEN INFRASTRUCTURE PARTNERS","802-118416","N"
1993500,"COPENHAGEN INFRASTRUCTURE IV AUS TRUST",805-5774047587,"COPENHAGEN INFRASTRUCTURE PARTNERS","802-118416","N"
1993500,"COPENHAGEN INFRASTRUCTURE IV DUTCH K/S",805-8001690237,"COPENHAGEN INFRASTRUCTURE PARTNERS","802-118416","N"
1993500,"COPENHAGEN INFRASTRUCTURE NEW MARKETS FUND I K/S",805-5747469413,"COPENHAGEN INFRASTRUCTURE PARTNERS","802-118416","N"
1993500,"ENERGI? I K/S",805-2340514019,"COPENHAGEN INFRASTRUCTURE PARTNERS","802-118416","N"
1993500,"NMF BRAZIL K/S",805-2811063990,"COPENHAGEN INFRASTRUCTURE PARTNERS","802-118416","N"
1993500,"PDLP BRASILIEN K/S",805-4218949224,"COPENHAGEN INFRASTRUCTURE PARTNERS","802-118416","N"
1993500,"NYSCRF CI CO-INVEST SCSP",805-6531207505,"COPENHAGEN INFRASTRUCTURE PARTNERS","802-118416","N"
1993500,"COPENHAGEN INFRASTRUCTURE GROWTH MARKETS FUND II FEEDER SCSP",805-7536741396,"COPENHAGEN INFRASTRUCTURE PARTNERS","802-118416","N"
1993500,"COPENHAGEN INFRASTRUCTURE GROWTH MARKETS FUND II SCSP",805-7398521443,"COPENHAGEN INFRASTRUCTURE PARTNERS","802-118416","N"
1993500,"COPENHAGEN INFRASTRUCTURE V FEEDER SCA SICAV-RAIF",805-3414797830,"COPENHAGEN INFRASTRUCTURE PARTNERS","802-118416","N"
1993500,"ACP CO-INVEST SCSP",805-8754234414,"COPENHAGEN INFRASTRUCTURE PARTNERS","802-118416","N"
1993500,"BOREALIS CI CO-INVEST SCSP",805-5564859602,"COPENHAGEN INFRASTRUCTURE PARTNERS","802-118416","N"
1993500,"CI KLP CO-INVEST SCSP",805-7388585890,"COPENHAGEN INFRASTRUCTURE PARTNERS","802-118416","N"
1993500,"CIP GLOBAL ENERGY TRANSITION AGGREGATOR - I",805-6928624679,"COPENHAGEN INFRASTRUCTURE PARTNERS","802-118416","N"
1993500,"COPENHAGEN INFRASTRUCTURE V FEEDER SCA SICAV-RAIF - B COMPARTMENT",805-5034796914,"COPENHAGEN INFRASTRUCTURE PARTNERS","802-118416","N"
1993500,"COPENHAGEN INFRASTRUCTURE V NO SCSP",805-2423419608,"COPENHAGEN INFRASTRUCTURE PARTNERS","802-118416","N"
1993500,"COPENHAGEN INFRASTRUCTURE V USD FEEDER K/S",805-2439244745,"COPENHAGEN INFRASTRUCTURE PARTNERS","802-118416","N"
1993500,"EPSOM CI CO-INVEST LP",805-3950619227,"COPENHAGEN INFRASTRUCTURE PARTNERS","802-118416","N"
2011816,"CRESCENT INSURANCE SOLUTIONS SERIES OF THE SALI MULTI-SERIES FUND, L.P.",805-2271347149,"SALI FUND SERVICES","801-61702","N"
1993256,"TOPWATER MAYFLY FUND LLC",805-7418791443,"LEUCADIA ASSET MANAGEMENT LLC","801-61698","N"
2008494,"COVENANT GLOBAL EQUITIES FUND SERIES INTERESTS OF THE SALI MULTI-SERIES FUND II, L.P.",805-6769581351,"SALI FUND SERVICES","801-61702","Y"
2008494,"COVENANT GLOBAL EQUITIES FUND SERIES INTERESTS OF THE SALI MULTI-SERIES FUND II 3(C)(1), LP",805-2581175015,"SALI FUND SERVICES","801-61702","Y"
2008494,"TRUSTCORE PRIVATE OPPORTUNITIES FUND LP",805-7259788753,"PPB ADVISORS, LLC","801-96194","Y"
2008494,"ONE BRICK SELECT PRIVATE CREDIT FUND I, LP",805-2885543117,"PPB ADVISORS, LLC","801-96194","Y"
2008494,"ONE BRICK SELECT PRIVATE CREDIT QUALIFIED FUND LP",805-9366372760,"PPB ADVISORS, LLC","801-96194","Y"
2008494,"VEGA MULTI-STRATEGY FUND SERIES OF THE SALI MULTI-SERIES FUND, L.P",805-4686625818,"SALI FUND SERVICES","801-61702","Y"
2008494,"MR INVESTMENT FUND I, LLC-CLASS 1",805-1806585412,"PPB ADVISORS, LLC","801-96194","Y"
2008494,"MRA CREDIT STRATEGIES FUND I-A, LP",805-8618447813,"PPB ADVISORS, LLC","801-96194","Y"
2008494,"MRA CREDIT STRATEGIES FUND I-B, LP",805-1251668653,"PPB ADVISORS, LLC","801-96194","Y"
2008494,"MRA OPPORTUNITIES FUND I-A, LP",805-8095933319,"PPB ADVISORS, LLC","801-96194","Y"
2008494,"MRA OPPORTUNITIES FUND I-B, LP (CLASS 1 & 2)",805-9344545568,"PPB ADVISORS, LLC","801-96194","Y"
2010082,"EMERGING MARKETS EQUITY FUND, A SERIES OF ABRDN INSTITUTIONAL COMMINGLED FUNDS, LLC",805-5981061768,"ABRDN INC.","801-49966","N"
2010082,"EAFE PLUS FUND, A SERIES OF ABRDN INSTITUTIONAL COMMINGLED FUNDS, LLC",805-2289712564,"ABRDN INC.","801-49966","N"
2010082,"INTERNATIONAL EQUITY SUSTAINABLE LEADERS FUND, A SERIES OF ABRDN INSTITUTIONAL COMMINGLED FUNDS, LLC",805-3718555998,"ABRDN INC.","801-49966","N"
2010082,"EMERGING MARKETS SMALLER COMPANIES FUND, A SERIES OF ABRDN INSTITUTIONAL COMMINGLED FUNDS, LLC",805-1105580182,"ABRDN INC.","801-49966","N"
2010082,"EMERGING MARKETS ALL CAP CORE EQUITY FUND, A SERIES OF ABRDN INSTITUTIONAL COMMINGLED FUNDS, LLC",805-1654269672,"ABRDN INC.","801-49966","N"
2010082,"EMERGING MARKETS BOND FUND, A SERIES OF ABRDN INSTITUTIONAL COMMINGLED FUNDS, LLC",805-1194366500,"ABRDN INC.","801-49966","N"
2010082,"EMERGING MARKETS DEBT LOCAL AND HARD CURRENCY FUND, A SERIES OF ABRDN INSTITUTIONAL COMMINGLED FUNDS, LLC",805-6419123773,"ABRDN INC.","801-49966","N"
2010082,"ANDEAN SOCIAL INFRASTRUCTURE FUND LP",805-4111796970,"HOSTONE SA","802-117640","N"
2010082,"ABERDEEN EUROPEAN OPPORTUNITIES PROPERTY FUND OF FUNDS LLC",805-8367059469,"ABRDN INC.","801-49966","N"
2010082,"EMERGING MARKETS EX-CHINA EQUITY FUND, A SERIES OF ABRDN INSTITUTIONAL COMMINGLED FUNDS, LLC",805-8488418835,"ABRDN INC.","801-49966","N"
2010083,"FOUR COLUMNS JUNIOR CAPITAL FUND VI, LP",805-5505562516,"RREEF AMERICA L.L.C.","801-55209","N"
2010083,"FOUR COLUMNS JUNIOR CAPITAL FUND VI-A, LP",805-8602249812,"RREEF AMERICA L.L.C.","801-55209","N"
2010083,"NORTHWESTERN MUTUAL CAPITAL PRIVATE EQUITY PARTNERS, LP",805-3746681922,"ALPINVEST PRIVATE EQUITY INVESTMENT MANAGEMENT, LLC","801-126208","Y"
2010137,"BROOKFIELD INSURANCE DEDICATED FUND SERIES INTERESTS OF THE SALI MULTI-SERIES FUND, L.P",805-7841554960,"SALI FUND SERVICES","801-61702","N"
2012313,"BLUE OWL NET LEASE INSURANCE DEDICATED FUND SERIES INTERESTS OF THE SALI MULTI-SERIES FUND, L.P.",805-6409048613,"SALI FUND SERVICES","801-61702","N"
2012313,"TOWNSEND CORE REAL ESTATE FUND-US, L.P.",805-6715902965,"TOWNSEND HOLDINGS LLC","801-72968","N"
2012011,"BRINSON PARTNERSHIP FUND - 1999 PRIMARY FUND, L.P.",805-8619399962,"ADAMS STREET PARTNERS, LLC","801-58169","N"
2012011,"BRINSON PARTNERSHIP FUND - 2000 PRIMARY FUND, L.P.",805-8434179876,"ADAMS STREET PARTNERS, LLC","801-58169","N"
2012011,"BRINSON PARTNERSHIP FUND - 2001 PRIMARY FUND, L.P.",805-7744933893,"ADAMS STREET PARTNERS, LLC","801-58169","N"
2012011,"BRINSON PARTNERSHIP FUND - 2002 PRIMARY FUND, L.P.",805-7512809557,"ADAMS STREET PARTNERS, LLC","801-58169","N"
2012011,"BRINSON PARTNERSHIP FUND - 2002 SECONDARY FUND, L.P.",805-3101260968,"ADAMS STREET PARTNERS, LLC","801-58169","N"
2012011,"BRINSON PARTNERSHIP FUND - 2003 PRIMARY FUND, L.P.",805-1075408312,"ADAMS STREET PARTNERS, LLC","801-58169","N"
2012011,"BRINSON PARTNERSHIP FUND - 2003 SECONDARY FUND, L.P.",805-5810060534,"ADAMS STREET PARTNERS, LLC","801-58169","N"
2012011,"BRINSON PARTNERSHIP FUND - 2004 PRIMARY FUND, L.P.",805-4718208786,"ADAMS STREET PARTNERS, LLC","801-58169","N"
2012011,"BRINSON NON-U.S. PARTNERSHIP FUND - 2002 PRIMARY FUND, L.P.",805-9839804767,"ADAMS STREET PARTNERS, LLC","801-58169","N"
2012011,"BRINSON NON-U.S. PARTNERSHIP FUND - 2004 PRIMARY FUND, L.P.",805-8602953397,"ADAMS STREET PARTNERS, LLC","801-58169","N"
2012011,"BRINSON NON-U.S. PARTNERSHIP FUND - 2004 SECONDARY FUND, L.P.",805-7569234166,"ADAMS STREET PARTNERS, LLC","801-58169","N"
2012011,"BRINSON NON-U.S. PARTNERSHIP FUND - 2000 PRIMARY FUND, L.P.",805-4483810759,"ADAMS STREET PARTNERS, LLC","801-58169","N"
2012011,"ARCHMORE INTERNATIONAL INFRASTRUCTURE FUND",805-3874288255,"UBS ASSET MANAGEMENT FUNDS LTD","802-88212","N"
2012011,"ARCHMORE INTERNATIONAL INFRASTRUCTURE FUND II",805-9131788844,"UBS ASSET MANAGEMENT FUNDS LTD","802-88212","N"
2003075,"COVENANT GLOBAL EQUITIES FUND SERIES INTERESTS OF THE SALI MULTI-SERIES FUND II, L.P.",805-6769581351,"SALI FUND SERVICES","801-61702","Y"
2003075,"COVENANT GLOBAL EQUITIES FUND SERIES INTERESTS OF THE SALI MULTI-SERIES FUND II 3(C)(1), LP",805-2581175015,"SALI FUND SERVICES","801-61702","Y"
2003075,"TRUSTCORE PRIVATE OPPORTUNITIES FUND LP",805-7259788753,"PPB ADVISORS, LLC","801-96194","Y"
2003075,"ONE BRICK SELECT PRIVATE CREDIT FUND I, LP",805-2885543117,"PPB ADVISORS, LLC","801-96194","Y"
2003075,"ONE BRICK SELECT PRIVATE CREDIT QUALIFIED FUND LP",805-9366372760,"PPB ADVISORS, LLC","801-96194","Y"
2003075,"VEGA MULTI-STRATEGY FUND SERIES OF THE SALI MULTI-SERIES FUND, L.P",805-4686625818,"SALI FUND SERVICES","801-61702","Y"
2003075,"MR INVESTMENT FUND I, LLC-CLASS 1",805-1806585412,"PPB ADVISORS, LLC","801-96194","Y"
2003075,"MRA CREDIT STRATEGIES FUND I-A, LP",805-8618447813,"PPB ADVISORS, LLC","801-96194","Y"
2003075,"MRA CREDIT STRATEGIES FUND I-B, LP",805-1251668653,"PPB ADVISORS, LLC","801-96194","Y"
2003075,"MRA OPPORTUNITIES FUND I-A, LP",805-8095933319,"PPB ADVISORS, LLC","801-96194","Y"
2003075,"MRA OPPORTUNITIES FUND I-B, LP (CLASS 1 & 2)",805-9344545568,"PPB ADVISORS, LLC","801-96194","Y"
2005318,"DESTINY ALTERNATIVE FUND II LLC",805-9365957838,"FIRST TRUST CAPITAL MANAGEMENT L.P.","801-122924","Y"
2009839,"DEUTSCHE REAL ASSETS FUND: CAYMAN REAL ASSETS FUND, LTD",805-3785921345,"DWS INVESTMENT MANAGEMENT AMERICAS, INC.","801-252","N"
2009839,"DB REAL ESTATE GLOBAL OPPORTUNITIES IB, LP",805-2005396818,"DWS INVESTMENT MANAGEMENT AMERICAS, INC.","801-252","N"
2006371,"SIP ACCOLADE PARTNERS I - SHORE, L.P.",805-2172494752,"ACCOLADE PARTNERS","801-74190","Y"
2006371,"SIP ELDRIDGE GP SOLUTIONS FUND I",805-5020644388,"ALLOCATE MANAGEMENT COMPANY, LLC","801-126667","Y"
2007949,"INTERNATIONAL EQUITY TRUST",805-2570052662,"MORGAN STANLEY INVESTMENT MANAGEMENT INC.","801-15757","N"
2007949,"INTERNATIONAL EQUITY TRUST II",805-9497925844,"MORGAN STANLEY INVESTMENT MANAGEMENT INC.","801-15757","N"
2006949,"PRELUDE STRUCTURED ALTERNATIVES MASTER FUND, LP",805-2495224621,"PRELUDE CAPITAL MANAGEMENT, LLC","801-73598","N"
2006949,"DOCKSIDE FUND I LP",805-2853280229,"WALLEYE CAPITAL LLC","801-113731","N"
2004882,"SALI MULTI-SERIES FUND, L.P. - OAKTREE INSURANCE DEDICATED FUND",805-1321821592,"SALI FUND SERVICES","801-61702","N"
2008650,"DESTINY ALTERNATIVE FUND II LLC",805-9365957838,"FIRST TRUST CAPITAL MANAGEMENT L.P.","801-122924","Y"
2006910,"MAP 217, A SEGREGATED PORTFOLIO OF LMA SPC",805-8958304459,"LIGHTHOUSE INVESTMENT PARTNERS, LLC","801-64978","N"
2006910,"ALBAR CAPITAL MASTER FUND LIMITED",805-7937826090,"ALBAR CAPITAL PARTNERS LLP","802-131027","N"
2006910,"POLYNOMIAL MASTER FUND LTD.",805-1096386461,"POLYNOMIAL PARTNERS LLC","801-131313","N"
2007432,"SOUTH LASALLE INTERNATIONAL EQUITIES TRUST",805-3859930437,"COLUMBIA MANAGEMENT INVESTMENT ADVISERS, LLC","801-25943","N"
2007432,"COLUMBIA PYRFORD INTERNATIONAL STOCK PRIVATE FUND LLC",805-1786663262,"COLUMBIA MANAGEMENT INVESTMENT ADVISERS, LLC","801-25943","N"
2008480,"R SQUARED GLOBAL",805-9515026420,"GORDIAN CAPITAL SINGAPORE PRIVATE LIMITED","801-114176","N"
2008480,"MAP 217, A SEGREGATED PORTFOLIO OF LMA SPC",805-8958304459,"LIGHTHOUSE INVESTMENT PARTNERS, LLC","801-64978","N"
2007175,"CAPULA GLOBAL RELATIVE VALUE MASTER FUND LIMITED",805-2162872270,"CAPULA INVESTMENT MANAGEMENT LLP","802-75433","N"
2007175,"CAPULA TAIL RISK MASTER FUND LIMITED",805-9956713521,"CAPULA INVESTMENT MANAGEMENT LLP","802-75433","N"
2007175,"CAPULA ENHANCED FIXED INCOME MASTER FUND LIMITED",805-8757523610,"CAPULA INVESTMENT MANAGEMENT LLP","802-75433","N"
2007175,"CAPULA VOLATILITY OPPORTUNITIES MASTER FUND LIMITED",805-3991946405,"CAPULA INVESTMENT MANAGEMENT LLP","802-75433","N"
2007175,"CAPULA TACTICAL MACRO MASTER FUND LIMITED",805-4981722839,"CAPULA INVESTMENT MANAGEMENT LLP","802-75433","N"
2007175,"CAPULA MULTI STRATEGY MASTER FUND LIMITED",805-9868516114,"CAPULA INVESTMENT MANAGEMENT LLP","802-75433","N"
2007175,"CAPULA TRF III LP",805-4068392554,"CAPULA INVESTMENT MANAGEMENT LLP","802-75433","N"
2009760,"DESTINY ALTERNATIVE FUND II LLC",805-9365957838,"FIRST TRUST CAPITAL MANAGEMENT L.P.","801-122924","Y"
2009788,"CYRUS SELECT OPPORTUNITIES MASTER FUND, LTD.",805-4479091888,"CYRUS CAPITAL PARTNERS, L.P.","801-64816","N"
2009788,"CYRUS OPPORTUNITIES MASTER FUND II, LTD.",805-6767629132,"CYRUS CAPITAL PARTNERS, L.P.","801-64816","N"
2006269,"ELI CIRCLE IDF, LP",805-3710276392,"ELI CIRCLE CAPITAL, LP","801-132712","N"
2006269,"HIGHVISTA OPPORTUNISTIC PRIVATE CREDIT FUND II LP",805-6538344544,"HIGHVISTA STRATEGIES LLC","801-73524","N"
2006269,"HIGHVISTA OPPORTUNISTIC PRIVATE CREDIT FUND LP",805-3591250214,"HIGHVISTA STRATEGIES LLC","801-73524","N"
2009060,"SOUND POINT CLO EQUITY FUND - TAYLOR INSURANCE SERIES LP",805-2935386098,"TALSON CAPITAL MANAGEMENT L.P.","801-77577","N"
2009060,"CORBIN PRIVATE CREDIT MANAGER FUND, LP",805-9900290054,"CORBIN CAPITAL PARTNERS, L.P.","801-63358","N"
2009060,"SOUND POINT EURO CLO I FUNDING DESIGNATED ACTIVITY COMPANY",805-1197064246,"SOUND POINT CLO C-MOA, LLC","801-114824","N"
2009060,"SOUND POINT EURO CLO II FUNDING DESIGNATED ACTIVITY COMPANY",805-7178530399,"SOUND POINT CLO C-MOA, LLC","801-114824","N"
2009060,"SOUND POINT EURO CLO III FUNDING DESIGNATED ACTIVITY COMPANY",805-1583927253,"SOUND POINT CLO C-MOA, LLC","801-114824","N"
2009060,"SOUND POINT EURO CLO IV FUNDING DESIGNATED ACTIVITY COMPANY",805-4682735208,"SOUND POINT CLO C-MOA, LLC","801-114824","Y"
2009060,"CORBIN OPPORTUNITY FUND LP",805-1470962946,"CORBIN CAPITAL PARTNERS, L.P.","801-63358","N"
2009060,"CORBIN ERISA OPPORTUNITY FUND LP",805-6342800715,"CORBIN CAPITAL PARTNERS, L.P.","801-63358","N"
2009060,"PINEHURST PARTNERS LP",805-8233367459,"CORBIN CAPITAL PARTNERS, L.P.","801-63358","N"
2009060,"SOUND POINT EURO CLO V FUNDING DESIGNATED ACTIVITY COMPANY",805-7219427890,"SOUND POINT CLO C-MOA, LLC","801-114824","Y"
2009060,"SOUND POINT EURO CLO VI FUNDING DESIGNATED ACTIVITY COMPANY",805-5355315990,"SOUND POINT CLO C-MOA, LLC","801-114824","Y"
2009060,"SOUND POINT EURO CLO VII FUNDING DESIGNATED ACTIVITY COMPANY",805-1986911448,"SOUND POINT CLO C-MOA, LLC","801-114824","Y"
2009060,"SOUND POINT EURO CLO VIII FUNDING DESIGNATED ACTIVITY COMPANY",805-9100968585,"SOUND POINT CLO C-MOA, LLC","801-114824","N"
2009060,"SOUND POINT EURO CLO IX FUNDING DESIGNATED ACTIVITY COMPANY",805-4280494680,"SOUND POINT CLO C-MOA, LLC","801-114824","N"
2009060,"BLUEMOUNTAIN CLO 2012-2 LTD.",805-4962794742,"SOUND POINT LUNA LLC","801-62330","N"
2009060,"BLUEMOUNTAIN CLO 2013-1 LTD.",805-3741187944,"SOUND POINT LUNA LLC","801-62330","Y"
2009060,"BLUEMOUNTAIN CLO 2014-2 LTD.",805-9801448120,"SOUND POINT LUNA LLC","801-62330","Y"
2009060,"BLUEMOUNTAIN CLO 2015-2 LTD.",805-1571857300,"SOUND POINT LUNA LLC","801-62330","Y"
2009060,"BLUEMOUNTAIN CLO 2015-3 LTD.",805-4123391442,"SOUND POINT LUNA LLC","801-62330","Y"
2009060,"BLUEMOUNTAIN CLO 2015-4 LTD.",805-2396869614,"SOUND POINT LUNA LLC","801-62330","Y"
2009060,"BLUEMOUNTAIN CLO 2016-3 LTD.",805-2657482410,"SOUND POINT LUNA LLC","801-62330","N"
2009060,"BLUEMOUNTAIN CLO 2018-1 LTD.",805-6527645631,"SOUND POINT LUNA LLC","801-62330","N"
2009060,"BLUEMOUNTAIN CLO 2018-2 LTD.",805-1805618187,"SOUND POINT LUNA LLC","801-62330","N"
2009060,"BLUEMOUNTAIN CLO 2018-3 LTD.",805-3739848549,"SOUND POINT LUNA LLC","801-62330","N"
2009060,"BLUEMOUNTAIN CLO XXII LTD.",805-3760393764,"SOUND POINT LUNA LLC","801-62330","N"
2009060,"BLUEMOUNTAIN CLO XXIII LTD.",805-3621282893,"SOUND POINT LUNA LLC","801-62330","N"
2009060,"BLUEMOUNTAIN CLO XXIV LTD.",805-4785483956,"SOUND POINT LUNA LLC","801-62330","N"
2009060,"BLUEMOUNTAIN CLO XXIX LTD.",805-3159364405,"SOUND POINT LUNA LLC","801-62330","N"
2009060,"BLUEMOUNTAIN CLO XXV LTD.",805-8753758574,"SOUND POINT LUNA LLC","801-62330","N"
2009060,"BLUEMOUNTAIN CLO XXVI LTD.",805-1940287585,"SOUND POINT LUNA LLC","801-62330","N"
2009060,"BLUEMOUNTAIN CLO XXVII LTD.",805-5456567741,"SOUND POINT LUNA LLC","801-62330","N"
2009060,"BLUEMOUNTAIN CLO XXX LTD.",805-3540633356,"SOUND POINT LUNA LLC","801-62330","N"
2009060,"BLUEMOUNTAIN CLO XXXI LTD.",805-2066885497,"SOUND POINT LUNA LLC","801-62330","N"
2009060,"BLUEMOUNTAIN CLO XXXII LTD.",805-1172694502,"SOUND POINT LUNA LLC","801-62330","N"
2009060,"BLUEMOUNTAIN CLO XXXIII LTD.",805-4097841700,"SOUND POINT LUNA LLC","801-62330","N"
2009060,"BLUEMOUNTAIN CLO XXXIV LTD.",805-6497991453,"SOUND POINT LUNA LLC","801-62330","N"
2009060,"BLUEMOUNTAIN CLO XXXV LTD.",805-5290962321,"SOUND POINT LUNA LLC","801-62330","N"
2009060,"BLUEMOUNTAIN EUR 2021-1 CLO DAC",805-3071114579,"SOUND POINT LUNA LLC","801-62330","N"
2009060,"BLUEMOUNTAIN EUR 2021-2 CLO DAC",805-9139162290,"SOUND POINT LUNA LLC","801-62330","N"
2009060,"BLUEMOUNTAIN EUR 2022-1 CLO DAC",805-9966076485,"SOUND POINT LUNA LLC","801-62330","N"
2009060,"SOUND POINT CLO 37, LTD",805-5241525635,"SOUND POINT CLO C-MOA, LLC","801-114824","N"
2009060,"SOUND POINT CLO 38, LTD",805-8512464881,"SOUND POINT CLO C-MOA, LLC","801-114824","N"
2009060,"SOUND POINT CLO 39, LTD",805-8559498325,"SOUND POINT CLO C-MOA, LLC","801-114824","N"
2009060,"SOUND POINT CLO 40, LTD",805-6921817166,"SOUND POINT CLO C-MOA, LLC","801-114824","N"
2009060,"SOUND POINT CLO 35, LTD",805-6584828782,"SOUND POINT CLO C-MOA, LLC","801-114824","N"
2009060,"SOUND POINT CLO 36, LTD",805-1970719716,"SOUND POINT CLO C-MOA, LLC","801-114824","N"
2009060,"SOUND POINT CLO 41, LTD",805-3844842458,"SOUND POINT CLO C-MOA, LLC","801-114824","N"
2009060,"SOUND POINT CLO 2025R-1, LTD",805-4378756559,"SOUND POINT CLO C-MOA, LLC","801-114824","N"
2009060,"SOUND POINT EURO CLO 10 FUNDING DAC",805-1932192967,"SOUND POINT CLO C-MOA, LLC","801-114824","N"
2009060,"SOUND POINT EURO CLO 11 FUNDING DAC",805-5326186011,"SOUND POINT CLO C-MOA, LLC","801-114824","N"
2009060,"SOUND POINT EURO CLO 12 FUNDING DAC",805-5099660593,"SOUND POINT CLO C-MOA, LLC","801-114824","N"
2009070,"BLUEMOUNTAIN CLO 2013-2 LTD.",805-5471826324,"BLUEMOUNTAIN FUJI MANAGEMENT, LLC","801-110242","Y"
2009070,"BLUEMOUNTAIN FUJI EUR CLO III DESIGNATED ACTIVITY COMPANY",805-1093699517,"BLUEMOUNTAIN FUJI MANAGEMENT, LLC","801-110242","Y"
2009070,"BLUEMOUNTAIN FUJI EUR CLO IV DESIGNATED ACTIVITY COMPANY",805-7356759185,"BLUEMOUNTAIN FUJI MANAGEMENT, LLC","801-110242","Y"
2009070,"BLUEMOUNTAIN FUJI EUR CLO V DESIGNATED ACTIVITY COMPANY",805-7926926607,"BLUEMOUNTAIN FUJI MANAGEMENT, LLC","801-110242","Y"
2009070,"BLUEMOUNTAIN FUJI US CLO I LTD.",805-2580282535,"BLUEMOUNTAIN FUJI MANAGEMENT, LLC","801-110242","Y"
2009070,"BLUEMOUNTAIN FUJI US CLO II LTD.",805-7871893014,"BLUEMOUNTAIN FUJI MANAGEMENT, LLC","801-110242","N"
2009070,"BLUEMOUNTAIN FUJI US CLO III LTD",805-8565876049,"BLUEMOUNTAIN FUJI MANAGEMENT, LLC","801-110242","N"
2008691,"FUND 1",805-5663558974,"BOOTHBAY FUND MANAGEMENT","801-80018","N"
2009467,"HINES RIALTO CREDIT PARTNERS, LP",805-6052125476,"RIALTO CAPITAL MANAGEMENT, LLC","801-74178","Y"
2009247,"STERLING INCOME FUND, LP",805-7012418719,"STERLING ADVISORY SERVICES, INC.","802-76632","N"
2009247,"STERLING STOCK INVESTMENTS, LLC.",805-6107715386,"STERLING ADVISORY SERVICES, INC.","802-76632","N"
2009560,"GUGGENHEIM BETA PLUS SOLUTION FUND SPC - SEGREGATED PORTFOLIO 3",805-7858128430,"GUGGENHEIM PARTNERS INVESTMENT MANAGEMENT, LLC","801-66786","N"
2009560,"GUGGENHEIM BETA PLUS SOLUTION FUND SPC - SEGREGATED PORTFOLIO 4",805-3030404413,"GUGGENHEIM PARTNERS INVESTMENT MANAGEMENT, LLC","801-66786","N"
2009560,"GUGGENHEIM BETA PLUS SOLUTION FUND SPC - SEGREGATED PORTFOLIO 1",805-4445677491,"GUGGENHEIM PARTNERS INVESTMENT MANAGEMENT, LLC","801-66786","N"
2009560,"GUGGENHEIM BETA PLUS SOLUTION FUND SPC - SEGREGATED PORTFOLIO 2",805-3023354480,"GUGGENHEIM PARTNERS INVESTMENT MANAGEMENT, LLC","801-66786","N"
2011511,"MARSHALL WACE INVESTMENT STRATEGIES - EUREKA FUND",805-3462245198,"MARSHALL WACE LLP","802-76358","N"
2011511,"MARSHALL WACE MASTER FUNDS SPC - SP ALPHA PLUS FUND",805-4479025343,"MARSHALL WACE LLP","802-76358","N"
2011530,"MARSHALL WACE INVESTMENT STRATEGIES - EUREKA FUND",805-3462245198,"MARSHALL WACE LLP","802-76358","N"
2011530,"MARSHALL WACE MASTER FUNDS SPC - SP ALPHA PLUS FUND",805-4479025343,"MARSHALL WACE LLP","802-76358","N"
2011742,"AGILITY COMPREHENSIVE SOLUTIONS FUND LP",805-8470318764,"PERELLA WEINBERG PARTNERS CAPITAL MANAGEMENT LP","801-67735","N"
2011799,"CQS CREDIT MULTI ASSET FUND A SUB-FUND OF CQS GLOBAL FUNDS (IRELAND) P.L.C.",805-7685080741,"CQS (UK) LLP","802-107009","N"
2011799,"CQS RCR FUND I MASTER (EL) LP",805-1104032058,"CQS (UK) LLP","802-107009","N"
2011799,"CQS RCR FUND I MASTER (DL) LP",805-8690015726,"CQS (UK) LLP","802-107009","N"
2011799,"CQS RCR II FUND AGGREGATOR, LP",805-1989483911,"CQS (UK) LLP","802-107009","N"
2011799,"CQS RCR FUND II MASTER (EL), LP",805-2430444226,"CQS (UK) LLP","802-107009","N"
2011799,"CQS RCR FUND II MASTER (DL), LP",805-4482594743,"CQS (UK) LLP","802-107009","N"
2010125,"BLUE OWL DIRECT LENDING INSURANCE DEDICATED FUND SERIES INTERESTS OF THE SALI MULTI-SERIES FUND, L.P.",805-7468124633,"SALI FUND SERVICES","801-61702","N"
2010222,"BLUE OWL NET LEASE INSURANCE DEDICATED FUND SERIES INTERESTS OF THE SALI MULTI-SERIES FUND, L.P.",805-6409048613,"SALI FUND SERVICES","801-61702","N"
2010222,"TOWNSEND CORE REAL ESTATE FUND-US, L.P.",805-6715902965,"TOWNSEND HOLDINGS LLC","801-72968","N"
2007532,"PGIM FIXED INCOME EMERGING MARKETS LONG SHORT MASTER FUND LIMITED",805-1612174463,"PGIM, INC.","801-22808","Y"
2007532,"PGIM QUALIFYING INVESTOR FUNDS PLC - PGIM QIF GLOBAL LOAN FUND",805-4807325309,"PGIM, INC.","801-22808","Y"
2007532,"PGIM QUALIFYING INVESTOR FUNDS PLC - PGIM QIF EMERGING MARKET DEBT OPPORTUNITIES FUND",805-6282456147,"PGIM, INC.","801-22808","Y"
2007532,"PGIM FIXED INCOME GLOBAL LIQUIDITY RELATIVE VALUE MASTER FUND LIMITED",805-9695071809,"PGIM, INC.","801-22808","Y"
2007532,"PGIM BROAD MARKET HIGH YIELD BOND FUND LP",805-6146282497,"PGIM, INC.","801-22808","Y"
2007532,"PGIM FIXED INCOME US LIQUIDITY RELATIVE VALUE MASTER FUND LIMITED",805-4912445310,"PGIM, INC.","801-22808","N"
2007532,"CREDIT OPPORTUNITIES FUND PGIM FIXED INCOME ALTERNATIVES MASTER FUND ICAV",805-3670480784,"PGIM, INC.","801-22808","Y"
2007532,"PGIM ABSOLUTE TOTAL RETURN BOND FUND OF THE PRUDENTIAL TRUST COMPANY INSTITUTIONAL BUSINESS TRUST",805-6186737201,"PGIM, INC.","801-22808","Y"
2007532,"PGIM BROAD MARKET HIGH YIELD BOND FUND OF THE PRUDENTIAL TRUST COMPANY INSTITUTIONAL BUSINESS TRUST",805-1155675386,"PGIM, INC.","801-22808","Y"
2007532,"PGIM CORE CONSERVATIVE BOND FUND OF THE PRUDENTIAL TRUST COMPANY INSTITUTIONAL BUSINESS TRUST",805-7448682829,"PGIM, INC.","801-22808","Y"
2007532,"PGIM CORE BOND FUND OF THE PRUDENTIAL TRUST COMPANY INSTITUTIONAL BUSINESS TRUST",805-7899100222,"PGIM, INC.","801-22808","Y"
2007532,"PGIM EMERGING MARKETS DEBT FUND OF THE PRUDENTIAL TRUST COMPANY INSTITUTIONAL BUSINESS TRUST",805-2940464283,"PGIM, INC.","801-22808","N"
2007532,"PGIM HIGH YIELD BOND FUND OF THE PRUDENTIAL TRUST COMPANY INSTITUTIONAL BUSINESS TRUST",805-5303911607,"PGIM, INC.","801-22808","Y"
2007532,"PGIM LONG DURATION GOVERNMANT/CREDIT CONSERVATIVE BOND FUNDS OF THE PRUDENTIAL TRUST COMPANY INSTITUTIONAL BUSINESS TRUST",805-2318382464,"PGIM, INC.","801-22808","Y"
2007532,"PGIM CORE PLUS BOND FUND OF THE PRUDENTIAL TRUST COMPANY INSTITUTIONAL BUSINESS TRUST",805-7465982988,"PGIM, INC.","801-22808","Y"
2007532,"WILLIS TOWERS WATSON GROUP TRUST DIVERSIFIED CREDIT FUND",805-7189977590,"TOWERS WATSON INVESTMENT SERVICES, INC.","801-46008","N"
2007532,"MERCER FFTC US FIXED INCOME INVESTMENT PORTFOLIO LLC",805-8925741904,"MERCER INVESTMENTS LLC","801-63730","N"
2007532,"PGIM ULTRA SHORT BOND FUND OF THE PRUDENTIAL TRUST COMPANY INSTITUTIONAL BUSINESS TRUST",805-5545239961,"PGIM, INC.","801-22808","Y"
2007532,"ALPHA OPPORTUNITIES MASTER SEGREGATED PORTFOLIO",805-7985087280,"PGIM, INC.","801-22808","Y"
2007532,"FICG-PG-I FUND, L.P",805-2455032311,"PGIM, INC.","801-22808","Y"
2007532,"PGIM FIXED INCOME LARGE CAP PRIVATE CREDIT FUND ICAV",805-4138195143,"PGIM, INC.","801-22808","Y"
2007532,"PGIM LARGE CAP PRIVATE CREDIT ELTIF I",805-3383458942,"PGIM, INC.","801-22808","Y"
2007532,"PGIM FIXED INCOME CORE ASSET BASED FINANCE MASTER I LP",805-2822933397,"PGIM, INC.","801-22808","Y"
2006763,"DRYDEN 29 EURO CLO 2013 DAC",805-5981842332,"PGIM LIMITED","801-73882","N"
2006763,"DRYDEN 32 EURO CLO 2014 DAC",805-3580963437,"PGIM LIMITED","801-73882","N"
2006763,"DRYDEN 35 EURO CLO 2014 DAC",805-5343933946,"PGIM LIMITED","801-73882","N"
2006763,"DRYDEN 39 EURO CLO 2015 DAC",805-3967785256,"PGIM LIMITED","801-73882","N"
2006763,"DRYDEN 46 EURO CLO 2016 DAC",805-8195923679,"PGIM LIMITED","801-73882","N"
2006763,"DRYDEN 48 EURO CLO 2016 DAC",805-6523918486,"PGIM LIMITED","801-73882","N"
2006763,"DRYDEN 52 EURO CLO 2017 DAC",805-5915106342,"PGIM LIMITED","801-73882","N"
2006763,"DRYDEN 56 EURO CLO 2017 DAC",805-4218404876,"PGIM LIMITED","801-73882","N"
2006763,"DRYDEN XXVII-R EURO CLO 2017 DAC",805-3893686805,"PGIM LIMITED","801-73882","N"
2006763,"DRYDEN 59 EURO CLO 2017 DAC",805-5724092478,"PGIM LIMITED","801-73882","N"
2006763,"DRYDEN 44 EURO CLO 2015 DAC",805-9708396292,"PGIM LIMITED","801-73882","N"
2006763,"DRYDEN 62 EURO CLO 2017 DAC",805-2392391752,"PGIM LIMITED","801-73882","N"
2006763,"DRYDEN 66 EURO CLO 2018 DAC",805-3391752795,"PGIM LIMITED","801-73882","N"
2006763,"MERCER FFTC US FIXED INCOME INVESTMENT PORTFOLIO LLC",805-8925741904,"MERCER INVESTMENTS LLC","801-63730","N"
2006763,"MERCER ACTIVE LONG CORPORATE FIXED INCOME PORTFOLIO",805-7826615139,"MERCER INVESTMENTS LLC","801-63730","N"
2006763,"WILLIS TOWERS WATSON GROUP TRUST DIVERSIFIED CREDIT FUND",805-7189977590,"TOWERS WATSON INVESTMENT SERVICES, INC.","801-46008","N"
2006763,"DRYDEN 69 EURO CLO 2018 DAC",805-8616384764,"PGIM LIMITED","801-73882","N"
2006763,"DRYDEN 73 EURO CLO 2018 DAC",805-2603572242,"PGIM LIMITED","801-73882","N"
2006763,"DRYDEN 74 EURO CLO 2018 DAC",805-2738111082,"PGIM LIMITED","801-73882","N"
2006763,"DRYDEN 79 EURO CLO 2018 DAC",805-8023120768,"PGIM LIMITED","801-73882","N"
2006763,"DRYDEN 88 EURO CLO DAC",805-5046824348,"PGIM LIMITED","801-73882","N"
2006763,"DRYDEN 89 EURO CLO 2020 DAC",805-8577220312,"PGIM LIMITED","801-73882","N"
2006763,"DRYDEN 91 EURO CLO 2021 DAC",805-3211297747,"PGIM LIMITED","801-73882","N"
2006763,"DRYDEN 96 EURO CLO 2021 DAC",805-9262535409,"PGIM LIMITED","801-73882","N"
2006763,"DRYDEN 103 EURO CLO 2021 DAC",805-6867932919,"PGIM LIMITED","801-73882","N"
2006763,"DRYDEN 111 EURO CLO 2022 DAC",805-3895604305,"PGIM LIMITED","801-73882","N"
2006763,"DRYDEN 124 EURO CLO 2024 DAC",805-3724818219,"PGIM LIMITED","801-73882","N"
2007827,"GP LOW VOLATILITY HEDGED STRATEGIES, LP",805-2491022731,"GRESHAM PARTNERS, LLC","801-54906","N"
2007827,"GP OPPORTUNISTIC GROWTH STRATEGIES, L.P.",805-9802488650,"GRESHAM PARTNERS, LLC","801-54906","N"
2007827,"GP EMERGING MARKET STRATEGIES, L.P.",805-6710057398,"GRESHAM PARTNERS, LLC","801-54906","N"
2007827,"GP GLOBAL EQUITY STRATEGIES, L.P.",805-7990786623,"GRESHAM PARTNERS, LLC","801-54906","N"
2007856,"U.S. CORE-PLUS REAL ESTATE DEBT FUND LP",805-3587932186,"NUVEEN ALTERNATIVES ADVISORS LLC","801-74475","N"
2007856,"PCCP CREDIT XI LUX (PF), SCSP",805-8851109065,"LANGHAM HALL MANAGEMENT SARL","802-116813","N"
2006789,"PGIM USCDF SCSP LP",805-9060886692,"PGIM, INC.","801-22808","Y"
2007789,"BOOTHBAY ABSOLUTE RETURN STRATEGIES, LP",805-5663558974,"BOOTHBAY FUND MANAGEMENT","801-80018","N"
2007789,"BOOTHBAY DIVERSIFIED ALPHA MASTER FUND LP",805-3035644699,"BOOTHBAY FUND MANAGEMENT","801-80018","N"
2007789,"MOLECULE MASTER, LP",805-9090725513,"PAAMCO PRISMA, LLC","801-57416","N"
2007789,"VALENCE8 DIVERSIFIED (CORE) FUND LTD",805-8139071655,"VALENCE8","801-122837","N"
2007789,"BEMAP MASTER FUND LTD.",805-1733608039,"BLACKSTONE ALTERNATIVE ASSET MANAGEMENT L.P.","801-52559","N"
2008965,"CARDINAL ADVISOR SERIES - MULTI-MANAGER INTERNATIONAL EQUITY LP",805-7938242776,"ICAPITAL ADVISORS, LLC","801-106690","Y"
